variant_id,variant_type,n_slots_flipped,flips_applied,messages_flipped,n_events,E_mwh,unwarned_pct_E,short_lead_pct_E,actionable_unacted_pct_E,warned_pct_E,warned_n_events,warned_E_mwh,actionable_n_events,actionable_E_mwh,converter_n_events,converter_E_mwh,converter_same_warned_pct_E,converter_same_warned_n,big_event_bucket,big_event_same_warn,big_event_lead_h,big_event_same_n,delta_actionable_pp,rationale_quotes,is_frozen,is_adverse_joint,is_max_joint
frozen,frozen,0,,,4213,9386.501584975991,83.77688963408325,8.694940872061467,7.528169493855308,16.223110365916774,979,1522.7825116291824,698,706.6317488604076,977,1741.3485003248225,0.0,0,actionable_unacted,True,20.788888888888888,2,0.0,,True,False,False
cable_overload:converter->electrical,single_flip,1,cable_overload:converter->electrical,warning:Cable overload->electrical,4213,9386.501584975991,83.77688963408325,8.694940872061467,7.528169493855308,16.223110365916774,979,1522.7825116291824,698,706.6317488604076,977,1741.3485003248225,0.0,0,actionable_unacted,True,20.788888888888888,2,0.0,"[cable_overload] ""Code 3160 sits in the converter block (3151-3265); read as the converter output cabling. Alternative: electrical.""",False,False,False
high_yaw_load:yaw->external,single_flip,1,high_yaw_load:yaw->external,stop:High yaw load->external,4213,9386.501584975991,83.77688963408325,8.694940872061467,7.528169493855308,16.223110365916774,979,1522.7825116291824,698,706.6317488604076,977,1741.3485003248225,0.0,0,actionable_unacted,True,20.788888888888888,2,0.0,"[high_yaw_load] ""AMBIGUOUS: service category is 'External stop (climate) (6)', which would argue for `external`, but the message and code block (60xx) are yaw. Assigned to yaw; n=1 so the choice is immaterial. Alternative: external.""",False,False,False
high_yaw_load:yaw->external+cable_overload:converter->electrical,joint,2,high_yaw_load:yaw->external|cable_overload:converter->electrical,stop:High yaw load->external|warning:Cable overload->electrical,4213,9386.501584975991,83.77688963408325,8.694940872061467,7.528169493855308,16.223110365916774,979,1522.7825116291824,698,706.6317488604076,977,1741.3485003248225,0.0,0,actionable_unacted,True,20.788888888888888,2,0.0,,False,False,False
no_speed_development:control->pitch,single_flip,1,no_speed_development:control->pitch,stop:No speed development->pitch,4213,9386.501584975991,83.69189528117009,8.694940872061467,7.613163846768464,16.308104718829927,980,1530.7605079125155,699,714.6097451437411,977,1741.3485003248225,0.0,0,actionable_unacted,True,20.788888888888888,2,0.08499435291315649,"[no_speed_development] ""AMBIGUOUS: rotor fails to spin up on start; the physical cause could be pitch, brake or drivetrain. Assigned to `control` (start-up supervisor) precisely because it does not identify a component; n=4. Alternatives: pitch, brake_hydraulic.""",False,False,False
no_speed_development:control->pitch+cable_overload:converter->electrical,joint,2,no_speed_development:control->pitch|cable_overload:converter->electrical,stop:No speed development->pitch|warning:Cable overload->electrical,4213,9386.501584975991,83.69189528117009,8.694940872061467,7.613163846768464,16.308104718829927,980,1530.7605079125155,699,714.6097451437411,977,1741.3485003248225,0.0,0,actionable_unacted,True,20.788888888888888,2,0.08499435291315649,,False,False,False
no_speed_development:control->pitch+high_yaw_load:yaw->external,joint,2,no_speed_development:control->pitch|high_yaw_load:yaw->external,stop:No speed development->pitch|stop:High yaw load->external,4213,9386.501584975991,83.69189528117009,8.694940872061467,7.613163846768464,16.308104718829927,980,1530.7605079125155,699,714.6097451437411,977,1741.3485003248225,0.0,0,actionable_unacted,True,20.788888888888888,2,0.08499435291315649,,False,False,False
joint_3slots,joint,3,no_speed_development:control->pitch|high_yaw_load:yaw->external|cable_overload:converter->electrical,stop:No speed development->pitch|stop:High yaw load->external|warning:Cable overload->electrical,4213,9386.501584975991,83.69189528117009,8.694940872061467,7.613163846768464,16.308104718829927,980,1530.7605079125155,699,714.6097451437411,977,1741.3485003248225,0.0,0,actionable_unacted,True,20.788888888888888,2,0.08499435291315649,,False,False,False
no_speed_development:control->brake_hydraulic,single_flip,1,no_speed_development:control->brake_hydraulic,stop:No speed development->brake_hydraulic,4213,9386.501584975991,83.68721289725073,8.69646400371103,7.616323099038244,16.312787102749272,982,1531.2000199533195,700,714.9062884081172,977,1741.3485003248225,0.0,0,actionable_unacted,True,20.788888888888888,2,0.08815360518293591,"[no_speed_development] ""AMBIGUOUS: rotor fails to spin up on start; the physical cause could be pitch, brake or drivetrain. Assigned to `control` (start-up supervisor) precisely because it does not identify a component; n=4. Alternatives: pitch, brake_hydraulic.""",False,False,False
no_speed_development:control->brake_hydraulic+cable_overload:converter->electrical,joint,2,no_speed_development:control->brake_hydraulic|cable_overload:converter->electrical,stop:No speed development->brake_hydraulic|warning:Cable overload->electrical,4213,9386.501584975991,83.68721289725073,8.69646400371103,7.616323099038244,16.312787102749272,982,1531.2000199533195,700,714.9062884081172,977,1741.3485003248225,0.0,0,actionable_unacted,True,20.788888888888888,2,0.08815360518293591,,False,False,False
no_speed_development:control->brake_hydraulic+high_yaw_load:yaw->external,joint,2,no_speed_development:control->brake_hydraulic|high_yaw_load:yaw->external,stop:No speed development->brake_hydraulic|stop:High yaw load->external,4213,9386.501584975991,83.68721289725073,8.69646400371103,7.616323099038244,16.312787102749272,982,1531.2000199533195,700,714.9062884081172,977,1741.3485003248225,0.0,0,actionable_unacted,True,20.788888888888888,2,0.08815360518293591,,False,False,False
joint_3slots,joint,3,no_speed_development:control->brake_hydraulic|high_yaw_load:yaw->external|cable_overload:converter->electrical,stop:No speed development->brake_hydraulic|stop:High yaw load->external|warning:Cable overload->electrical,4213,9386.501584975991,83.68721289725073,8.69646400371103,7.616323099038244,16.312787102749272,982,1531.2000199533195,700,714.9062884081172,977,1741.3485003248225,0.0,0,actionable_unacted,True,20.788888888888888,2,0.08815360518293591,,False,False,False
wec_shut_down:control->manual,single_flip,1,wec_shut_down:control->manual,stop:WEC shut down->manual,4213,9386.501584975991,86.06775956038295,8.694940872061467,5.237299567555608,13.932240439617077,977,1307.7499696873228,696,491.59920691854785,977,1741.3485003248225,0.0,0,unwarned,False,,0,-2.2908699262997,"[wec_shut_down] ""AMBIGUOUS: generic supervisory shutdown, service category 'WEC Shutdown (1)', no component named. Assigned to `control` rather than `manual` because nothing in the message implies a human action. Alternative: manual.""  NOTE: `manual` is a never-match family, so this flip forces every `WEC shut down` event to UNWARNED. It does NOT change tier membership (see module docstring).",False,False,False
wec_shut_down:control->manual+cable_overload:converter->electrical,joint,2,wec_shut_down:control->manual|cable_overload:converter->electrical,stop:WEC shut down->manual|warning:Cable overload->electrical,4213,9386.501584975991,86.06775956038295,8.694940872061467,5.237299567555608,13.932240439617077,977,1307.7499696873228,696,491.59920691854785,977,1741.3485003248225,0.0,0,unwarned,False,,0,-2.2908699262997,,False,False,False
wec_shut_down:control->manual+high_yaw_load:yaw->external,joint,2,wec_shut_down:control->manual|high_yaw_load:yaw->external,stop:WEC shut down->manual|stop:High yaw load->external,4213,9386.501584975991,86.06775956038295,8.694940872061467,5.237299567555608,13.932240439617077,977,1307.7499696873228,696,491.59920691854785,977,1741.3485003248225,0.0,0,unwarned,False,,0,-2.2908699262997,,False,False,False
joint_3slots,joint,3,wec_shut_down:control->manual|high_yaw_load:yaw->external|cable_overload:converter->electrical,stop:WEC shut down->manual|stop:High yaw load->external|warning:Cable overload->electrical,4213,9386.501584975991,86.06775956038295,8.694940872061467,5.237299567555608,13.932240439617077,977,1307.7499696873228,696,491.59920691854785,977,1741.3485003248225,0.0,0,unwarned,False,,0,-2.2908699262997,,False,False,False
wec_shut_down:control->manual+no_speed_development:control->pitch,joint,2,wec_shut_down:control->manual|no_speed_development:control->pitch,stop:WEC shut down->manual|stop:No speed development->pitch,4213,9386.501584975991,85.9827652074698,8.694940872061467,5.322293920468762,14.01723479253023,978,1315.727965970656,697,499.57720320188116,977,1741.3485003248225,0.0,0,unwarned,False,,0,-2.205875573386546,,False,False,False
joint_3slots,joint,3,wec_shut_down:control->manual|no_speed_development:control->pitch|cable_overload:converter->electrical,stop:WEC shut down->manual|stop:No speed development->pitch|warning:Cable overload->electrical,4213,9386.501584975991,85.9827652074698,8.694940872061467,5.322293920468762,14.01723479253023,978,1315.727965970656,697,499.57720320188116,977,1741.3485003248225,0.0,0,unwarned,False,,0,-2.205875573386546,,False,False,False
joint_3slots,joint,3,wec_shut_down:control->manual|no_speed_development:control->pitch|high_yaw_load:yaw->external,stop:WEC shut down->manual|stop:No speed development->pitch|stop:High yaw load->external,4213,9386.501584975991,85.9827652074698,8.694940872061467,5.322293920468762,14.01723479253023,978,1315.727965970656,697,499.57720320188116,977,1741.3485003248225,0.0,0,unwarned,False,,0,-2.205875573386546,,False,False,False
joint_4slots,joint,4,wec_shut_down:control->manual|no_speed_development:control->pitch|high_yaw_load:yaw->external|cable_overload:converter->electrical,stop:WEC shut down->manual|stop:No speed development->pitch|stop:High yaw load->external|warning:Cable overload->electrical,4213,9386.501584975991,85.9827652074698,8.694940872061467,5.322293920468762,14.01723479253023,978,1315.727965970656,697,499.57720320188116,977,1741.3485003248225,0.0,0,unwarned,False,,0,-2.205875573386546,,False,False,False
wec_shut_down:control->manual+no_speed_development:control->brake_hydraulic,joint,2,wec_shut_down:control->manual|no_speed_development:control->brake_hydraulic,stop:WEC shut down->manual|stop:No speed development->brake_hydraulic,4213,9386.501584975991,85.97808282355044,8.69646400371103,5.325453172738542,14.021917176449575,980,1316.16747801146,698,499.87374646625744,977,1741.3485003248225,0.0,0,unwarned,False,,0,-2.2027163211167657,,False,False,False
joint_3slots,joint,3,wec_shut_down:control->manual|no_speed_development:control->brake_hydraulic|cable_overload:converter->electrical,stop:WEC shut down->manual|stop:No speed development->brake_hydraulic|warning:Cable overload->electrical,4213,9386.501584975991,85.97808282355044,8.69646400371103,5.325453172738542,14.021917176449575,980,1316.16747801146,698,499.87374646625744,977,1741.3485003248225,0.0,0,unwarned,False,,0,-2.2027163211167657,,False,False,False
joint_3slots,joint,3,wec_shut_down:control->manual|no_speed_development:control->brake_hydraulic|high_yaw_load:yaw->external,stop:WEC shut down->manual|stop:No speed development->brake_hydraulic|stop:High yaw load->external,4213,9386.501584975991,85.97808282355044,8.69646400371103,5.325453172738542,14.021917176449575,980,1316.16747801146,698,499.87374646625744,977,1741.3485003248225,0.0,0,unwarned,False,,0,-2.2027163211167657,,False,False,False
joint_4slots,joint,4,wec_shut_down:control->manual|no_speed_development:control->brake_hydraulic|high_yaw_load:yaw->external|cable_overload:converter->electrical,stop:WEC shut down->manual|stop:No speed development->brake_hydraulic|stop:High yaw load->external|warning:Cable overload->electrical,4213,9386.501584975991,85.97808282355044,8.69646400371103,5.325453172738542,14.021917176449575,980,1316.16747801146,698,499.87374646625744,977,1741.3485003248225,0.0,0,unwarned,False,,0,-2.2027163211167657,,False,False,False
current_asymmetry:converter->generator,single_flip,1,current_asymmetry:converter->generator,stop:Current asymmetry->generator,4213,9386.501584975991,83.77688963408325,8.694940872061467,7.528169493855308,16.223110365916774,979,1522.7825116291824,698,706.6317488604076,946,1696.3201041110958,0.0,0,actionable_unacted,True,20.788888888888888,2,0.0,"[current_asymmetry] ""AMBIGUOUS: service category 'Generator and Converter errors (20)' does not separate the two. Code 3555 sits in the 3xxx converter/switchgear block (generator faults are 2xxx), so assigned to converter. Alternative: generator.""",False,False,False
current_asymmetry:converter->generator+cable_overload:converter->electrical,joint,2,current_asymmetry:converter->generator|cable_overload:converter->electrical,stop:Current asymmetry->generator|warning:Cable overload->electrical,4213,9386.501584975991,83.77688963408325,8.694940872061467,7.528169493855308,16.223110365916774,979,1522.7825116291824,698,706.6317488604076,946,1696.3201041110958,0.0,0,actionable_unacted,True,20.788888888888888,2,0.0,,False,False,False
current_asymmetry:converter->generator+high_yaw_load:yaw->external,joint,2,current_asymmetry:converter->generator|high_yaw_load:yaw->external,stop:Current asymmetry->generator|stop:High yaw load->external,4213,9386.501584975991,83.77688963408325,8.694940872061467,7.528169493855308,16.223110365916774,979,1522.7825116291824,698,706.6317488604076,946,1696.3201041110958,0.0,0,actionable_unacted,True,20.788888888888888,2,0.0,,False,False,False
joint_3slots,joint,3,current_asymmetry:converter->generator|high_yaw_load:yaw->external|cable_overload:converter->electrical,stop:Current asymmetry->generator|stop:High yaw load->external|warning:Cable overload->electrical,4213,9386.501584975991,83.77688963408325,8.694940872061467,7.528169493855308,16.223110365916774,979,1522.7825116291824,698,706.6317488604076,946,1696.3201041110958,0.0,0,actionable_unacted,True,20.788888888888888,2,0.0,,False,False,False
current_asymmetry:converter->generator+no_speed_development:control->pitch,joint,2,current_asymmetry:converter->generator|no_speed_development:control->pitch,stop:Current asymmetry->generator|stop:No speed development->pitch,4213,9386.501584975991,83.69189528117009,8.694940872061467,7.613163846768464,16.308104718829927,980,1530.7605079125155,699,714.6097451437411,946,1696.3201041110958,0.0,0,actionable_unacted,True,20.788888888888888,2,0.08499435291315649,,False,False,False
joint_3slots,joint,3,current_asymmetry:converter->generator|no_speed_development:control->pitch|cable_overload:converter->electrical,stop:Current asymmetry->generator|stop:No speed development->pitch|warning:Cable overload->electrical,4213,9386.501584975991,83.69189528117009,8.694940872061467,7.613163846768464,16.308104718829927,980,1530.7605079125155,699,714.6097451437411,946,1696.3201041110958,0.0,0,actionable_unacted,True,20.788888888888888,2,0.08499435291315649,,False,False,False
joint_3slots,joint,3,current_asymmetry:converter->generator|no_speed_development:control->pitch|high_yaw_load:yaw->external,stop:Current asymmetry->generator|stop:No speed development->pitch|stop:High yaw load->external,4213,9386.501584975991,83.69189528117009,8.694940872061467,7.613163846768464,16.308104718829927,980,1530.7605079125155,699,714.6097451437411,946,1696.3201041110958,0.0,0,actionable_unacted,True,20.788888888888888,2,0.08499435291315649,,False,False,False
joint_4slots,joint,4,current_asymmetry:converter->generator|no_speed_development:control->pitch|high_yaw_load:yaw->external|cable_overload:converter->electrical,stop:Current asymmetry->generator|stop:No speed development->pitch|stop:High yaw load->external|warning:Cable overload->electrical,4213,9386.501584975991,83.69189528117009,8.694940872061467,7.613163846768464,16.308104718829927,980,1530.7605079125155,699,714.6097451437411,946,1696.3201041110958,0.0,0,actionable_unacted,True,20.788888888888888,2,0.08499435291315649,,False,False,False
current_asymmetry:converter->generator+no_speed_development:control->brake_hydraulic,joint,2,current_asymmetry:converter->generator|no_speed_development:control->brake_hydraulic,stop:Current asymmetry->generator|stop:No speed development->brake_hydraulic,4213,9386.501584975991,83.68721289725073,8.69646400371103,7.616323099038244,16.312787102749272,982,1531.2000199533195,700,714.9062884081172,946,1696.3201041110958,0.0,0,actionable_unacted,True,20.788888888888888,2,0.08815360518293591,,False,False,False
joint_3slots,joint,3,current_asymmetry:converter->generator|no_speed_development:control->brake_hydraulic|cable_overload:converter->electrical,stop:Current asymmetry->generator|stop:No speed development->brake_hydraulic|warning:Cable overload->electrical,4213,9386.501584975991,83.68721289725073,8.69646400371103,7.616323099038244,16.312787102749272,982,1531.2000199533195,700,714.9062884081172,946,1696.3201041110958,0.0,0,actionable_unacted,True,20.788888888888888,2,0.08815360518293591,,False,False,False
joint_3slots,joint,3,current_asymmetry:converter->generator|no_speed_development:control->brake_hydraulic|high_yaw_load:yaw->external,stop:Current asymmetry->generator|stop:No speed development->brake_hydraulic|stop:High yaw load->external,4213,9386.501584975991,83.68721289725073,8.69646400371103,7.616323099038244,16.312787102749272,982,1531.2000199533195,700,714.9062884081172,946,1696.3201041110958,0.0,0,actionable_unacted,True,20.788888888888888,2,0.08815360518293591,,False,False,False
joint_4slots,joint,4,current_asymmetry:converter->generator|no_speed_development:control->brake_hydraulic|high_yaw_load:yaw->external|cable_overload:converter->electrical,stop:Current asymmetry->generator|stop:No speed development->brake_hydraulic|stop:High yaw load->external|warning:Cable overload->electrical,4213,9386.501584975991,83.68721289725073,8.69646400371103,7.616323099038244,16.312787102749272,982,1531.2000199533195,700,714.9062884081172,946,1696.3201041110958,0.0,0,actionable_unacted,True,20.788888888888888,2,0.08815360518293591,,False,False,False
current_asymmetry:converter->generator+wec_shut_down:control->manual,joint,2,current_asymmetry:converter->generator|wec_shut_down:control->manual,stop:Current asymmetry->generator|stop:WEC shut down->manual,4213,9386.501584975991,86.06775956038295,8.694940872061467,5.237299567555608,13.932240439617077,977,1307.7499696873228,696,491.59920691854785,946,1696.3201041110958,0.0,0,unwarned,False,,0,-2.2908699262997,,False,False,False
joint_3slots,joint,3,current_asymmetry:converter->generator|wec_shut_down:control->manual|cable_overload:converter->electrical,stop:Current asymmetry->generator|stop:WEC shut down->manual|warning:Cable overload->electrical,4213,9386.501584975991,86.06775956038295,8.694940872061467,5.237299567555608,13.932240439617077,977,1307.7499696873228,696,491.59920691854785,946,1696.3201041110958,0.0,0,unwarned,False,,0,-2.2908699262997,,False,False,False
joint_3slots,joint,3,current_asymmetry:converter->generator|wec_shut_down:control->manual|high_yaw_load:yaw->external,stop:Current asymmetry->generator|stop:WEC shut down->manual|stop:High yaw load->external,4213,9386.501584975991,86.06775956038295,8.694940872061467,5.237299567555608,13.932240439617077,977,1307.7499696873228,696,491.59920691854785,946,1696.3201041110958,0.0,0,unwarned,False,,0,-2.2908699262997,,False,False,False
joint_4slots,joint,4,current_asymmetry:converter->generator|wec_shut_down:control->manual|high_yaw_load:yaw->external|cable_overload:converter->electrical,stop:Current asymmetry->generator|stop:WEC shut down->manual|stop:High yaw load->external|warning:Cable overload->electrical,4213,9386.501584975991,86.06775956038295,8.694940872061467,5.237299567555608,13.932240439617077,977,1307.7499696873228,696,491.59920691854785,946,1696.3201041110958,0.0,0,unwarned,False,,0,-2.2908699262997,,False,False,False
joint_3slots,joint,3,current_asymmetry:converter->generator|wec_shut_down:control->manual|no_speed_development:control->pitch,stop:Current asymmetry->generator|stop:WEC shut down->manual|stop:No speed development->pitch,4213,9386.501584975991,85.9827652074698,8.694940872061467,5.322293920468762,14.01723479253023,978,1315.727965970656,697,499.57720320188116,946,1696.3201041110958,0.0,0,unwarned,False,,0,-2.205875573386546,,False,False,False
joint_4slots,joint,4,current_asymmetry:converter->generator|wec_shut_down:control->manual|no_speed_development:control->pitch|cable_overload:converter->electrical,stop:Current asymmetry->generator|stop:WEC shut down->manual|stop:No speed development->pitch|warning:Cable overload->electrical,4213,9386.501584975991,85.9827652074698,8.694940872061467,5.322293920468762,14.01723479253023,978,1315.727965970656,697,499.57720320188116,946,1696.3201041110958,0.0,0,unwarned,False,,0,-2.205875573386546,,False,False,False
joint_4slots,joint,4,current_asymmetry:converter->generator|wec_shut_down:control->manual|no_speed_development:control->pitch|high_yaw_load:yaw->external,stop:Current asymmetry->generator|stop:WEC shut down->manual|stop:No speed development->pitch|stop:High yaw load->external,4213,9386.501584975991,85.9827652074698,8.694940872061467,5.322293920468762,14.01723479253023,978,1315.727965970656,697,499.57720320188116,946,1696.3201041110958,0.0,0,unwarned,False,,0,-2.205875573386546,,False,False,False
joint_5slots,joint,5,current_asymmetry:converter->generator|wec_shut_down:control->manual|no_speed_development:control->pitch|high_yaw_load:yaw->external|cable_overload:converter->electrical,stop:Current asymmetry->generator|stop:WEC shut down->manual|stop:No speed development->pitch|stop:High yaw load->external|warning:Cable overload->electrical,4213,9386.501584975991,85.9827652074698,8.694940872061467,5.322293920468762,14.01723479253023,978,1315.727965970656,697,499.57720320188116,946,1696.3201041110958,0.0,0,unwarned,False,,0,-2.205875573386546,,False,False,False
joint_3slots,joint,3,current_asymmetry:converter->generator|wec_shut_down:control->manual|no_speed_development:control->brake_hydraulic,stop:Current asymmetry->generator|stop:WEC shut down->manual|stop:No speed development->brake_hydraulic,4213,9386.501584975991,85.97808282355044,8.69646400371103,5.325453172738542,14.021917176449575,980,1316.16747801146,698,499.87374646625744,946,1696.3201041110958,0.0,0,unwarned,False,,0,-2.2027163211167657,,False,False,False
joint_4slots,joint,4,current_asymmetry:converter->generator|wec_shut_down:control->manual|no_speed_development:control->brake_hydraulic|cable_overload:converter->electrical,stop:Current asymmetry->generator|stop:WEC shut down->manual|stop:No speed development->brake_hydraulic|warning:Cable overload->electrical,4213,9386.501584975991,85.97808282355044,8.69646400371103,5.325453172738542,14.021917176449575,980,1316.16747801146,698,499.87374646625744,946,1696.3201041110958,0.0,0,unwarned,False,,0,-2.2027163211167657,,False,False,False
joint_4slots,joint,4,current_asymmetry:converter->generator|wec_shut_down:control->manual|no_speed_development:control->brake_hydraulic|high_yaw_load:yaw->external,stop:Current asymmetry->generator|stop:WEC shut down->manual|stop:No speed development->brake_hydraulic|stop:High yaw load->external,4213,9386.501584975991,85.97808282355044,8.69646400371103,5.325453172738542,14.021917176449575,980,1316.16747801146,698,499.87374646625744,946,1696.3201041110958,0.0,0,unwarned,False,,0,-2.2027163211167657,,False,False,False
joint_5slots,joint,5,current_asymmetry:converter->generator|wec_shut_down:control->manual|no_speed_development:control->brake_hydraulic|high_yaw_load:yaw->external|cable_overload:converter->electrical,stop:Current asymmetry->generator|stop:WEC shut down->manual|stop:No speed development->brake_hydraulic|stop:High yaw load->external|warning:Cable overload->electrical,4213,9386.501584975991,85.97808282355044,8.69646400371103,5.325453172738542,14.021917176449575,980,1316.16747801146,698,499.87374646625744,946,1696.3201041110958,0.0,0,unwarned,False,,0,-2.2027163211167657,,False,False,False
cms_drivetrain:comms->drivetrain,single_flip,1,cms_drivetrain:comms->drivetrain,warning:Comm.err. IEC server <- CMS drive tr.->drivetrain|warning:Comm.err. IEC client -> CMS drive tr.->drivetrain|warning:CMS drive train system error->drivetrain,4213,9386.501584975991,83.74240460927378,8.695821233837933,7.561774156888306,16.25759539072624,993,1526.0194490295023,708,709.7860510886258,977,1741.3485003248225,0.0,0,actionable_unacted,True,20.788888888888888,2,0.033604663032997806,"[cms_drivetrain] ""AMBIGUOUS: the condition-monitoring (CMS) link for the drivetrain. Assigned to `comms` because the message reports the monitoring channel failing, not a drivetrain fault - the conservative reading. Alternative: drivetrain.""  The other two rows read ""As above. Alternative: drivetrain."" / ""As above - the CMS itself errors. Alternative: drivetrain.""",False,False,False
cms_drivetrain:comms->drivetrain+cable_overload:converter->electrical,joint,2,cms_drivetrain:comms->drivetrain|cable_overload:converter->electrical,warning:Comm.err. IEC server <- CMS drive tr.->drivetrain|warning:Comm.err. IEC client -> CMS drive tr.->drivetrain|warning:CMS drive train system error->drivetrain|warning:Cable overload->electrical,4213,9386.501584975991,83.74240460927378,8.695821233837933,7.561774156888306,16.25759539072624,993,1526.0194490295023,708,709.7860510886258,977,1741.3485003248225,0.0,0,actionable_unacted,True,20.788888888888888,2,0.033604663032997806,,False,False,False
cms_drivetrain:comms->drivetrain+high_yaw_load:yaw->external,joint,2,cms_drivetrain:comms->drivetrain|high_yaw_load:yaw->external,warning:Comm.err. IEC server <- CMS drive tr.->drivetrain|warning:Comm.err. IEC client -> CMS drive tr.->drivetrain|warning:CMS drive train system error->drivetrain|stop:High yaw load->external,4213,9386.501584975991,83.74240460927378,8.695821233837933,7.561774156888306,16.25759539072624,993,1526.0194490295023,708,709.7860510886258,977,1741.3485003248225,0.0,0,actionable_unacted,True,20.788888888888888,2,0.033604663032997806,,False,False,False
joint_3slots,joint,3,cms_drivetrain:comms->drivetrain|high_yaw_load:yaw->external|cable_overload:converter->electrical,warning:Comm.err. IEC server <- CMS drive tr.->drivetrain|warning:Comm.err. IEC client -> CMS drive tr.->drivetrain|warning:CMS drive train system error->drivetrain|stop:High yaw load->external|warning:Cable overload->electrical,4213,9386.501584975991,83.74240460927378,8.695821233837933,7.561774156888306,16.25759539072624,993,1526.0194490295023,708,709.7860510886258,977,1741.3485003248225,0.0,0,actionable_unacted,True,20.788888888888888,2,0.033604663032997806,,False,False,False
cms_drivetrain:comms->drivetrain+no_speed_development:control->pitch,joint,2,cms_drivetrain:comms->drivetrain|no_speed_development:control->pitch,warning:Comm.err. IEC server <- CMS drive tr.->drivetrain|warning:Comm.err. IEC client -> CMS drive tr.->drivetrain|warning:CMS drive train system error->drivetrain|stop:No speed development->pitch,4213,9386.501584975991,83.65741025636062,8.695821233837933,7.646768509801461,16.342589743639394,994,1533.9974453128357,709,717.7640473719591,977,1741.3485003248225,0.0,0,actionable_unacted,True,20.788888888888888,2,0.11859901594615341,,False,False,False
joint_3slots,joint,3,cms_drivetrain:comms->drivetrain|no_speed_development:control->pitch|cable_overload:converter->electrical,warning:Comm.err. IEC server <- CMS drive tr.->drivetrain|warning:Comm.err. IEC client -> CMS drive tr.->drivetrain|warning:CMS drive train system error->drivetrain|stop:No speed development->pitch|warning:Cable overload->electrical,4213,9386.501584975991,83.65741025636062,8.695821233837933,7.646768509801461,16.342589743639394,994,1533.9974453128357,709,717.7640473719591,977,1741.3485003248225,0.0,0,actionable_unacted,True,20.788888888888888,2,0.11859901594615341,,False,False,False
joint_3slots,joint,3,cms_drivetrain:comms->drivetrain|no_speed_development:control->pitch|high_yaw_load:yaw->external,warning:Comm.err. IEC server <- CMS drive tr.->drivetrain|warning:Comm.err. IEC client -> CMS drive tr.->drivetrain|warning:CMS drive train system error->drivetrain|stop:No speed development->pitch|stop:High yaw load->external,4213,9386.501584975991,83.65741025636062,8.695821233837933,7.646768509801461,16.342589743639394,994,1533.9974453128357,709,717.7640473719591,977,1741.3485003248225,0.0,0,actionable_unacted,True,20.788888888888888,2,0.11859901594615341,,False,False,False
joint_4slots,joint,4,cms_drivetrain:comms->drivetrain|no_speed_development:control->pitch|high_yaw_load:yaw->external|cable_overload:converter->electrical,warning:Comm.err. IEC server <- CMS drive tr.->drivetrain|warning:Comm.err. IEC client -> CMS drive tr.->drivetrain|warning:CMS drive train system error->drivetrain|stop:No speed development->pitch|stop:High yaw load->external|warning:Cable overload->electrical,4213,9386.501584975991,83.65741025636062,8.695821233837933,7.646768509801461,16.342589743639394,994,1533.9974453128357,709,717.7640473719591,977,1741.3485003248225,0.0,0,actionable_unacted,True,20.788888888888888,2,0.11859901594615341,,False,False,False
cms_drivetrain:comms->drivetrain+no_speed_development:control->brake_hydraulic,joint,2,cms_drivetrain:comms->drivetrain|no_speed_development:control->brake_hydraulic,warning:Comm.err. IEC server <- CMS drive tr.->drivetrain|warning:Comm.err. IEC client -> CMS drive tr.->drivetrain|warning:CMS drive train system error->drivetrain|stop:No speed development->brake_hydraulic,4213,9386.501584975991,83.65272787244126,8.697344365487496,7.6499277620712425,16.34727212755874,996,1534.4369573536394,710,718.0605906363355,977,1741.3485003248225,0.0,0,actionable_unacted,True,20.788888888888888,2,0.1217582682159346,,False,False,False
joint_3slots,joint,3,cms_drivetrain:comms->drivetrain|no_speed_development:control->brake_hydraulic|cable_overload:converter->electrical,warning:Comm.err. IEC server <- CMS drive tr.->drivetrain|warning:Comm.err. IEC client -> CMS drive tr.->drivetrain|warning:CMS drive train system error->drivetrain|stop:No speed development->brake_hydraulic|warning:Cable overload->electrical,4213,9386.501584975991,83.65272787244126,8.697344365487496,7.6499277620712425,16.34727212755874,996,1534.4369573536394,710,718.0605906363355,977,1741.3485003248225,0.0,0,actionable_unacted,True,20.788888888888888,2,0.1217582682159346,,False,False,False
joint_3slots,joint,3,cms_drivetrain:comms->drivetrain|no_speed_development:control->brake_hydraulic|high_yaw_load:yaw->external,warning:Comm.err. IEC server <- CMS drive tr.->drivetrain|warning:Comm.err. IEC client -> CMS drive tr.->drivetrain|warning:CMS drive train system error->drivetrain|stop:No speed development->brake_hydraulic|stop:High yaw load->external,4213,9386.501584975991,83.65272787244126,8.697344365487496,7.6499277620712425,16.34727212755874,996,1534.4369573536394,710,718.0605906363355,977,1741.3485003248225,0.0,0,actionable_unacted,True,20.788888888888888,2,0.1217582682159346,,False,False,False
joint_4slots,joint,4,cms_drivetrain:comms->drivetrain|no_speed_development:control->brake_hydraulic|high_yaw_load:yaw->external|cable_overload:converter->electrical,warning:Comm.err. IEC server <- CMS drive tr.->drivetrain|warning:Comm.err. IEC client -> CMS drive tr.->drivetrain|warning:CMS drive train system error->drivetrain|stop:No speed development->brake_hydraulic|stop:High yaw load->external|warning:Cable overload->electrical,4213,9386.501584975991,83.65272787244126,8.697344365487496,7.6499277620712425,16.34727212755874,996,1534.4369573536394,710,718.0605906363355,977,1741.3485003248225,0.0,0,actionable_unacted,True,20.788888888888888,2,0.1217582682159346,,False,False,False
cms_drivetrain:comms->drivetrain+wec_shut_down:control->manual,joint,2,cms_drivetrain:comms->drivetrain|wec_shut_down:control->manual,warning:Comm.err. IEC server <- CMS drive tr.->drivetrain|warning:Comm.err. IEC client -> CMS drive tr.->drivetrain|warning:CMS drive train system error->drivetrain|stop:WEC shut down->manual,4213,9386.501584975991,86.03327453557348,8.695821233837933,5.270904230588605,13.966725464426538,991,1310.9869070876425,706,494.753509146766,977,1741.3485003248225,0.0,0,unwarned,False,,0,-2.257265263266703,,False,False,False
joint_3slots,joint,3,cms_drivetrain:comms->drivetrain|wec_shut_down:control->manual|cable_overload:converter->electrical,warning:Comm.err. IEC server <- CMS drive tr.->drivetrain|warning:Comm.err. IEC client -> CMS drive tr.->drivetrain|warning:CMS drive train system error->drivetrain|stop:WEC shut down->manual|warning:Cable overload->electrical,4213,9386.501584975991,86.03327453557348,8.695821233837933,5.270904230588605,13.966725464426538,991,1310.9869070876425,706,494.753509146766,977,1741.3485003248225,0.0,0,unwarned,False,,0,-2.257265263266703,,False,False,False
joint_3slots,joint,3,cms_drivetrain:comms->drivetrain|wec_shut_down:control->manual|high_yaw_load:yaw->external,warning:Comm.err. IEC server <- CMS drive tr.->drivetrain|warning:Comm.err. IEC client -> CMS drive tr.->drivetrain|warning:CMS drive train system error->drivetrain|stop:WEC shut down->manual|stop:High yaw load->external,4213,9386.501584975991,86.03327453557348,8.695821233837933,5.270904230588605,13.966725464426538,991,1310.9869070876425,706,494.753509146766,977,1741.3485003248225,0.0,0,unwarned,False,,0,-2.257265263266703,,False,False,False
joint_4slots,joint,4,cms_drivetrain:comms->drivetrain|wec_shut_down:control->manual|high_yaw_load:yaw->external|cable_overload:converter->electrical,warning:Comm.err. IEC server <- CMS drive tr.->drivetrain|warning:Comm.err. IEC client -> CMS drive tr.->drivetrain|warning:CMS drive train system error->drivetrain|stop:WEC shut down->manual|stop:High yaw load->external|warning:Cable overload->electrical,4213,9386.501584975991,86.03327453557348,8.695821233837933,5.270904230588605,13.966725464426538,991,1310.9869070876425,706,494.753509146766,977,1741.3485003248225,0.0,0,unwarned,False,,0,-2.257265263266703,,False,False,False
joint_3slots,joint,3,cms_drivetrain:comms->drivetrain|wec_shut_down:control->manual|no_speed_development:control->pitch,warning:Comm.err. IEC server <- CMS drive tr.->drivetrain|warning:Comm.err. IEC client -> CMS drive tr.->drivetrain|warning:CMS drive train system error->drivetrain|stop:WEC shut down->manual|stop:No speed development->pitch,4213,9386.501584975991,85.94828018266033,8.695821233837933,5.35589858350176,14.051719817339691,992,1318.9649033709757,707,502.73150543009933,977,1741.3485003248225,0.0,0,unwarned,False,,0,-2.1722709103535482,,False,False,False
joint_4slots,joint,4,cms_drivetrain:comms->drivetrain|wec_shut_down:control->manual|no_speed_development:control->pitch|cable_overload:converter->electrical,warning:Comm.err. IEC server <- CMS drive tr.->drivetrain|warning:Comm.err. IEC client -> CMS drive tr.->drivetrain|warning:CMS drive train system error->drivetrain|stop:WEC shut down->manual|stop:No speed development->pitch|warning:Cable overload->electrical,4213,9386.501584975991,85.94828018266033,8.695821233837933,5.35589858350176,14.051719817339691,992,1318.9649033709757,707,502.73150543009933,977,1741.3485003248225,0.0,0,unwarned,False,,0,-2.1722709103535482,,False,False,False
joint_4slots,joint,4,cms_drivetrain:comms->drivetrain|wec_shut_down:control->manual|no_speed_development:control->pitch|high_yaw_load:yaw->external,warning:Comm.err. IEC server <- CMS drive tr.->drivetrain|warning:Comm.err. IEC client -> CMS drive tr.->drivetrain|warning:CMS drive train system error->drivetrain|stop:WEC shut down->manual|stop:No speed development->pitch|stop:High yaw load->external,4213,9386.501584975991,85.94828018266033,8.695821233837933,5.35589858350176,14.051719817339691,992,1318.9649033709757,707,502.73150543009933,977,1741.3485003248225,0.0,0,unwarned,False,,0,-2.1722709103535482,,False,False,False
joint_5slots,joint,5,cms_drivetrain:comms->drivetrain|wec_shut_down:control->manual|no_speed_development:control->pitch|high_yaw_load:yaw->external|cable_overload:converter->electrical,warning:Comm.err. IEC server <- CMS drive tr.->drivetrain|warning:Comm.err. IEC client -> CMS drive tr.->drivetrain|warning:CMS drive train system error->drivetrain|stop:WEC shut down->manual|stop:No speed development->pitch|stop:High yaw load->external|warning:Cable overload->electrical,4213,9386.501584975991,85.94828018266033,8.695821233837933,5.35589858350176,14.051719817339691,992,1318.9649033709757,707,502.73150543009933,977,1741.3485003248225,0.0,0,unwarned,False,,0,-2.1722709103535482,,False,False,False
joint_3slots,joint,3,cms_drivetrain:comms->drivetrain|wec_shut_down:control->manual|no_speed_development:control->brake_hydraulic,warning:Comm.err. IEC server <- CMS drive tr.->drivetrain|warning:Comm.err. IEC client -> CMS drive tr.->drivetrain|warning:CMS drive train system error->drivetrain|stop:WEC shut down->manual|stop:No speed development->brake_hydraulic,4213,9386.501584975991,85.94359779874098,8.697344365487496,5.359057835771539,14.056402201259036,994,1319.4044154117796,708,503.0280486944756,977,1741.3485003248225,0.0,0,unwarned,False,,0,-2.169111658083769,,False,False,False
joint_4slots,joint,4,cms_drivetrain:comms->drivetrain|wec_shut_down:control->manual|no_speed_development:control->brake_hydraulic|cable_overload:converter->electrical,warning:Comm.err. IEC server <- CMS drive tr.->drivetrain|warning:Comm.err. IEC client -> CMS drive tr.->drivetrain|warning:CMS drive train system error->drivetrain|stop:WEC shut down->manual|stop:No speed development->brake_hydraulic|warning:Cable overload->electrical,4213,9386.501584975991,85.94359779874098,8.697344365487496,5.359057835771539,14.056402201259036,994,1319.4044154117796,708,503.0280486944756,977,1741.3485003248225,0.0,0,unwarned,False,,0,-2.169111658083769,,False,False,False
joint_4slots,joint,4,cms_drivetrain:comms->drivetrain|wec_shut_down:control->manual|no_speed_development:control->brake_hydraulic|high_yaw_load:yaw->external,warning:Comm.err. IEC server <- CMS drive tr.->drivetrain|warning:Comm.err. IEC client -> CMS drive tr.->drivetrain|warning:CMS drive train system error->drivetrain|stop:WEC shut down->manual|stop:No speed development->brake_hydraulic|stop:High yaw load->external,4213,9386.501584975991,85.94359779874098,8.697344365487496,5.359057835771539,14.056402201259036,994,1319.4044154117796,708,503.0280486944756,977,1741.3485003248225,0.0,0,unwarned,False,,0,-2.169111658083769,,False,False,False
joint_5slots,joint,5,cms_drivetrain:comms->drivetrain|wec_shut_down:control->manual|no_speed_development:control->brake_hydraulic|high_yaw_load:yaw->external|cable_overload:converter->electrical,warning:Comm.err. IEC server <- CMS drive tr.->drivetrain|warning:Comm.err. IEC client -> CMS drive tr.->drivetrain|warning:CMS drive train system error->drivetrain|stop:WEC shut down->manual|stop:No speed development->brake_hydraulic|stop:High yaw load->external|warning:Cable overload->electrical,4213,9386.501584975991,85.94359779874098,8.697344365487496,5.359057835771539,14.056402201259036,994,1319.4044154117796,708,503.0280486944756,977,1741.3485003248225,0.0,0,unwarned,False,,0,-2.169111658083769,,False,False,False
cms_drivetrain:comms->drivetrain+current_asymmetry:converter->generator,joint,2,cms_drivetrain:comms->drivetrain|current_asymmetry:converter->generator,warning:Comm.err. IEC server <- CMS drive tr.->drivetrain|warning:Comm.err. IEC client -> CMS drive tr.->drivetrain|warning:CMS drive train system error->drivetrain|stop:Current asymmetry->generator,4213,9386.501584975991,83.74240460927378,8.695821233837933,7.561774156888306,16.25759539072624,993,1526.0194490295023,708,709.7860510886258,946,1696.3201041110958,0.0,0,actionable_unacted,True,20.788888888888888,2,0.033604663032997806,,False,False,False
joint_3slots,joint,3,cms_drivetrain:comms->drivetrain|current_asymmetry:converter->generator|cable_overload:converter->electrical,warning:Comm.err. IEC server <- CMS drive tr.->drivetrain|warning:Comm.err. IEC client -> CMS drive tr.->drivetrain|warning:CMS drive train system error->drivetrain|stop:Current asymmetry->generator|warning:Cable overload->electrical,4213,9386.501584975991,83.74240460927378,8.695821233837933,7.561774156888306,16.25759539072624,993,1526.0194490295023,708,709.7860510886258,946,1696.3201041110958,0.0,0,actionable_unacted,True,20.788888888888888,2,0.033604663032997806,,False,False,False
joint_3slots,joint,3,cms_drivetrain:comms->drivetrain|current_asymmetry:converter->generator|high_yaw_load:yaw->external,warning:Comm.err. IEC server <- CMS drive tr.->drivetrain|warning:Comm.err. IEC client -> CMS drive tr.->drivetrain|warning:CMS drive train system error->drivetrain|stop:Current asymmetry->generator|stop:High yaw load->external,4213,9386.501584975991,83.74240460927378,8.695821233837933,7.561774156888306,16.25759539072624,993,1526.0194490295023,708,709.7860510886258,946,1696.3201041110958,0.0,0,actionable_unacted,True,20.788888888888888,2,0.033604663032997806,,False,False,False
joint_4slots,joint,4,cms_drivetrain:comms->drivetrain|current_asymmetry:converter->generator|high_yaw_load:yaw->external|cable_overload:converter->electrical,warning:Comm.err. IEC server <- CMS drive tr.->drivetrain|warning:Comm.err. IEC client -> CMS drive tr.->drivetrain|warning:CMS drive train system error->drivetrain|stop:Current asymmetry->generator|stop:High yaw load->external|warning:Cable overload->electrical,4213,9386.501584975991,83.74240460927378,8.695821233837933,7.561774156888306,16.25759539072624,993,1526.0194490295023,708,709.7860510886258,946,1696.3201041110958,0.0,0,actionable_unacted,True,20.788888888888888,2,0.033604663032997806,,False,False,False
joint_3slots,joint,3,cms_drivetrain:comms->drivetrain|current_asymmetry:converter->generator|no_speed_development:control->pitch,warning:Comm.err. IEC server <- CMS drive tr.->drivetrain|warning:Comm.err. IEC client -> CMS drive tr.->drivetrain|warning:CMS drive train system error->drivetrain|stop:Current asymmetry->generator|stop:No speed development->pitch,4213,9386.501584975991,83.65741025636062,8.695821233837933,7.646768509801461,16.342589743639394,994,1533.9974453128357,709,717.7640473719591,946,1696.3201041110958,0.0,0,actionable_unacted,True,20.788888888888888,2,0.11859901594615341,,False,False,False
joint_4slots,joint,4,cms_drivetrain:comms->drivetrain|current_asymmetry:converter->generator|no_speed_development:control->pitch|cable_overload:converter->electrical,warning:Comm.err. IEC server <- CMS drive tr.->drivetrain|warning:Comm.err. IEC client -> CMS drive tr.->drivetrain|warning:CMS drive train system error->drivetrain|stop:Current asymmetry->generator|stop:No speed development->pitch|warning:Cable overload->electrical,4213,9386.501584975991,83.65741025636062,8.695821233837933,7.646768509801461,16.342589743639394,994,1533.9974453128357,709,717.7640473719591,946,1696.3201041110958,0.0,0,actionable_unacted,True,20.788888888888888,2,0.11859901594615341,,False,False,False
joint_4slots,joint,4,cms_drivetrain:comms->drivetrain|current_asymmetry:converter->generator|no_speed_development:control->pitch|high_yaw_load:yaw->external,warning:Comm.err. IEC server <- CMS drive tr.->drivetrain|warning:Comm.err. IEC client -> CMS drive tr.->drivetrain|warning:CMS drive train system error->drivetrain|stop:Current asymmetry->generator|stop:No speed development->pitch|stop:High yaw load->external,4213,9386.501584975991,83.65741025636062,8.695821233837933,7.646768509801461,16.342589743639394,994,1533.9974453128357,709,717.7640473719591,946,1696.3201041110958,0.0,0,actionable_unacted,True,20.788888888888888,2,0.11859901594615341,,False,False,False
joint_5slots,joint,5,cms_drivetrain:comms->drivetrain|current_asymmetry:converter->generator|no_speed_development:control->pitch|high_yaw_load:yaw->external|cable_overload:converter->electrical,warning:Comm.err. IEC server <- CMS drive tr.->drivetrain|warning:Comm.err. IEC client -> CMS drive tr.->drivetrain|warning:CMS drive train system error->drivetrain|stop:Current asymmetry->generator|stop:No speed development->pitch|stop:High yaw load->external|warning:Cable overload->electrical,4213,9386.501584975991,83.65741025636062,8.695821233837933,7.646768509801461,16.342589743639394,994,1533.9974453128357,709,717.7640473719591,946,1696.3201041110958,0.0,0,actionable_unacted,True,20.788888888888888,2,0.11859901594615341,,False,False,False
joint_3slots,joint,3,cms_drivetrain:comms->drivetrain|current_asymmetry:converter->generator|no_speed_development:control->brake_hydraulic,warning:Comm.err. IEC server <- CMS drive tr.->drivetrain|warning:Comm.err. IEC client -> CMS drive tr.->drivetrain|warning:CMS drive train system error->drivetrain|stop:Current asymmetry->generator|stop:No speed development->brake_hydraulic,4213,9386.501584975991,83.65272787244126,8.697344365487496,7.6499277620712425,16.34727212755874,996,1534.4369573536394,710,718.0605906363355,946,1696.3201041110958,0.0,0,actionable_unacted,True,20.788888888888888,2,0.1217582682159346,,False,False,False
joint_4slots,joint,4,cms_drivetrain:comms->drivetrain|current_asymmetry:converter->generator|no_speed_development:control->brake_hydraulic|cable_overload:converter->electrical,warning:Comm.err. IEC server <- CMS drive tr.->drivetrain|warning:Comm.err. IEC client -> CMS drive tr.->drivetrain|warning:CMS drive train system error->drivetrain|stop:Current asymmetry->generator|stop:No speed development->brake_hydraulic|warning:Cable overload->electrical,4213,9386.501584975991,83.65272787244126,8.697344365487496,7.6499277620712425,16.34727212755874,996,1534.4369573536394,710,718.0605906363355,946,1696.3201041110958,0.0,0,actionable_unacted,True,20.788888888888888,2,0.1217582682159346,,False,False,False
joint_4slots,joint,4,cms_drivetrain:comms->drivetrain|current_asymmetry:converter->generator|no_speed_development:control->brake_hydraulic|high_yaw_load:yaw->external,warning:Comm.err. IEC server <- CMS drive tr.->drivetrain|warning:Comm.err. IEC client -> CMS drive tr.->drivetrain|warning:CMS drive train system error->drivetrain|stop:Current asymmetry->generator|stop:No speed development->brake_hydraulic|stop:High yaw load->external,4213,9386.501584975991,83.65272787244126,8.697344365487496,7.6499277620712425,16.34727212755874,996,1534.4369573536394,710,718.0605906363355,946,1696.3201041110958,0.0,0,actionable_unacted,True,20.788888888888888,2,0.1217582682159346,,False,False,False
joint_5slots,joint,5,cms_drivetrain:comms->drivetrain|current_asymmetry:converter->generator|no_speed_development:control->brake_hydraulic|high_yaw_load:yaw->external|cable_overload:converter->electrical,warning:Comm.err. IEC server <- CMS drive tr.->drivetrain|warning:Comm.err. IEC client -> CMS drive tr.->drivetrain|warning:CMS drive train system error->drivetrain|stop:Current asymmetry->generator|stop:No speed development->brake_hydraulic|stop:High yaw load->external|warning:Cable overload->electrical,4213,9386.501584975991,83.65272787244126,8.697344365487496,7.6499277620712425,16.34727212755874,996,1534.4369573536394,710,718.0605906363355,946,1696.3201041110958,0.0,0,actionable_unacted,True,20.788888888888888,2,0.1217582682159346,,False,False,False
joint_3slots,joint,3,cms_drivetrain:comms->drivetrain|current_asymmetry:converter->generator|wec_shut_down:control->manual,warning:Comm.err. IEC server <- CMS drive tr.->drivetrain|warning:Comm.err. IEC client -> CMS drive tr.->drivetrain|warning:CMS drive train system error->drivetrain|stop:Current asymmetry->generator|stop:WEC shut down->manual,4213,9386.501584975991,86.03327453557348,8.695821233837933,5.270904230588605,13.966725464426538,991,1310.9869070876425,706,494.753509146766,946,1696.3201041110958,0.0,0,unwarned,False,,0,-2.257265263266703,,False,False,False
joint_4slots,joint,4,cms_drivetrain:comms->drivetrain|current_asymmetry:converter->generator|wec_shut_down:control->manual|cable_overload:converter->electrical,warning:Comm.err. IEC server <- CMS drive tr.->drivetrain|warning:Comm.err. IEC client -> CMS drive tr.->drivetrain|warning:CMS drive train system error->drivetrain|stop:Current asymmetry->generator|stop:WEC shut down->manual|warning:Cable overload->electrical,4213,9386.501584975991,86.03327453557348,8.695821233837933,5.270904230588605,13.966725464426538,991,1310.9869070876425,706,494.753509146766,946,1696.3201041110958,0.0,0,unwarned,False,,0,-2.257265263266703,,False,False,False
joint_4slots,joint,4,cms_drivetrain:comms->drivetrain|current_asymmetry:converter->generator|wec_shut_down:control->manual|high_yaw_load:yaw->external,warning:Comm.err. IEC server <- CMS drive tr.->drivetrain|warning:Comm.err. IEC client -> CMS drive tr.->drivetrain|warning:CMS drive train system error->drivetrain|stop:Current asymmetry->generator|stop:WEC shut down->manual|stop:High yaw load->external,4213,9386.501584975991,86.03327453557348,8.695821233837933,5.270904230588605,13.966725464426538,991,1310.9869070876425,706,494.753509146766,946,1696.3201041110958,0.0,0,unwarned,False,,0,-2.257265263266703,,False,False,False
joint_5slots,joint,5,cms_drivetrain:comms->drivetrain|current_asymmetry:converter->generator|wec_shut_down:control->manual|high_yaw_load:yaw->external|cable_overload:converter->electrical,warning:Comm.err. IEC server <- CMS drive tr.->drivetrain|warning:Comm.err. IEC client -> CMS drive tr.->drivetrain|warning:CMS drive train system error->drivetrain|stop:Current asymmetry->generator|stop:WEC shut down->manual|stop:High yaw load->external|warning:Cable overload->electrical,4213,9386.501584975991,86.03327453557348,8.695821233837933,5.270904230588605,13.966725464426538,991,1310.9869070876425,706,494.753509146766,946,1696.3201041110958,0.0,0,unwarned,False,,0,-2.257265263266703,,False,False,False
joint_4slots,joint,4,cms_drivetrain:comms->drivetrain|current_asymmetry:converter->generator|wec_shut_down:control->manual|no_speed_development:control->pitch,warning:Comm.err. IEC server <- CMS drive tr.->drivetrain|warning:Comm.err. IEC client -> CMS drive tr.->drivetrain|warning:CMS drive train system error->drivetrain|stop:Current asymmetry->generator|stop:WEC shut down->manual|stop:No speed development->pitch,4213,9386.501584975991,85.94828018266033,8.695821233837933,5.35589858350176,14.051719817339691,992,1318.9649033709757,707,502.73150543009933,946,1696.3201041110958,0.0,0,unwarned,False,,0,-2.1722709103535482,,False,False,False
joint_5slots,joint,5,cms_drivetrain:comms->drivetrain|current_asymmetry:converter->generator|wec_shut_down:control->manual|no_speed_development:control->pitch|cable_overload:converter->electrical,warning:Comm.err. IEC server <- CMS drive tr.->drivetrain|warning:Comm.err. IEC client -> CMS drive tr.->drivetrain|warning:CMS drive train system error->drivetrain|stop:Current asymmetry->generator|stop:WEC shut down->manual|stop:No speed development->pitch|warning:Cable overload->electrical,4213,9386.501584975991,85.94828018266033,8.695821233837933,5.35589858350176,14.051719817339691,992,1318.9649033709757,707,502.73150543009933,946,1696.3201041110958,0.0,0,unwarned,False,,0,-2.1722709103535482,,False,False,False
joint_5slots,joint,5,cms_drivetrain:comms->drivetrain|current_asymmetry:converter->generator|wec_shut_down:control->manual|no_speed_development:control->pitch|high_yaw_load:yaw->external,warning:Comm.err. IEC server <- CMS drive tr.->drivetrain|warning:Comm.err. IEC client -> CMS drive tr.->drivetrain|warning:CMS drive train system error->drivetrain|stop:Current asymmetry->generator|stop:WEC shut down->manual|stop:No speed development->pitch|stop:High yaw load->external,4213,9386.501584975991,85.94828018266033,8.695821233837933,5.35589858350176,14.051719817339691,992,1318.9649033709757,707,502.73150543009933,946,1696.3201041110958,0.0,0,unwarned,False,,0,-2.1722709103535482,,False,False,False
joint_6slots,joint,6,cms_drivetrain:comms->drivetrain|current_asymmetry:converter->generator|wec_shut_down:control->manual|no_speed_development:control->pitch|high_yaw_load:yaw->external|cable_overload:converter->electrical,warning:Comm.err. IEC server <- CMS drive tr.->drivetrain|warning:Comm.err. IEC client -> CMS drive tr.->drivetrain|warning:CMS drive train system error->drivetrain|stop:Current asymmetry->generator|stop:WEC shut down->manual|stop:No speed development->pitch|stop:High yaw load->external|warning:Cable overload->electrical,4213,9386.501584975991,85.94828018266033,8.695821233837933,5.35589858350176,14.051719817339691,992,1318.9649033709757,707,502.73150543009933,946,1696.3201041110958,0.0,0,unwarned,False,,0,-2.1722709103535482,,False,False,False
joint_4slots,joint,4,cms_drivetrain:comms->drivetrain|current_asymmetry:converter->generator|wec_shut_down:control->manual|no_speed_development:control->brake_hydraulic,warning:Comm.err. IEC server <- CMS drive tr.->drivetrain|warning:Comm.err. IEC client -> CMS drive tr.->drivetrain|warning:CMS drive train system error->drivetrain|stop:Current asymmetry->generator|stop:WEC shut down->manual|stop:No speed development->brake_hydraulic,4213,9386.501584975991,85.94359779874098,8.697344365487496,5.359057835771539,14.056402201259036,994,1319.4044154117796,708,503.0280486944756,946,1696.3201041110958,0.0,0,unwarned,False,,0,-2.169111658083769,,False,False,False
joint_5slots,joint,5,cms_drivetrain:comms->drivetrain|current_asymmetry:converter->generator|wec_shut_down:control->manual|no_speed_development:control->brake_hydraulic|cable_overload:converter->electrical,warning:Comm.err. IEC server <- CMS drive tr.->drivetrain|warning:Comm.err. IEC client -> CMS drive tr.->drivetrain|warning:CMS drive train system error->drivetrain|stop:Current asymmetry->generator|stop:WEC shut down->manual|stop:No speed development->brake_hydraulic|warning:Cable overload->electrical,4213,9386.501584975991,85.94359779874098,8.697344365487496,5.359057835771539,14.056402201259036,994,1319.4044154117796,708,503.0280486944756,946,1696.3201041110958,0.0,0,unwarned,False,,0,-2.169111658083769,,False,False,False
joint_5slots,joint,5,cms_drivetrain:comms->drivetrain|current_asymmetry:converter->generator|wec_shut_down:control->manual|no_speed_development:control->brake_hydraulic|high_yaw_load:yaw->external,warning:Comm.err. IEC server <- CMS drive tr.->drivetrain|warning:Comm.err. IEC client -> CMS drive tr.->drivetrain|warning:CMS drive train system error->drivetrain|stop:Current asymmetry->generator|stop:WEC shut down->manual|stop:No speed development->brake_hydraulic|stop:High yaw load->external,4213,9386.501584975991,85.94359779874098,8.697344365487496,5.359057835771539,14.056402201259036,994,1319.4044154117796,708,503.0280486944756,946,1696.3201041110958,0.0,0,unwarned,False,,0,-2.169111658083769,,False,False,False
joint_6slots,joint,6,cms_drivetrain:comms->drivetrain|current_asymmetry:converter->generator|wec_shut_down:control->manual|no_speed_development:control->brake_hydraulic|high_yaw_load:yaw->external|cable_overload:converter->electrical,warning:Comm.err. IEC server <- CMS drive tr.->drivetrain|warning:Comm.err. IEC client -> CMS drive tr.->drivetrain|warning:CMS drive train system error->drivetrain|stop:Current asymmetry->generator|stop:WEC shut down->manual|stop:No speed development->brake_hydraulic|stop:High yaw load->external|warning:Cable overload->electrical,4213,9386.501584975991,85.94359779874098,8.697344365487496,5.359057835771539,14.056402201259036,994,1319.4044154117796,708,503.0280486944756,946,1696.3201041110958,0.0,0,unwarned,False,,0,-2.169111658083769,,False,False,False
time_sync:external->control,single_flip,1,time_sync:external->control,warning:Check time synchronization->control|warning:Time sync. failed (SNTP error)->control,4213,9386.501584975991,83.74575578877862,8.694940872061467,7.559303339159925,16.25424421122139,990,1525.7048905121642,709,709.5541277433894,977,1741.3485003248225,0.0,0,actionable_unacted,True,46.393055555555556,3,0.031133845304617047,"[time_sync] `Check time synchronization`: ""AMBIGUOUS but high-volume (526 warnings). Pure housekeeping telemetry (NTP drift) with no fault semantics, so `external` per the STUDY_DESIGN rule. Putting it in `control` would let 526 clock-drift notices match controller stops. Alternative: control.""  `Time sync. failed (SNTP error)`: ""As above."" - so the two are flipped together.",False,False,False
time_sync:external->control+cable_overload:converter->electrical,joint,2,time_sync:external->control|cable_overload:converter->electrical,warning:Check time synchronization->control|warning:Time sync. failed (SNTP error)->control|warning:Cable overload->electrical,4213,9386.501584975991,83.74575578877862,8.694940872061467,7.559303339159925,16.25424421122139,990,1525.7048905121642,709,709.5541277433894,977,1741.3485003248225,0.0,0,actionable_unacted,True,46.393055555555556,3,0.031133845304617047,,False,False,False
time_sync:external->control+high_yaw_load:yaw->external,joint,2,time_sync:external->control|high_yaw_load:yaw->external,warning:Check time synchronization->control|warning:Time sync. failed (SNTP error)->control|stop:High yaw load->external,4213,9386.501584975991,83.74575578877862,8.694940872061467,7.559303339159925,16.25424421122139,990,1525.7048905121642,709,709.5541277433894,977,1741.3485003248225,0.0,0,actionable_unacted,True,46.393055555555556,3,0.031133845304617047,,False,False,False
joint_3slots,joint,3,time_sync:external->control|high_yaw_load:yaw->external|cable_overload:converter->electrical,warning:Check time synchronization->control|warning:Time sync. failed (SNTP error)->control|stop:High yaw load->external|warning:Cable overload->electrical,4213,9386.501584975991,83.74575578877862,8.694940872061467,7.559303339159925,16.25424421122139,990,1525.7048905121642,709,709.5541277433894,977,1741.3485003248225,0.0,0,actionable_unacted,True,46.393055555555556,3,0.031133845304617047,,False,False,False
time_sync:external->control+no_speed_development:control->pitch,joint,2,time_sync:external->control|no_speed_development:control->pitch,warning:Check time synchronization->control|warning:Time sync. failed (SNTP error)->control|stop:No speed development->pitch,4213,9386.501584975991,83.66076143586547,8.694940872061467,7.644297692073081,16.339238564134543,991,1533.6828867954973,710,717.5321240267228,977,1741.3485003248225,0.0,0,actionable_unacted,True,46.393055555555556,3,0.11612819821777354,,False,False,False
joint_3slots,joint,3,time_sync:external->control|no_speed_development:control->pitch|cable_overload:converter->electrical,warning:Check time synchronization->control|warning:Time sync. failed (SNTP error)->control|stop:No speed development->pitch|warning:Cable overload->electrical,4213,9386.501584975991,83.66076143586547,8.694940872061467,7.644297692073081,16.339238564134543,991,1533.6828867954973,710,717.5321240267228,977,1741.3485003248225,0.0,0,actionable_unacted,True,46.393055555555556,3,0.11612819821777354,,False,False,False
joint_3slots,joint,3,time_sync:external->control|no_speed_development:control->pitch|high_yaw_load:yaw->external,warning:Check time synchronization->control|warning:Time sync. failed (SNTP error)->control|stop:No speed development->pitch|stop:High yaw load->external,4213,9386.501584975991,83.66076143586547,8.694940872061467,7.644297692073081,16.339238564134543,991,1533.6828867954973,710,717.5321240267228,977,1741.3485003248225,0.0,0,actionable_unacted,True,46.393055555555556,3,0.11612819821777354,,False,False,False
joint_4slots,joint,4,time_sync:external->control|no_speed_development:control->pitch|high_yaw_load:yaw->external|cable_overload:converter->electrical,warning:Check time synchronization->control|warning:Time sync. failed (SNTP error)->control|stop:No speed development->pitch|stop:High yaw load->external|warning:Cable overload->electrical,4213,9386.501584975991,83.66076143586547,8.694940872061467,7.644297692073081,16.339238564134543,991,1533.6828867954973,710,717.5321240267228,977,1741.3485003248225,0.0,0,actionable_unacted,True,46.393055555555556,3,0.11612819821777354,,False,False,False
time_sync:external->control+no_speed_development:control->brake_hydraulic,joint,2,time_sync:external->control|no_speed_development:control->brake_hydraulic,warning:Check time synchronization->control|warning:Time sync. failed (SNTP error)->control|stop:No speed development->brake_hydraulic,4213,9386.501584975991,83.65607905194612,8.69646400371103,7.647456944342859,16.34392094805389,993,1534.1223988363013,711,717.828667291099,977,1741.3485003248225,0.0,0,actionable_unacted,True,46.393055555555556,3,0.11928745048755118,,False,False,False
joint_3slots,joint,3,time_sync:external->control|no_speed_development:control->brake_hydraulic|cable_overload:converter->electrical,warning:Check time synchronization->control|warning:Time sync. failed (SNTP error)->control|stop:No speed development->brake_hydraulic|warning:Cable overload->electrical,4213,9386.501584975991,83.65607905194612,8.69646400371103,7.647456944342859,16.34392094805389,993,1534.1223988363013,711,717.828667291099,977,1741.3485003248225,0.0,0,actionable_unacted,True,46.393055555555556,3,0.11928745048755118,,False,False,False
joint_3slots,joint,3,time_sync:external->control|no_speed_development:control->brake_hydraulic|high_yaw_load:yaw->external,warning:Check time synchronization->control|warning:Time sync. failed (SNTP error)->control|stop:No speed development->brake_hydraulic|stop:High yaw load->external,4213,9386.501584975991,83.65607905194612,8.69646400371103,7.647456944342859,16.34392094805389,993,1534.1223988363013,711,717.828667291099,977,1741.3485003248225,0.0,0,actionable_unacted,True,46.393055555555556,3,0.11928745048755118,,False,False,False
joint_4slots,joint,4,time_sync:external->control|no_speed_development:control->brake_hydraulic|high_yaw_load:yaw->external|cable_overload:converter->electrical,warning:Check time synchronization->control|warning:Time sync. failed (SNTP error)->control|stop:No speed development->brake_hydraulic|stop:High yaw load->external|warning:Cable overload->electrical,4213,9386.501584975991,83.65607905194612,8.69646400371103,7.647456944342859,16.34392094805389,993,1534.1223988363013,711,717.828667291099,977,1741.3485003248225,0.0,0,actionable_unacted,True,46.393055555555556,3,0.11928745048755118,,False,False,False
time_sync:external->control+wec_shut_down:control->manual,joint,2,time_sync:external->control|wec_shut_down:control->manual,warning:Check time synchronization->control|warning:Time sync. failed (SNTP error)->control|stop:WEC shut down->manual,4213,9386.501584975991,86.03662571507832,8.694940872061467,5.268433412860223,13.963374284921692,988,1310.6723485703046,707,494.52158580152957,977,1741.3485003248225,0.0,0,unwarned,False,,0,-2.2597360809950846,,False,False,False
joint_3slots,joint,3,time_sync:external->control|wec_shut_down:control->manual|cable_overload:converter->electrical,warning:Check time synchronization->control|warning:Time sync. failed (SNTP error)->control|stop:WEC shut down->manual|warning:Cable overload->electrical,4213,9386.501584975991,86.03662571507832,8.694940872061467,5.268433412860223,13.963374284921692,988,1310.6723485703046,707,494.52158580152957,977,1741.3485003248225,0.0,0,unwarned,False,,0,-2.2597360809950846,,False,False,False
joint_3slots,joint,3,time_sync:external->control|wec_shut_down:control->manual|high_yaw_load:yaw->external,warning:Check time synchronization->control|warning:Time sync. failed (SNTP error)->control|stop:WEC shut down->manual|stop:High yaw load->external,4213,9386.501584975991,86.03662571507832,8.694940872061467,5.268433412860223,13.963374284921692,988,1310.6723485703046,707,494.52158580152957,977,1741.3485003248225,0.0,0,unwarned,False,,0,-2.2597360809950846,,False,False,False
joint_4slots,joint,4,time_sync:external->control|wec_shut_down:control->manual|high_yaw_load:yaw->external|cable_overload:converter->electrical,warning:Check time synchronization->control|warning:Time sync. failed (SNTP error)->control|stop:WEC shut down->manual|stop:High yaw load->external|warning:Cable overload->electrical,4213,9386.501584975991,86.03662571507832,8.694940872061467,5.268433412860223,13.963374284921692,988,1310.6723485703046,707,494.52158580152957,977,1741.3485003248225,0.0,0,unwarned,False,,0,-2.2597360809950846,,False,False,False
joint_3slots,joint,3,time_sync:external->control|wec_shut_down:control->manual|no_speed_development:control->pitch,warning:Check time synchronization->control|warning:Time sync. failed (SNTP error)->control|stop:WEC shut down->manual|stop:No speed development->pitch,4213,9386.501584975991,85.95163136216516,8.694940872061467,5.353427765773378,14.048368637834844,989,1318.6503448536378,708,502.49958208486294,977,1741.3485003248225,0.0,0,unwarned,False,,0,-2.17474172808193,,False,False,False
joint_4slots,joint,4,time_sync:external->control|wec_shut_down:control->manual|no_speed_development:control->pitch|cable_overload:converter->electrical,warning:Check time synchronization->control|warning:Time sync. failed (SNTP error)->control|stop:WEC shut down->manual|stop:No speed development->pitch|warning:Cable overload->electrical,4213,9386.501584975991,85.95163136216516,8.694940872061467,5.353427765773378,14.048368637834844,989,1318.6503448536378,708,502.49958208486294,977,1741.3485003248225,0.0,0,unwarned,False,,0,-2.17474172808193,,False,False,False
joint_4slots,joint,4,time_sync:external->control|wec_shut_down:control->manual|no_speed_development:control->pitch|high_yaw_load:yaw->external,warning:Check time synchronization->control|warning:Time sync. failed (SNTP error)->control|stop:WEC shut down->manual|stop:No speed development->pitch|stop:High yaw load->external,4213,9386.501584975991,85.95163136216516,8.694940872061467,5.353427765773378,14.048368637834844,989,1318.6503448536378,708,502.49958208486294,977,1741.3485003248225,0.0,0,unwarned,False,,0,-2.17474172808193,,False,False,False
joint_5slots,joint,5,time_sync:external->control|wec_shut_down:control->manual|no_speed_development:control->pitch|high_yaw_load:yaw->external|cable_overload:converter->electrical,warning:Check time synchronization->control|warning:Time sync. failed (SNTP error)->control|stop:WEC shut down->manual|stop:No speed development->pitch|stop:High yaw load->external|warning:Cable overload->electrical,4213,9386.501584975991,85.95163136216516,8.694940872061467,5.353427765773378,14.048368637834844,989,1318.6503448536378,708,502.49958208486294,977,1741.3485003248225,0.0,0,unwarned,False,,0,-2.17474172808193,,False,False,False
joint_3slots,joint,3,time_sync:external->control|wec_shut_down:control->manual|no_speed_development:control->brake_hydraulic,warning:Check time synchronization->control|warning:Time sync. failed (SNTP error)->control|stop:WEC shut down->manual|stop:No speed development->brake_hydraulic,4213,9386.501584975991,85.94694897824584,8.69646400371103,5.356587018043158,14.053051021754188,991,1319.0898568944415,709,502.7961253492392,977,1741.3485003248225,0.0,0,unwarned,False,,0,-2.1715824758121496,,False,False,False
joint_4slots,joint,4,time_sync:external->control|wec_shut_down:control->manual|no_speed_development:control->brake_hydraulic|cable_overload:converter->electrical,warning:Check time synchronization->control|warning:Time sync. failed (SNTP error)->control|stop:WEC shut down->manual|stop:No speed development->brake_hydraulic|warning:Cable overload->electrical,4213,9386.501584975991,85.94694897824584,8.69646400371103,5.356587018043158,14.053051021754188,991,1319.0898568944415,709,502.7961253492392,977,1741.3485003248225,0.0,0,unwarned,False,,0,-2.1715824758121496,,False,False,False
joint_4slots,joint,4,time_sync:external->control|wec_shut_down:control->manual|no_speed_development:control->brake_hydraulic|high_yaw_load:yaw->external,warning:Check time synchronization->control|warning:Time sync. failed (SNTP error)->control|stop:WEC shut down->manual|stop:No speed development->brake_hydraulic|stop:High yaw load->external,4213,9386.501584975991,85.94694897824584,8.69646400371103,5.356587018043158,14.053051021754188,991,1319.0898568944415,709,502.7961253492392,977,1741.3485003248225,0.0,0,unwarned,False,,0,-2.1715824758121496,,False,False,False
joint_5slots,joint,5,time_sync:external->control|wec_shut_down:control->manual|no_speed_development:control->brake_hydraulic|high_yaw_load:yaw->external|cable_overload:converter->electrical,warning:Check time synchronization->control|warning:Time sync. failed (SNTP error)->control|stop:WEC shut down->manual|stop:No speed development->brake_hydraulic|stop:High yaw load->external|warning:Cable overload->electrical,4213,9386.501584975991,85.94694897824584,8.69646400371103,5.356587018043158,14.053051021754188,991,1319.0898568944415,709,502.7961253492392,977,1741.3485003248225,0.0,0,unwarned,False,,0,-2.1715824758121496,,False,False,False
time_sync:external->control+current_asymmetry:converter->generator,joint,2,time_sync:external->control|current_asymmetry:converter->generator,warning:Check time synchronization->control|warning:Time sync. failed (SNTP error)->control|stop:Current asymmetry->generator,4213,9386.501584975991,83.74575578877862,8.694940872061467,7.559303339159925,16.25424421122139,990,1525.7048905121642,709,709.5541277433894,946,1696.3201041110958,0.0,0,actionable_unacted,True,46.393055555555556,3,0.031133845304617047,,False,False,False
joint_3slots,joint,3,time_sync:external->control|current_asymmetry:converter->generator|cable_overload:converter->electrical,warning:Check time synchronization->control|warning:Time sync. failed (SNTP error)->control|stop:Current asymmetry->generator|warning:Cable overload->electrical,4213,9386.501584975991,83.74575578877862,8.694940872061467,7.559303339159925,16.25424421122139,990,1525.7048905121642,709,709.5541277433894,946,1696.3201041110958,0.0,0,actionable_unacted,True,46.393055555555556,3,0.031133845304617047,,False,False,False
joint_3slots,joint,3,time_sync:external->control|current_asymmetry:converter->generator|high_yaw_load:yaw->external,warning:Check time synchronization->control|warning:Time sync. failed (SNTP error)->control|stop:Current asymmetry->generator|stop:High yaw load->external,4213,9386.501584975991,83.74575578877862,8.694940872061467,7.559303339159925,16.25424421122139,990,1525.7048905121642,709,709.5541277433894,946,1696.3201041110958,0.0,0,actionable_unacted,True,46.393055555555556,3,0.031133845304617047,,False,False,False
joint_4slots,joint,4,time_sync:external->control|current_asymmetry:converter->generator|high_yaw_load:yaw->external|cable_overload:converter->electrical,warning:Check time synchronization->control|warning:Time sync. failed (SNTP error)->control|stop:Current asymmetry->generator|stop:High yaw load->external|warning:Cable overload->electrical,4213,9386.501584975991,83.74575578877862,8.694940872061467,7.559303339159925,16.25424421122139,990,1525.7048905121642,709,709.5541277433894,946,1696.3201041110958,0.0,0,actionable_unacted,True,46.393055555555556,3,0.031133845304617047,,False,False,False
joint_3slots,joint,3,time_sync:external->control|current_asymmetry:converter->generator|no_speed_development:control->pitch,warning:Check time synchronization->control|warning:Time sync. failed (SNTP error)->control|stop:Current asymmetry->generator|stop:No speed development->pitch,4213,9386.501584975991,83.66076143586547,8.694940872061467,7.644297692073081,16.339238564134543,991,1533.6828867954973,710,717.5321240267228,946,1696.3201041110958,0.0,0,actionable_unacted,True,46.393055555555556,3,0.11612819821777354,,False,False,False
joint_4slots,joint,4,time_sync:external->control|current_asymmetry:converter->generator|no_speed_development:control->pitch|cable_overload:converter->electrical,warning:Check time synchronization->control|warning:Time sync. failed (SNTP error)->control|stop:Current asymmetry->generator|stop:No speed development->pitch|warning:Cable overload->electrical,4213,9386.501584975991,83.66076143586547,8.694940872061467,7.644297692073081,16.339238564134543,991,1533.6828867954973,710,717.5321240267228,946,1696.3201041110958,0.0,0,actionable_unacted,True,46.393055555555556,3,0.11612819821777354,,False,False,False
joint_4slots,joint,4,time_sync:external->control|current_asymmetry:converter->generator|no_speed_development:control->pitch|high_yaw_load:yaw->external,warning:Check time synchronization->control|warning:Time sync. failed (SNTP error)->control|stop:Current asymmetry->generator|stop:No speed development->pitch|stop:High yaw load->external,4213,9386.501584975991,83.66076143586547,8.694940872061467,7.644297692073081,16.339238564134543,991,1533.6828867954973,710,717.5321240267228,946,1696.3201041110958,0.0,0,actionable_unacted,True,46.393055555555556,3,0.11612819821777354,,False,False,False
joint_5slots,joint,5,time_sync:external->control|current_asymmetry:converter->generator|no_speed_development:control->pitch|high_yaw_load:yaw->external|cable_overload:converter->electrical,warning:Check time synchronization->control|warning:Time sync. failed (SNTP error)->control|stop:Current asymmetry->generator|stop:No speed development->pitch|stop:High yaw load->external|warning:Cable overload->electrical,4213,9386.501584975991,83.66076143586547,8.694940872061467,7.644297692073081,16.339238564134543,991,1533.6828867954973,710,717.5321240267228,946,1696.3201041110958,0.0,0,actionable_unacted,True,46.393055555555556,3,0.11612819821777354,,False,False,False
joint_3slots,joint,3,time_sync:external->control|current_asymmetry:converter->generator|no_speed_development:control->brake_hydraulic,warning:Check time synchronization->control|warning:Time sync. failed (SNTP error)->control|stop:Current asymmetry->generator|stop:No speed development->brake_hydraulic,4213,9386.501584975991,83.65607905194612,8.69646400371103,7.647456944342859,16.34392094805389,993,1534.1223988363013,711,717.828667291099,946,1696.3201041110958,0.0,0,actionable_unacted,True,46.393055555555556,3,0.11928745048755118,,False,False,False
joint_4slots,joint,4,time_sync:external->control|current_asymmetry:converter->generator|no_speed_development:control->brake_hydraulic|cable_overload:converter->electrical,warning:Check time synchronization->control|warning:Time sync. failed (SNTP error)->control|stop:Current asymmetry->generator|stop:No speed development->brake_hydraulic|warning:Cable overload->electrical,4213,9386.501584975991,83.65607905194612,8.69646400371103,7.647456944342859,16.34392094805389,993,1534.1223988363013,711,717.828667291099,946,1696.3201041110958,0.0,0,actionable_unacted,True,46.393055555555556,3,0.11928745048755118,,False,False,False
joint_4slots,joint,4,time_sync:external->control|current_asymmetry:converter->generator|no_speed_development:control->brake_hydraulic|high_yaw_load:yaw->external,warning:Check time synchronization->control|warning:Time sync. failed (SNTP error)->control|stop:Current asymmetry->generator|stop:No speed development->brake_hydraulic|stop:High yaw load->external,4213,9386.501584975991,83.65607905194612,8.69646400371103,7.647456944342859,16.34392094805389,993,1534.1223988363013,711,717.828667291099,946,1696.3201041110958,0.0,0,actionable_unacted,True,46.393055555555556,3,0.11928745048755118,,False,False,False
joint_5slots,joint,5,time_sync:external->control|current_asymmetry:converter->generator|no_speed_development:control->brake_hydraulic|high_yaw_load:yaw->external|cable_overload:converter->electrical,warning:Check time synchronization->control|warning:Time sync. failed (SNTP error)->control|stop:Current asymmetry->generator|stop:No speed development->brake_hydraulic|stop:High yaw load->external|warning:Cable overload->electrical,4213,9386.501584975991,83.65607905194612,8.69646400371103,7.647456944342859,16.34392094805389,993,1534.1223988363013,711,717.828667291099,946,1696.3201041110958,0.0,0,actionable_unacted,True,46.393055555555556,3,0.11928745048755118,,False,False,False
joint_3slots,joint,3,time_sync:external->control|current_asymmetry:converter->generator|wec_shut_down:control->manual,warning:Check time synchronization->control|warning:Time sync. failed (SNTP error)->control|stop:Current asymmetry->generator|stop:WEC shut down->manual,4213,9386.501584975991,86.03662571507832,8.694940872061467,5.268433412860223,13.963374284921692,988,1310.6723485703046,707,494.52158580152957,946,1696.3201041110958,0.0,0,unwarned,False,,0,-2.2597360809950846,,False,False,False
joint_4slots,joint,4,time_sync:external->control|current_asymmetry:converter->generator|wec_shut_down:control->manual|cable_overload:converter->electrical,warning:Check time synchronization->control|warning:Time sync. failed (SNTP error)->control|stop:Current asymmetry->generator|stop:WEC shut down->manual|warning:Cable overload->electrical,4213,9386.501584975991,86.03662571507832,8.694940872061467,5.268433412860223,13.963374284921692,988,1310.6723485703046,707,494.52158580152957,946,1696.3201041110958,0.0,0,unwarned,False,,0,-2.2597360809950846,,False,False,False
joint_4slots,joint,4,time_sync:external->control|current_asymmetry:converter->generator|wec_shut_down:control->manual|high_yaw_load:yaw->external,warning:Check time synchronization->control|warning:Time sync. failed (SNTP error)->control|stop:Current asymmetry->generator|stop:WEC shut down->manual|stop:High yaw load->external,4213,9386.501584975991,86.03662571507832,8.694940872061467,5.268433412860223,13.963374284921692,988,1310.6723485703046,707,494.52158580152957,946,1696.3201041110958,0.0,0,unwarned,False,,0,-2.2597360809950846,,False,False,False
joint_5slots,joint,5,time_sync:external->control|current_asymmetry:converter->generator|wec_shut_down:control->manual|high_yaw_load:yaw->external|cable_overload:converter->electrical,warning:Check time synchronization->control|warning:Time sync. failed (SNTP error)->control|stop:Current asymmetry->generator|stop:WEC shut down->manual|stop:High yaw load->external|warning:Cable overload->electrical,4213,9386.501584975991,86.03662571507832,8.694940872061467,5.268433412860223,13.963374284921692,988,1310.6723485703046,707,494.52158580152957,946,1696.3201041110958,0.0,0,unwarned,False,,0,-2.2597360809950846,,False,False,False
joint_4slots,joint,4,time_sync:external->control|current_asymmetry:converter->generator|wec_shut_down:control->manual|no_speed_development:control->pitch,warning:Check time synchronization->control|warning:Time sync. failed (SNTP error)->control|stop:Current asymmetry->generator|stop:WEC shut down->manual|stop:No speed development->pitch,4213,9386.501584975991,85.95163136216516,8.694940872061467,5.353427765773378,14.048368637834844,989,1318.6503448536378,708,502.49958208486294,946,1696.3201041110958,0.0,0,unwarned,False,,0,-2.17474172808193,,False,False,False
joint_5slots,joint,5,time_sync:external->control|current_asymmetry:converter->generator|wec_shut_down:control->manual|no_speed_development:control->pitch|cable_overload:converter->electrical,warning:Check time synchronization->control|warning:Time sync. failed (SNTP error)->control|stop:Current asymmetry->generator|stop:WEC shut down->manual|stop:No speed development->pitch|warning:Cable overload->electrical,4213,9386.501584975991,85.95163136216516,8.694940872061467,5.353427765773378,14.048368637834844,989,1318.6503448536378,708,502.49958208486294,946,1696.3201041110958,0.0,0,unwarned,False,,0,-2.17474172808193,,False,False,False
joint_5slots,joint,5,time_sync:external->control|current_asymmetry:converter->generator|wec_shut_down:control->manual|no_speed_development:control->pitch|high_yaw_load:yaw->external,warning:Check time synchronization->control|warning:Time sync. failed (SNTP error)->control|stop:Current asymmetry->generator|stop:WEC shut down->manual|stop:No speed development->pitch|stop:High yaw load->external,4213,9386.501584975991,85.95163136216516,8.694940872061467,5.353427765773378,14.048368637834844,989,1318.6503448536378,708,502.49958208486294,946,1696.3201041110958,0.0,0,unwarned,False,,0,-2.17474172808193,,False,False,False
joint_6slots,joint,6,time_sync:external->control|current_asymmetry:converter->generator|wec_shut_down:control->manual|no_speed_development:control->pitch|high_yaw_load:yaw->external|cable_overload:converter->electrical,warning:Check time synchronization->control|warning:Time sync. failed (SNTP error)->control|stop:Current asymmetry->generator|stop:WEC shut down->manual|stop:No speed development->pitch|stop:High yaw load->external|warning:Cable overload->electrical,4213,9386.501584975991,85.95163136216516,8.694940872061467,5.353427765773378,14.048368637834844,989,1318.6503448536378,708,502.49958208486294,946,1696.3201041110958,0.0,0,unwarned,False,,0,-2.17474172808193,,False,False,False
joint_4slots,joint,4,time_sync:external->control|current_asymmetry:converter->generator|wec_shut_down:control->manual|no_speed_development:control->brake_hydraulic,warning:Check time synchronization->control|warning:Time sync. failed (SNTP error)->control|stop:Current asymmetry->generator|stop:WEC shut down->manual|stop:No speed development->brake_hydraulic,4213,9386.501584975991,85.94694897824584,8.69646400371103,5.356587018043158,14.053051021754188,991,1319.0898568944415,709,502.7961253492392,946,1696.3201041110958,0.0,0,unwarned,False,,0,-2.1715824758121496,,False,False,False
joint_5slots,joint,5,time_sync:external->control|current_asymmetry:converter->generator|wec_shut_down:control->manual|no_speed_development:control->brake_hydraulic|cable_overload:converter->electrical,warning:Check time synchronization->control|warning:Time sync. failed (SNTP error)->control|stop:Current asymmetry->generator|stop:WEC shut down->manual|stop:No speed development->brake_hydraulic|warning:Cable overload->electrical,4213,9386.501584975991,85.94694897824584,8.69646400371103,5.356587018043158,14.053051021754188,991,1319.0898568944415,709,502.7961253492392,946,1696.3201041110958,0.0,0,unwarned,False,,0,-2.1715824758121496,,False,False,False
joint_5slots,joint,5,time_sync:external->control|current_asymmetry:converter->generator|wec_shut_down:control->manual|no_speed_development:control->brake_hydraulic|high_yaw_load:yaw->external,warning:Check time synchronization->control|warning:Time sync. failed (SNTP error)->control|stop:Current asymmetry->generator|stop:WEC shut down->manual|stop:No speed development->brake_hydraulic|stop:High yaw load->external,4213,9386.501584975991,85.94694897824584,8.69646400371103,5.356587018043158,14.053051021754188,991,1319.0898568944415,709,502.7961253492392,946,1696.3201041110958,0.0,0,unwarned,False,,0,-2.1715824758121496,,False,False,False
joint_6slots,joint,6,time_sync:external->control|current_asymmetry:converter->generator|wec_shut_down:control->manual|no_speed_development:control->brake_hydraulic|high_yaw_load:yaw->external|cable_overload:converter->electrical,warning:Check time synchronization->control|warning:Time sync. failed (SNTP error)->control|stop:Current asymmetry->generator|stop:WEC shut down->manual|stop:No speed development->brake_hydraulic|stop:High yaw load->external|warning:Cable overload->electrical,4213,9386.501584975991,85.94694897824584,8.69646400371103,5.356587018043158,14.053051021754188,991,1319.0898568944415,709,502.7961253492392,946,1696.3201041110958,0.0,0,unwarned,False,,0,-2.1715824758121496,,False,False,False
time_sync:external->control+cms_drivetrain:comms->drivetrain,joint,2,time_sync:external->control|cms_drivetrain:comms->drivetrain,warning:Check time synchronization->control|warning:Time sync. failed (SNTP error)->control|warning:Comm.err. IEC server <- CMS drive tr.->drivetrain|warning:Comm.err. IEC client -> CMS drive tr.->drivetrain|warning:CMS drive train system error->drivetrain,4213,9386.501584975991,83.71127076396915,8.695821233837933,7.592908002192923,16.288729236030854,1004,1528.9418279124839,719,712.7084299716075,977,1741.3485003248225,0.0,0,actionable_unacted,True,46.393055555555556,3,0.06473850833761485,,False,False,False
joint_3slots,joint,3,time_sync:external->control|cms_drivetrain:comms->drivetrain|cable_overload:converter->electrical,warning:Check time synchronization->control|warning:Time sync. failed (SNTP error)->control|warning:Comm.err. IEC server <- CMS drive tr.->drivetrain|warning:Comm.err. IEC client -> CMS drive tr.->drivetrain|warning:CMS drive train system error->drivetrain|warning:Cable overload->electrical,4213,9386.501584975991,83.71127076396915,8.695821233837933,7.592908002192923,16.288729236030854,1004,1528.9418279124839,719,712.7084299716075,977,1741.3485003248225,0.0,0,actionable_unacted,True,46.393055555555556,3,0.06473850833761485,,False,False,False
joint_3slots,joint,3,time_sync:external->control|cms_drivetrain:comms->drivetrain|high_yaw_load:yaw->external,warning:Check time synchronization->control|warning:Time sync. failed (SNTP error)->control|warning:Comm.err. IEC server <- CMS drive tr.->drivetrain|warning:Comm.err. IEC client -> CMS drive tr.->drivetrain|warning:CMS drive train system error->drivetrain|stop:High yaw load->external,4213,9386.501584975991,83.71127076396915,8.695821233837933,7.592908002192923,16.288729236030854,1004,1528.9418279124839,719,712.7084299716075,977,1741.3485003248225,0.0,0,actionable_unacted,True,46.393055555555556,3,0.06473850833761485,,False,False,False
joint_4slots,joint,4,time_sync:external->control|cms_drivetrain:comms->drivetrain|high_yaw_load:yaw->external|cable_overload:converter->electrical,warning:Check time synchronization->control|warning:Time sync. failed (SNTP error)->control|warning:Comm.err. IEC server <- CMS drive tr.->drivetrain|warning:Comm.err. IEC client -> CMS drive tr.->drivetrain|warning:CMS drive train system error->drivetrain|stop:High yaw load->external|warning:Cable overload->electrical,4213,9386.501584975991,83.71127076396915,8.695821233837933,7.592908002192923,16.288729236030854,1004,1528.9418279124839,719,712.7084299716075,977,1741.3485003248225,0.0,0,actionable_unacted,True,46.393055555555556,3,0.06473850833761485,,False,False,False
joint_3slots,joint,3,time_sync:external->control|cms_drivetrain:comms->drivetrain|no_speed_development:control->pitch,warning:Check time synchronization->control|warning:Time sync. failed (SNTP error)->control|warning:Comm.err. IEC server <- CMS drive tr.->drivetrain|warning:Comm.err. IEC client -> CMS drive tr.->drivetrain|warning:CMS drive train system error->drivetrain|stop:No speed development->pitch,4213,9386.501584975991,83.62627641105601,8.695821233837933,7.677902355106077,16.37372358894401,1005,1536.9198241958172,720,720.6864262549409,977,1741.3485003248225,0.0,0,actionable_unacted,True,46.393055555555556,3,0.14973286125076957,,False,False,False
joint_4slots,joint,4,time_sync:external->control|cms_drivetrain:comms->drivetrain|no_speed_development:control->pitch|cable_overload:converter->electrical,warning:Check time synchronization->control|warning:Time sync. failed (SNTP error)->control|warning:Comm.err. IEC server <- CMS drive tr.->drivetrain|warning:Comm.err. IEC client -> CMS drive tr.->drivetrain|warning:CMS drive train system error->drivetrain|stop:No speed development->pitch|warning:Cable overload->electrical,4213,9386.501584975991,83.62627641105601,8.695821233837933,7.677902355106077,16.37372358894401,1005,1536.9198241958172,720,720.6864262549409,977,1741.3485003248225,0.0,0,actionable_unacted,True,46.393055555555556,3,0.14973286125076957,,False,False,False
joint_4slots,joint,4,time_sync:external->control|cms_drivetrain:comms->drivetrain|no_speed_development:control->pitch|high_yaw_load:yaw->external,warning:Check time synchronization->control|warning:Time sync. failed (SNTP error)->control|warning:Comm.err. IEC server <- CMS drive tr.->drivetrain|warning:Comm.err. IEC client -> CMS drive tr.->drivetrain|warning:CMS drive train system error->drivetrain|stop:No speed development->pitch|stop:High yaw load->external,4213,9386.501584975991,83.62627641105601,8.695821233837933,7.677902355106077,16.37372358894401,1005,1536.9198241958172,720,720.6864262549409,977,1741.3485003248225,0.0,0,actionable_unacted,True,46.393055555555556,3,0.14973286125076957,,False,False,False
joint_5slots,joint,5,time_sync:external->control|cms_drivetrain:comms->drivetrain|no_speed_development:control->pitch|high_yaw_load:yaw->external|cable_overload:converter->electrical,warning:Check time synchronization->control|warning:Time sync. failed (SNTP error)->control|warning:Comm.err. IEC server <- CMS drive tr.->drivetrain|warning:Comm.err. IEC client -> CMS drive tr.->drivetrain|warning:CMS drive train system error->drivetrain|stop:No speed development->pitch|stop:High yaw load->external|warning:Cable overload->electrical,4213,9386.501584975991,83.62627641105601,8.695821233837933,7.677902355106077,16.37372358894401,1005,1536.9198241958172,720,720.6864262549409,977,1741.3485003248225,0.0,0,actionable_unacted,True,46.393055555555556,3,0.14973286125076957,,False,False,False
joint_3slots,joint,3,time_sync:external->control|cms_drivetrain:comms->drivetrain|no_speed_development:control->brake_hydraulic,warning:Check time synchronization->control|warning:Time sync. failed (SNTP error)->control|warning:Comm.err. IEC server <- CMS drive tr.->drivetrain|warning:Comm.err. IEC client -> CMS drive tr.->drivetrain|warning:CMS drive train system error->drivetrain|stop:No speed development->brake_hydraulic,4213,9386.501584975991,83.62159402713664,8.697344365487496,7.681061607375858,16.37840597286335,1007,1537.359336236621,721,720.9829695193173,977,1741.3485003248225,0.0,0,actionable_unacted,True,46.393055555555556,3,0.15289211352054988,,False,False,False
joint_4slots,joint,4,time_sync:external->control|cms_drivetrain:comms->drivetrain|no_speed_development:control->brake_hydraulic|cable_overload:converter->electrical,warning:Check time synchronization->control|warning:Time sync. failed (SNTP error)->control|warning:Comm.err. IEC server <- CMS drive tr.->drivetrain|warning:Comm.err. IEC client -> CMS drive tr.->drivetrain|warning:CMS drive train system error->drivetrain|stop:No speed development->brake_hydraulic|warning:Cable overload->electrical,4213,9386.501584975991,83.62159402713664,8.697344365487496,7.681061607375858,16.37840597286335,1007,1537.359336236621,721,720.9829695193173,977,1741.3485003248225,0.0,0,actionable_unacted,True,46.393055555555556,3,0.15289211352054988,,False,False,False
joint_4slots,joint,4,time_sync:external->control|cms_drivetrain:comms->drivetrain|no_speed_development:control->brake_hydraulic|high_yaw_load:yaw->external,warning:Check time synchronization->control|warning:Time sync. failed (SNTP error)->control|warning:Comm.err. IEC server <- CMS drive tr.->drivetrain|warning:Comm.err. IEC client -> CMS drive tr.->drivetrain|warning:CMS drive train system error->drivetrain|stop:No speed development->brake_hydraulic|stop:High yaw load->external,4213,9386.501584975991,83.62159402713664,8.697344365487496,7.681061607375858,16.37840597286335,1007,1537.359336236621,721,720.9829695193173,977,1741.3485003248225,0.0,0,actionable_unacted,True,46.393055555555556,3,0.15289211352054988,,False,False,False
joint_5slots,joint,5,time_sync:external->control|cms_drivetrain:comms->drivetrain|no_speed_development:control->brake_hydraulic|high_yaw_load:yaw->external|cable_overload:converter->electrical,warning:Check time synchronization->control|warning:Time sync. failed (SNTP error)->control|warning:Comm.err. IEC server <- CMS drive tr.->drivetrain|warning:Comm.err. IEC client -> CMS drive tr.->drivetrain|warning:CMS drive train system error->drivetrain|stop:No speed development->brake_hydraulic|stop:High yaw load->external|warning:Cable overload->electrical,4213,9386.501584975991,83.62159402713664,8.697344365487496,7.681061607375858,16.37840597286335,1007,1537.359336236621,721,720.9829695193173,977,1741.3485003248225,0.0,0,actionable_unacted,True,46.393055555555556,3,0.15289211352054988,,False,False,False
joint_3slots,joint,3,time_sync:external->control|cms_drivetrain:comms->drivetrain|wec_shut_down:control->manual,warning:Check time synchronization->control|warning:Time sync. failed (SNTP error)->control|warning:Comm.err. IEC server <- CMS drive tr.->drivetrain|warning:Comm.err. IEC client -> CMS drive tr.->drivetrain|warning:CMS drive train system error->drivetrain|stop:WEC shut down->manual,4213,9386.501584975991,86.00214069026886,8.695821233837933,5.302038075893221,13.997859309731155,1002,1313.9092859706243,717,497.67588802974774,977,1741.3485003248225,0.0,0,unwarned,False,,0,-2.226131417962087,,False,False,False
joint_4slots,joint,4,time_sync:external->control|cms_drivetrain:comms->drivetrain|wec_shut_down:control->manual|cable_overload:converter->electrical,warning:Check time synchronization->control|warning:Time sync. failed (SNTP error)->control|warning:Comm.err. IEC server <- CMS drive tr.->drivetrain|warning:Comm.err. IEC client -> CMS drive tr.->drivetrain|warning:CMS drive train system error->drivetrain|stop:WEC shut down->manual|warning:Cable overload->electrical,4213,9386.501584975991,86.00214069026886,8.695821233837933,5.302038075893221,13.997859309731155,1002,1313.9092859706243,717,497.67588802974774,977,1741.3485003248225,0.0,0,unwarned,False,,0,-2.226131417962087,,False,False,False
joint_4slots,joint,4,time_sync:external->control|cms_drivetrain:comms->drivetrain|wec_shut_down:control->manual|high_yaw_load:yaw->external,warning:Check time synchronization->control|warning:Time sync. failed (SNTP error)->control|warning:Comm.err. IEC server <- CMS drive tr.->drivetrain|warning:Comm.err. IEC client -> CMS drive tr.->drivetrain|warning:CMS drive train system error->drivetrain|stop:WEC shut down->manual|stop:High yaw load->external,4213,9386.501584975991,86.00214069026886,8.695821233837933,5.302038075893221,13.997859309731155,1002,1313.9092859706243,717,497.67588802974774,977,1741.3485003248225,0.0,0,unwarned,False,,0,-2.226131417962087,,False,False,False
joint_5slots,joint,5,time_sync:external->control|cms_drivetrain:comms->drivetrain|wec_shut_down:control->manual|high_yaw_load:yaw->external|cable_overload:converter->electrical,warning:Check time synchronization->control|warning:Time sync. failed (SNTP error)->control|warning:Comm.err. IEC server <- CMS drive tr.->drivetrain|warning:Comm.err. IEC client -> CMS drive tr.->drivetrain|warning:CMS drive train system error->drivetrain|stop:WEC shut down->manual|stop:High yaw load->external|warning:Cable overload->electrical,4213,9386.501584975991,86.00214069026886,8.695821233837933,5.302038075893221,13.997859309731155,1002,1313.9092859706243,717,497.67588802974774,977,1741.3485003248225,0.0,0,unwarned,False,,0,-2.226131417962087,,False,False,False
joint_4slots,joint,4,time_sync:external->control|cms_drivetrain:comms->drivetrain|wec_shut_down:control->manual|no_speed_development:control->pitch,warning:Check time synchronization->control|warning:Time sync. failed (SNTP error)->control|warning:Comm.err. IEC server <- CMS drive tr.->drivetrain|warning:Comm.err. IEC client -> CMS drive tr.->drivetrain|warning:CMS drive train system error->drivetrain|stop:WEC shut down->manual|stop:No speed development->pitch,4213,9386.501584975991,85.9171463373557,8.695821233837933,5.387032428806376,14.08285366264431,1003,1321.8872822539574,718,505.6538843130811,977,1741.3485003248225,0.0,0,unwarned,False,,0,-2.141137065048932,,False,False,False
joint_5slots,joint,5,time_sync:external->control|cms_drivetrain:comms->drivetrain|wec_shut_down:control->manual|no_speed_development:control->pitch|cable_overload:converter->electrical,warning:Check time synchronization->control|warning:Time sync. failed (SNTP error)->control|warning:Comm.err. IEC server <- CMS drive tr.->drivetrain|warning:Comm.err. IEC client -> CMS drive tr.->drivetrain|warning:CMS drive train system error->drivetrain|stop:WEC shut down->manual|stop:No speed development->pitch|warning:Cable overload->electrical,4213,9386.501584975991,85.9171463373557,8.695821233837933,5.387032428806376,14.08285366264431,1003,1321.8872822539574,718,505.6538843130811,977,1741.3485003248225,0.0,0,unwarned,False,,0,-2.141137065048932,,False,False,False
joint_5slots,joint,5,time_sync:external->control|cms_drivetrain:comms->drivetrain|wec_shut_down:control->manual|no_speed_development:control->pitch|high_yaw_load:yaw->external,warning:Check time synchronization->control|warning:Time sync. failed (SNTP error)->control|warning:Comm.err. IEC server <- CMS drive tr.->drivetrain|warning:Comm.err. IEC client -> CMS drive tr.->drivetrain|warning:CMS drive train system error->drivetrain|stop:WEC shut down->manual|stop:No speed development->pitch|stop:High yaw load->external,4213,9386.501584975991,85.9171463373557,8.695821233837933,5.387032428806376,14.08285366264431,1003,1321.8872822539574,718,505.6538843130811,977,1741.3485003248225,0.0,0,unwarned,False,,0,-2.141137065048932,,False,False,False
joint_6slots,joint,6,time_sync:external->control|cms_drivetrain:comms->drivetrain|wec_shut_down:control->manual|no_speed_development:control->pitch|high_yaw_load:yaw->external|cable_overload:converter->electrical,warning:Check time synchronization->control|warning:Time sync. failed (SNTP error)->control|warning:Comm.err. IEC server <- CMS drive tr.->drivetrain|warning:Comm.err. IEC client -> CMS drive tr.->drivetrain|warning:CMS drive train system error->drivetrain|stop:WEC shut down->manual|stop:No speed development->pitch|stop:High yaw load->external|warning:Cable overload->electrical,4213,9386.501584975991,85.9171463373557,8.695821233837933,5.387032428806376,14.08285366264431,1003,1321.8872822539574,718,505.6538843130811,977,1741.3485003248225,0.0,0,unwarned,False,,0,-2.141137065048932,,False,False,False
joint_4slots,joint,4,time_sync:external->control|cms_drivetrain:comms->drivetrain|wec_shut_down:control->manual|no_speed_development:control->brake_hydraulic,warning:Check time synchronization->control|warning:Time sync. failed (SNTP error)->control|warning:Comm.err. IEC server <- CMS drive tr.->drivetrain|warning:Comm.err. IEC client -> CMS drive tr.->drivetrain|warning:CMS drive train system error->drivetrain|stop:WEC shut down->manual|stop:No speed development->brake_hydraulic,4213,9386.501584975991,85.91246395343636,8.697344365487496,5.390191681076156,14.08753604656365,1005,1322.3267942947612,719,505.95042757745745,977,1741.3485003248225,0.0,0,unwarned,False,,0,-2.1379778127791518,,False,False,False
joint_5slots,joint,5,time_sync:external->control|cms_drivetrain:comms->drivetrain|wec_shut_down:control->manual|no_speed_development:control->brake_hydraulic|cable_overload:converter->electrical,warning:Check time synchronization->control|warning:Time sync. failed (SNTP error)->control|warning:Comm.err. IEC server <- CMS drive tr.->drivetrain|warning:Comm.err. IEC client -> CMS drive tr.->drivetrain|warning:CMS drive train system error->drivetrain|stop:WEC shut down->manual|stop:No speed development->brake_hydraulic|warning:Cable overload->electrical,4213,9386.501584975991,85.91246395343636,8.697344365487496,5.390191681076156,14.08753604656365,1005,1322.3267942947612,719,505.95042757745745,977,1741.3485003248225,0.0,0,unwarned,False,,0,-2.1379778127791518,,False,False,False
joint_5slots,joint,5,time_sync:external->control|cms_drivetrain:comms->drivetrain|wec_shut_down:control->manual|no_speed_development:control->brake_hydraulic|high_yaw_load:yaw->external,warning:Check time synchronization->control|warning:Time sync. failed (SNTP error)->control|warning:Comm.err. IEC server <- CMS drive tr.->drivetrain|warning:Comm.err. IEC client -> CMS drive tr.->drivetrain|warning:CMS drive train system error->drivetrain|stop:WEC shut down->manual|stop:No speed development->brake_hydraulic|stop:High yaw load->external,4213,9386.501584975991,85.91246395343636,8.697344365487496,5.390191681076156,14.08753604656365,1005,1322.3267942947612,719,505.95042757745745,977,1741.3485003248225,0.0,0,unwarned,False,,0,-2.1379778127791518,,False,False,False
joint_6slots,joint,6,time_sync:external->control|cms_drivetrain:comms->drivetrain|wec_shut_down:control->manual|no_speed_development:control->brake_hydraulic|high_yaw_load:yaw->external|cable_overload:converter->electrical,warning:Check time synchronization->control|warning:Time sync. failed (SNTP error)->control|warning:Comm.err. IEC server <- CMS drive tr.->drivetrain|warning:Comm.err. IEC client -> CMS drive tr.->drivetrain|warning:CMS drive train system error->drivetrain|stop:WEC shut down->manual|stop:No speed development->brake_hydraulic|stop:High yaw load->external|warning:Cable overload->electrical,4213,9386.501584975991,85.91246395343636,8.697344365487496,5.390191681076156,14.08753604656365,1005,1322.3267942947612,719,505.95042757745745,977,1741.3485003248225,0.0,0,unwarned,False,,0,-2.1379778127791518,,False,False,False
joint_3slots,joint,3,time_sync:external->control|cms_drivetrain:comms->drivetrain|current_asymmetry:converter->generator,warning:Check time synchronization->control|warning:Time sync. failed (SNTP error)->control|warning:Comm.err. IEC server <- CMS drive tr.->drivetrain|warning:Comm.err. IEC client -> CMS drive tr.->drivetrain|warning:CMS drive train system error->drivetrain|stop:Current asymmetry->generator,4213,9386.501584975991,83.71127076396915,8.695821233837933,7.592908002192923,16.288729236030854,1004,1528.9418279124839,719,712.7084299716075,946,1696.3201041110958,0.0,0,actionable_unacted,True,46.393055555555556,3,0.06473850833761485,,False,False,False
joint_4slots,joint,4,time_sync:external->control|cms_drivetrain:comms->drivetrain|current_asymmetry:converter->generator|cable_overload:converter->electrical,warning:Check time synchronization->control|warning:Time sync. failed (SNTP error)->control|warning:Comm.err. IEC server <- CMS drive tr.->drivetrain|warning:Comm.err. IEC client -> CMS drive tr.->drivetrain|warning:CMS drive train system error->drivetrain|stop:Current asymmetry->generator|warning:Cable overload->electrical,4213,9386.501584975991,83.71127076396915,8.695821233837933,7.592908002192923,16.288729236030854,1004,1528.9418279124839,719,712.7084299716075,946,1696.3201041110958,0.0,0,actionable_unacted,True,46.393055555555556,3,0.06473850833761485,,False,False,False
joint_4slots,joint,4,time_sync:external->control|cms_drivetrain:comms->drivetrain|current_asymmetry:converter->generator|high_yaw_load:yaw->external,warning:Check time synchronization->control|warning:Time sync. failed (SNTP error)->control|warning:Comm.err. IEC server <- CMS drive tr.->drivetrain|warning:Comm.err. IEC client -> CMS drive tr.->drivetrain|warning:CMS drive train system error->drivetrain|stop:Current asymmetry->generator|stop:High yaw load->external,4213,9386.501584975991,83.71127076396915,8.695821233837933,7.592908002192923,16.288729236030854,1004,1528.9418279124839,719,712.7084299716075,946,1696.3201041110958,0.0,0,actionable_unacted,True,46.393055555555556,3,0.06473850833761485,,False,False,False
joint_5slots,joint,5,time_sync:external->control|cms_drivetrain:comms->drivetrain|current_asymmetry:converter->generator|high_yaw_load:yaw->external|cable_overload:converter->electrical,warning:Check time synchronization->control|warning:Time sync. failed (SNTP error)->control|warning:Comm.err. IEC server <- CMS drive tr.->drivetrain|warning:Comm.err. IEC client -> CMS drive tr.->drivetrain|warning:CMS drive train system error->drivetrain|stop:Current asymmetry->generator|stop:High yaw load->external|warning:Cable overload->electrical,4213,9386.501584975991,83.71127076396915,8.695821233837933,7.592908002192923,16.288729236030854,1004,1528.9418279124839,719,712.7084299716075,946,1696.3201041110958,0.0,0,actionable_unacted,True,46.393055555555556,3,0.06473850833761485,,False,False,False
joint_4slots,joint,4,time_sync:external->control|cms_drivetrain:comms->drivetrain|current_asymmetry:converter->generator|no_speed_development:control->pitch,warning:Check time synchronization->control|warning:Time sync. failed (SNTP error)->control|warning:Comm.err. IEC server <- CMS drive tr.->drivetrain|warning:Comm.err. IEC client -> CMS drive tr.->drivetrain|warning:CMS drive train system error->drivetrain|stop:Current asymmetry->generator|stop:No speed development->pitch,4213,9386.501584975991,83.62627641105601,8.695821233837933,7.677902355106077,16.37372358894401,1005,1536.9198241958172,720,720.6864262549409,946,1696.3201041110958,0.0,0,actionable_unacted,True,46.393055555555556,3,0.14973286125076957,,False,False,False
joint_5slots,joint,5,time_sync:external->control|cms_drivetrain:comms->drivetrain|current_asymmetry:converter->generator|no_speed_development:control->pitch|cable_overload:converter->electrical,warning:Check time synchronization->control|warning:Time sync. failed (SNTP error)->control|warning:Comm.err. IEC server <- CMS drive tr.->drivetrain|warning:Comm.err. IEC client -> CMS drive tr.->drivetrain|warning:CMS drive train system error->drivetrain|stop:Current asymmetry->generator|stop:No speed development->pitch|warning:Cable overload->electrical,4213,9386.501584975991,83.62627641105601,8.695821233837933,7.677902355106077,16.37372358894401,1005,1536.9198241958172,720,720.6864262549409,946,1696.3201041110958,0.0,0,actionable_unacted,True,46.393055555555556,3,0.14973286125076957,,False,False,False
joint_5slots,joint,5,time_sync:external->control|cms_drivetrain:comms->drivetrain|current_asymmetry:converter->generator|no_speed_development:control->pitch|high_yaw_load:yaw->external,warning:Check time synchronization->control|warning:Time sync. failed (SNTP error)->control|warning:Comm.err. IEC server <- CMS drive tr.->drivetrain|warning:Comm.err. IEC client -> CMS drive tr.->drivetrain|warning:CMS drive train system error->drivetrain|stop:Current asymmetry->generator|stop:No speed development->pitch|stop:High yaw load->external,4213,9386.501584975991,83.62627641105601,8.695821233837933,7.677902355106077,16.37372358894401,1005,1536.9198241958172,720,720.6864262549409,946,1696.3201041110958,0.0,0,actionable_unacted,True,46.393055555555556,3,0.14973286125076957,,False,False,False
joint_6slots,joint,6,time_sync:external->control|cms_drivetrain:comms->drivetrain|current_asymmetry:converter->generator|no_speed_development:control->pitch|high_yaw_load:yaw->external|cable_overload:converter->electrical,warning:Check time synchronization->control|warning:Time sync. failed (SNTP error)->control|warning:Comm.err. IEC server <- CMS drive tr.->drivetrain|warning:Comm.err. IEC client -> CMS drive tr.->drivetrain|warning:CMS drive train system error->drivetrain|stop:Current asymmetry->generator|stop:No speed development->pitch|stop:High yaw load->external|warning:Cable overload->electrical,4213,9386.501584975991,83.62627641105601,8.695821233837933,7.677902355106077,16.37372358894401,1005,1536.9198241958172,720,720.6864262549409,946,1696.3201041110958,0.0,0,actionable_unacted,True,46.393055555555556,3,0.14973286125076957,,False,False,False
joint_4slots,joint,4,time_sync:external->control|cms_drivetrain:comms->drivetrain|current_asymmetry:converter->generator|no_speed_development:control->brake_hydraulic,warning:Check time synchronization->control|warning:Time sync. failed (SNTP error)->control|warning:Comm.err. IEC server <- CMS drive tr.->drivetrain|warning:Comm.err. IEC client -> CMS drive tr.->drivetrain|warning:CMS drive train system error->drivetrain|stop:Current asymmetry->generator|stop:No speed development->brake_hydraulic,4213,9386.501584975991,83.62159402713664,8.697344365487496,7.681061607375858,16.37840597286335,1007,1537.359336236621,721,720.9829695193173,946,1696.3201041110958,0.0,0,actionable_unacted,True,46.393055555555556,3,0.15289211352054988,,False,False,False
joint_5slots,joint,5,time_sync:external->control|cms_drivetrain:comms->drivetrain|current_asymmetry:converter->generator|no_speed_development:control->brake_hydraulic|cable_overload:converter->electrical,warning:Check time synchronization->control|warning:Time sync. failed (SNTP error)->control|warning:Comm.err. IEC server <- CMS drive tr.->drivetrain|warning:Comm.err. IEC client -> CMS drive tr.->drivetrain|warning:CMS drive train system error->drivetrain|stop:Current asymmetry->generator|stop:No speed development->brake_hydraulic|warning:Cable overload->electrical,4213,9386.501584975991,83.62159402713664,8.697344365487496,7.681061607375858,16.37840597286335,1007,1537.359336236621,721,720.9829695193173,946,1696.3201041110958,0.0,0,actionable_unacted,True,46.393055555555556,3,0.15289211352054988,,False,False,False
joint_5slots,joint,5,time_sync:external->control|cms_drivetrain:comms->drivetrain|current_asymmetry:converter->generator|no_speed_development:control->brake_hydraulic|high_yaw_load:yaw->external,warning:Check time synchronization->control|warning:Time sync. failed (SNTP error)->control|warning:Comm.err. IEC server <- CMS drive tr.->drivetrain|warning:Comm.err. IEC client -> CMS drive tr.->drivetrain|warning:CMS drive train system error->drivetrain|stop:Current asymmetry->generator|stop:No speed development->brake_hydraulic|stop:High yaw load->external,4213,9386.501584975991,83.62159402713664,8.697344365487496,7.681061607375858,16.37840597286335,1007,1537.359336236621,721,720.9829695193173,946,1696.3201041110958,0.0,0,actionable_unacted,True,46.393055555555556,3,0.15289211352054988,,False,False,False
joint_6slots,joint,6,time_sync:external->control|cms_drivetrain:comms->drivetrain|current_asymmetry:converter->generator|no_speed_development:control->brake_hydraulic|high_yaw_load:yaw->external|cable_overload:converter->electrical,warning:Check time synchronization->control|warning:Time sync. failed (SNTP error)->control|warning:Comm.err. IEC server <- CMS drive tr.->drivetrain|warning:Comm.err. IEC client -> CMS drive tr.->drivetrain|warning:CMS drive train system error->drivetrain|stop:Current asymmetry->generator|stop:No speed development->brake_hydraulic|stop:High yaw load->external|warning:Cable overload->electrical,4213,9386.501584975991,83.62159402713664,8.697344365487496,7.681061607375858,16.37840597286335,1007,1537.359336236621,721,720.9829695193173,946,1696.3201041110958,0.0,0,actionable_unacted,True,46.393055555555556,3,0.15289211352054988,,False,False,False
joint_4slots,joint,4,time_sync:external->control|cms_drivetrain:comms->drivetrain|current_asymmetry:converter->generator|wec_shut_down:control->manual,warning:Check time synchronization->control|warning:Time sync. failed (SNTP error)->control|warning:Comm.err. IEC server <- CMS drive tr.->drivetrain|warning:Comm.err. IEC client -> CMS drive tr.->drivetrain|warning:CMS drive train system error->drivetrain|stop:Current asymmetry->generator|stop:WEC shut down->manual,4213,9386.501584975991,86.00214069026886,8.695821233837933,5.302038075893221,13.997859309731155,1002,1313.9092859706243,717,497.67588802974774,946,1696.3201041110958,0.0,0,unwarned,False,,0,-2.226131417962087,,False,False,False
joint_5slots,joint,5,time_sync:external->control|cms_drivetrain:comms->drivetrain|current_asymmetry:converter->generator|wec_shut_down:control->manual|cable_overload:converter->electrical,warning:Check time synchronization->control|warning:Time sync. failed (SNTP error)->control|warning:Comm.err. IEC server <- CMS drive tr.->drivetrain|warning:Comm.err. IEC client -> CMS drive tr.->drivetrain|warning:CMS drive train system error->drivetrain|stop:Current asymmetry->generator|stop:WEC shut down->manual|warning:Cable overload->electrical,4213,9386.501584975991,86.00214069026886,8.695821233837933,5.302038075893221,13.997859309731155,1002,1313.9092859706243,717,497.67588802974774,946,1696.3201041110958,0.0,0,unwarned,False,,0,-2.226131417962087,,False,False,False
joint_5slots,joint,5,time_sync:external->control|cms_drivetrain:comms->drivetrain|current_asymmetry:converter->generator|wec_shut_down:control->manual|high_yaw_load:yaw->external,warning:Check time synchronization->control|warning:Time sync. failed (SNTP error)->control|warning:Comm.err. IEC server <- CMS drive tr.->drivetrain|warning:Comm.err. IEC client -> CMS drive tr.->drivetrain|warning:CMS drive train system error->drivetrain|stop:Current asymmetry->generator|stop:WEC shut down->manual|stop:High yaw load->external,4213,9386.501584975991,86.00214069026886,8.695821233837933,5.302038075893221,13.997859309731155,1002,1313.9092859706243,717,497.67588802974774,946,1696.3201041110958,0.0,0,unwarned,False,,0,-2.226131417962087,,False,False,False
joint_6slots,joint,6,time_sync:external->control|cms_drivetrain:comms->drivetrain|current_asymmetry:converter->generator|wec_shut_down:control->manual|high_yaw_load:yaw->external|cable_overload:converter->electrical,warning:Check time synchronization->control|warning:Time sync. failed (SNTP error)->control|warning:Comm.err. IEC server <- CMS drive tr.->drivetrain|warning:Comm.err. IEC client -> CMS drive tr.->drivetrain|warning:CMS drive train system error->drivetrain|stop:Current asymmetry->generator|stop:WEC shut down->manual|stop:High yaw load->external|warning:Cable overload->electrical,4213,9386.501584975991,86.00214069026886,8.695821233837933,5.302038075893221,13.997859309731155,1002,1313.9092859706243,717,497.67588802974774,946,1696.3201041110958,0.0,0,unwarned,False,,0,-2.226131417962087,,False,False,False
joint_5slots,joint,5,time_sync:external->control|cms_drivetrain:comms->drivetrain|current_asymmetry:converter->generator|wec_shut_down:control->manual|no_speed_development:control->pitch,warning:Check time synchronization->control|warning:Time sync. failed (SNTP error)->control|warning:Comm.err. IEC server <- CMS drive tr.->drivetrain|warning:Comm.err. IEC client -> CMS drive tr.->drivetrain|warning:CMS drive train system error->drivetrain|stop:Current asymmetry->generator|stop:WEC shut down->manual|stop:No speed development->pitch,4213,9386.501584975991,85.9171463373557,8.695821233837933,5.387032428806376,14.08285366264431,1003,1321.8872822539574,718,505.6538843130811,946,1696.3201041110958,0.0,0,unwarned,False,,0,-2.141137065048932,,False,False,False
joint_6slots,joint,6,time_sync:external->control|cms_drivetrain:comms->drivetrain|current_asymmetry:converter->generator|wec_shut_down:control->manual|no_speed_development:control->pitch|cable_overload:converter->electrical,warning:Check time synchronization->control|warning:Time sync. failed (SNTP error)->control|warning:Comm.err. IEC server <- CMS drive tr.->drivetrain|warning:Comm.err. IEC client -> CMS drive tr.->drivetrain|warning:CMS drive train system error->drivetrain|stop:Current asymmetry->generator|stop:WEC shut down->manual|stop:No speed development->pitch|warning:Cable overload->electrical,4213,9386.501584975991,85.9171463373557,8.695821233837933,5.387032428806376,14.08285366264431,1003,1321.8872822539574,718,505.6538843130811,946,1696.3201041110958,0.0,0,unwarned,False,,0,-2.141137065048932,,False,False,False
joint_6slots,joint,6,time_sync:external->control|cms_drivetrain:comms->drivetrain|current_asymmetry:converter->generator|wec_shut_down:control->manual|no_speed_development:control->pitch|high_yaw_load:yaw->external,warning:Check time synchronization->control|warning:Time sync. failed (SNTP error)->control|warning:Comm.err. IEC server <- CMS drive tr.->drivetrain|warning:Comm.err. IEC client -> CMS drive tr.->drivetrain|warning:CMS drive train system error->drivetrain|stop:Current asymmetry->generator|stop:WEC shut down->manual|stop:No speed development->pitch|stop:High yaw load->external,4213,9386.501584975991,85.9171463373557,8.695821233837933,5.387032428806376,14.08285366264431,1003,1321.8872822539574,718,505.6538843130811,946,1696.3201041110958,0.0,0,unwarned,False,,0,-2.141137065048932,,False,False,False
joint_7slots,joint,7,time_sync:external->control|cms_drivetrain:comms->drivetrain|current_asymmetry:converter->generator|wec_shut_down:control->manual|no_speed_development:control->pitch|high_yaw_load:yaw->external|cable_overload:converter->electrical,warning:Check time synchronization->control|warning:Time sync. failed (SNTP error)->control|warning:Comm.err. IEC server <- CMS drive tr.->drivetrain|warning:Comm.err. IEC client -> CMS drive tr.->drivetrain|warning:CMS drive train system error->drivetrain|stop:Current asymmetry->generator|stop:WEC shut down->manual|stop:No speed development->pitch|stop:High yaw load->external|warning:Cable overload->electrical,4213,9386.501584975991,85.9171463373557,8.695821233837933,5.387032428806376,14.08285366264431,1003,1321.8872822539574,718,505.6538843130811,946,1696.3201041110958,0.0,0,unwarned,False,,0,-2.141137065048932,,False,False,False
joint_5slots,joint,5,time_sync:external->control|cms_drivetrain:comms->drivetrain|current_asymmetry:converter->generator|wec_shut_down:control->manual|no_speed_development:control->brake_hydraulic,warning:Check time synchronization->control|warning:Time sync. failed (SNTP error)->control|warning:Comm.err. IEC server <- CMS drive tr.->drivetrain|warning:Comm.err. IEC client -> CMS drive tr.->drivetrain|warning:CMS drive train system error->drivetrain|stop:Current asymmetry->generator|stop:WEC shut down->manual|stop:No speed development->brake_hydraulic,4213,9386.501584975991,85.91246395343636,8.697344365487496,5.390191681076156,14.08753604656365,1005,1322.3267942947612,719,505.95042757745745,946,1696.3201041110958,0.0,0,unwarned,False,,0,-2.1379778127791518,,False,False,False
joint_6slots,joint,6,time_sync:external->control|cms_drivetrain:comms->drivetrain|current_asymmetry:converter->generator|wec_shut_down:control->manual|no_speed_development:control->brake_hydraulic|cable_overload:converter->electrical,warning:Check time synchronization->control|warning:Time sync. failed (SNTP error)->control|warning:Comm.err. IEC server <- CMS drive tr.->drivetrain|warning:Comm.err. IEC client -> CMS drive tr.->drivetrain|warning:CMS drive train system error->drivetrain|stop:Current asymmetry->generator|stop:WEC shut down->manual|stop:No speed development->brake_hydraulic|warning:Cable overload->electrical,4213,9386.501584975991,85.91246395343636,8.697344365487496,5.390191681076156,14.08753604656365,1005,1322.3267942947612,719,505.95042757745745,946,1696.3201041110958,0.0,0,unwarned,False,,0,-2.1379778127791518,,False,False,False
joint_6slots,joint,6,time_sync:external->control|cms_drivetrain:comms->drivetrain|current_asymmetry:converter->generator|wec_shut_down:control->manual|no_speed_development:control->brake_hydraulic|high_yaw_load:yaw->external,warning:Check time synchronization->control|warning:Time sync. failed (SNTP error)->control|warning:Comm.err. IEC server <- CMS drive tr.->drivetrain|warning:Comm.err. IEC client -> CMS drive tr.->drivetrain|warning:CMS drive train system error->drivetrain|stop:Current asymmetry->generator|stop:WEC shut down->manual|stop:No speed development->brake_hydraulic|stop:High yaw load->external,4213,9386.501584975991,85.91246395343636,8.697344365487496,5.390191681076156,14.08753604656365,1005,1322.3267942947612,719,505.95042757745745,946,1696.3201041110958,0.0,0,unwarned,False,,0,-2.1379778127791518,,False,False,False
joint_7slots,joint,7,time_sync:external->control|cms_drivetrain:comms->drivetrain|current_asymmetry:converter->generator|wec_shut_down:control->manual|no_speed_development:control->brake_hydraulic|high_yaw_load:yaw->external|cable_overload:converter->electrical,warning:Check time synchronization->control|warning:Time sync. failed (SNTP error)->control|warning:Comm.err. IEC server <- CMS drive tr.->drivetrain|warning:Comm.err. IEC client -> CMS drive tr.->drivetrain|warning:CMS drive train system error->drivetrain|stop:Current asymmetry->generator|stop:WEC shut down->manual|stop:No speed development->brake_hydraulic|stop:High yaw load->external|warning:Cable overload->electrical,4213,9386.501584975991,85.91246395343636,8.697344365487496,5.390191681076156,14.08753604656365,1005,1322.3267942947612,719,505.95042757745745,946,1696.3201041110958,0.0,0,unwarned,False,,0,-2.1379778127791518,,False,False,False
brake_resistor_chp:pitch->converter,single_flip,1,brake_resistor_chp:pitch->converter,warning:Error brake resistor CHP->converter,4213,9386.501584975991,83.61365053042583,8.435722629839901,7.950626839734279,16.386349469574178,1003,1538.1049526812853,707,746.2857143271847,977,1741.3485003248225,4.327733408394787,28,actionable_unacted,True,20.788888888888888,2,0.4224573458789713,"[brake_resistor_chp] ""AMBIGUOUS and high-volume (235 warnings). 'CHP' = chopper brake resistor. Code 785 sits between the pitch battery block (700-735) and the pitch lubrication pump (850), and the MM82/92 pitch drives have their own braking chopper, so assigned to `pitch`. A converter DC-link chopper reading is equally defensible. Alternatives: converter, brake_hydraulic. FLAGGED for orchestrator review.""",False,False,False
brake_resistor_chp:pitch->converter+cable_overload:converter->electrical,joint,2,brake_resistor_chp:pitch->converter|cable_overload:converter->electrical,warning:Error brake resistor CHP->converter|warning:Cable overload->electrical,4213,9386.501584975991,83.61365053042583,8.435722629839901,7.950626839734279,16.386349469574178,1003,1538.1049526812853,707,746.2857143271847,977,1741.3485003248225,4.327733408394787,28,actionable_unacted,True,20.788888888888888,2,0.4224573458789713,,False,False,False
brake_resistor_chp:pitch->converter+high_yaw_load:yaw->external,joint,2,brake_resistor_chp:pitch->converter|high_yaw_load:yaw->external,warning:Error brake resistor CHP->converter|stop:High yaw load->external,4213,9386.501584975991,83.61365053042583,8.435722629839901,7.950626839734279,16.386349469574178,1003,1538.1049526812853,707,746.2857143271847,977,1741.3485003248225,4.327733408394787,28,actionable_unacted,True,20.788888888888888,2,0.4224573458789713,,False,False,False
joint_3slots,joint,3,brake_resistor_chp:pitch->converter|high_yaw_load:yaw->external|cable_overload:converter->electrical,warning:Error brake resistor CHP->converter|stop:High yaw load->external|warning:Cable overload->electrical,4213,9386.501584975991,83.61365053042583,8.435722629839901,7.950626839734279,16.386349469574178,1003,1538.1049526812853,707,746.2857143271847,977,1741.3485003248225,4.327733408394787,28,actionable_unacted,True,20.788888888888888,2,0.4224573458789713,,False,False,False
brake_resistor_chp:pitch->converter+no_speed_development:control->pitch,joint,2,brake_resistor_chp:pitch->converter|no_speed_development:control->pitch,warning:Error brake resistor CHP->converter|stop:No speed development->pitch,4213,9386.501584975991,83.52865617751269,8.435722629839901,8.035621192647435,16.471343822487334,1004,1546.0829489646185,708,754.263710610518,977,1741.3485003248225,4.327733408394787,28,actionable_unacted,True,20.788888888888888,2,0.5074516987921269,,False,False,False
joint_3slots,joint,3,brake_resistor_chp:pitch->converter|no_speed_development:control->pitch|cable_overload:converter->electrical,warning:Error brake resistor CHP->converter|stop:No speed development->pitch|warning:Cable overload->electrical,4213,9386.501584975991,83.52865617751269,8.435722629839901,8.035621192647435,16.471343822487334,1004,1546.0829489646185,708,754.263710610518,977,1741.3485003248225,4.327733408394787,28,actionable_unacted,True,20.788888888888888,2,0.5074516987921269,,False,False,False
joint_3slots,joint,3,brake_resistor_chp:pitch->converter|no_speed_development:control->pitch|high_yaw_load:yaw->external,warning:Error brake resistor CHP->converter|stop:No speed development->pitch|stop:High yaw load->external,4213,9386.501584975991,83.52865617751269,8.435722629839901,8.035621192647435,16.471343822487334,1004,1546.0829489646185,708,754.263710610518,977,1741.3485003248225,4.327733408394787,28,actionable_unacted,True,20.788888888888888,2,0.5074516987921269,,False,False,False
joint_4slots,joint,4,brake_resistor_chp:pitch->converter|no_speed_development:control->pitch|high_yaw_load:yaw->external|cable_overload:converter->electrical,warning:Error brake resistor CHP->converter|stop:No speed development->pitch|stop:High yaw load->external|warning:Cable overload->electrical,4213,9386.501584975991,83.52865617751269,8.435722629839901,8.035621192647435,16.471343822487334,1004,1546.0829489646185,708,754.263710610518,977,1741.3485003248225,4.327733408394787,28,actionable_unacted,True,20.788888888888888,2,0.5074516987921269,,False,False,False
brake_resistor_chp:pitch->converter+no_speed_development:control->brake_hydraulic,joint,2,brake_resistor_chp:pitch->converter|no_speed_development:control->brake_hydraulic,warning:Error brake resistor CHP->converter|stop:No speed development->brake_hydraulic,4213,9386.501584975991,83.52397379359334,8.437245761489462,8.038780444917213,16.47602620640668,1006,1546.5224610054224,709,754.5602538748943,977,1741.3485003248225,4.327733408394787,28,actionable_unacted,True,20.788888888888888,2,0.5106109510619055,,False,False,False
joint_3slots,joint,3,brake_resistor_chp:pitch->converter|no_speed_development:control->brake_hydraulic|cable_overload:converter->electrical,warning:Error brake resistor CHP->converter|stop:No speed development->brake_hydraulic|warning:Cable overload->electrical,4213,9386.501584975991,83.52397379359334,8.437245761489462,8.038780444917213,16.47602620640668,1006,1546.5224610054224,709,754.5602538748943,977,1741.3485003248225,4.327733408394787,28,actionable_unacted,True,20.788888888888888,2,0.5106109510619055,,False,False,False
joint_3slots,joint,3,brake_resistor_chp:pitch->converter|no_speed_development:control->brake_hydraulic|high_yaw_load:yaw->external,warning:Error brake resistor CHP->converter|stop:No speed development->brake_hydraulic|stop:High yaw load->external,4213,9386.501584975991,83.52397379359334,8.437245761489462,8.038780444917213,16.47602620640668,1006,1546.5224610054224,709,754.5602538748943,977,1741.3485003248225,4.327733408394787,28,actionable_unacted,True,20.788888888888888,2,0.5106109510619055,,False,False,False
joint_4slots,joint,4,brake_resistor_chp:pitch->converter|no_speed_development:control->brake_hydraulic|high_yaw_load:yaw->external|cable_overload:converter->electrical,warning:Error brake resistor CHP->converter|stop:No speed development->brake_hydraulic|stop:High yaw load->external|warning:Cable overload->electrical,4213,9386.501584975991,83.52397379359334,8.437245761489462,8.038780444917213,16.47602620640668,1006,1546.5224610054224,709,754.5602538748943,977,1741.3485003248225,4.327733408394787,28,actionable_unacted,True,20.788888888888888,2,0.5106109510619055,,False,False,False
brake_resistor_chp:pitch->converter+wec_shut_down:control->manual,joint,2,brake_resistor_chp:pitch->converter|wec_shut_down:control->manual,warning:Error brake resistor CHP->converter|stop:WEC shut down->manual,4213,9386.501584975991,85.90452045672554,8.435722629839901,5.6597569134345775,14.095479543274477,1001,1323.0724107394253,705,531.2531723853249,977,1741.3485003248225,4.327733408394787,28,unwarned,False,,0,-1.8684125804207303,,False,False,False
joint_3slots,joint,3,brake_resistor_chp:pitch->converter|wec_shut_down:control->manual|cable_overload:converter->electrical,warning:Error brake resistor CHP->converter|stop:WEC shut down->manual|warning:Cable overload->electrical,4213,9386.501584975991,85.90452045672554,8.435722629839901,5.6597569134345775,14.095479543274477,1001,1323.0724107394253,705,531.2531723853249,977,1741.3485003248225,4.327733408394787,28,unwarned,False,,0,-1.8684125804207303,,False,False,False
joint_3slots,joint,3,brake_resistor_chp:pitch->converter|wec_shut_down:control->manual|high_yaw_load:yaw->external,warning:Error brake resistor CHP->converter|stop:WEC shut down->manual|stop:High yaw load->external,4213,9386.501584975991,85.90452045672554,8.435722629839901,5.6597569134345775,14.095479543274477,1001,1323.0724107394253,705,531.2531723853249,977,1741.3485003248225,4.327733408394787,28,unwarned,False,,0,-1.8684125804207303,,False,False,False
joint_4slots,joint,4,brake_resistor_chp:pitch->converter|wec_shut_down:control->manual|high_yaw_load:yaw->external|cable_overload:converter->electrical,warning:Error brake resistor CHP->converter|stop:WEC shut down->manual|stop:High yaw load->external|warning:Cable overload->electrical,4213,9386.501584975991,85.90452045672554,8.435722629839901,5.6597569134345775,14.095479543274477,1001,1323.0724107394253,705,531.2531723853249,977,1741.3485003248225,4.327733408394787,28,unwarned,False,,0,-1.8684125804207303,,False,False,False
joint_3slots,joint,3,brake_resistor_chp:pitch->converter|wec_shut_down:control->manual|no_speed_development:control->pitch,warning:Error brake resistor CHP->converter|stop:WEC shut down->manual|stop:No speed development->pitch,4213,9386.501584975991,85.81952610381236,8.435722629839901,5.744751266347733,14.180473896187635,1002,1331.050407022759,706,539.2311686686583,977,1741.3485003248225,4.327733408394787,28,unwarned,False,,0,-1.7834182275075747,,False,False,False
joint_4slots,joint,4,brake_resistor_chp:pitch->converter|wec_shut_down:control->manual|no_speed_development:control->pitch|cable_overload:converter->electrical,warning:Error brake resistor CHP->converter|stop:WEC shut down->manual|stop:No speed development->pitch|warning:Cable overload->electrical,4213,9386.501584975991,85.81952610381236,8.435722629839901,5.744751266347733,14.180473896187635,1002,1331.050407022759,706,539.2311686686583,977,1741.3485003248225,4.327733408394787,28,unwarned,False,,0,-1.7834182275075747,,False,False,False
joint_4slots,joint,4,brake_resistor_chp:pitch->converter|wec_shut_down:control->manual|no_speed_development:control->pitch|high_yaw_load:yaw->external,warning:Error brake resistor CHP->converter|stop:WEC shut down->manual|stop:No speed development->pitch|stop:High yaw load->external,4213,9386.501584975991,85.81952610381236,8.435722629839901,5.744751266347733,14.180473896187635,1002,1331.050407022759,706,539.2311686686583,977,1741.3485003248225,4.327733408394787,28,unwarned,False,,0,-1.7834182275075747,,False,False,False
joint_5slots,joint,5,brake_resistor_chp:pitch->converter|wec_shut_down:control->manual|no_speed_development:control->pitch|high_yaw_load:yaw->external|cable_overload:converter->electrical,warning:Error brake resistor CHP->converter|stop:WEC shut down->manual|stop:No speed development->pitch|stop:High yaw load->external|warning:Cable overload->electrical,4213,9386.501584975991,85.81952610381236,8.435722629839901,5.744751266347733,14.180473896187635,1002,1331.050407022759,706,539.2311686686583,977,1741.3485003248225,4.327733408394787,28,unwarned,False,,0,-1.7834182275075747,,False,False,False
joint_3slots,joint,3,brake_resistor_chp:pitch->converter|wec_shut_down:control->manual|no_speed_development:control->brake_hydraulic,warning:Error brake resistor CHP->converter|stop:WEC shut down->manual|stop:No speed development->brake_hydraulic,4213,9386.501584975991,85.81484371989303,8.437245761489462,5.747910518617513,14.185156280106973,1004,1331.4899190635624,707,539.5277119330345,977,1741.3485003248225,4.327733408394787,28,unwarned,False,,0,-1.7802589752377953,,False,False,False
joint_4slots,joint,4,brake_resistor_chp:pitch->converter|wec_shut_down:control->manual|no_speed_development:control->brake_hydraulic|cable_overload:converter->electrical,warning:Error brake resistor CHP->converter|stop:WEC shut down->manual|stop:No speed development->brake_hydraulic|warning:Cable overload->electrical,4213,9386.501584975991,85.81484371989303,8.437245761489462,5.747910518617513,14.185156280106973,1004,1331.4899190635624,707,539.5277119330345,977,1741.3485003248225,4.327733408394787,28,unwarned,False,,0,-1.7802589752377953,,False,False,False
joint_4slots,joint,4,brake_resistor_chp:pitch->converter|wec_shut_down:control->manual|no_speed_development:control->brake_hydraulic|high_yaw_load:yaw->external,warning:Error brake resistor CHP->converter|stop:WEC shut down->manual|stop:No speed development->brake_hydraulic|stop:High yaw load->external,4213,9386.501584975991,85.81484371989303,8.437245761489462,5.747910518617513,14.185156280106973,1004,1331.4899190635624,707,539.5277119330345,977,1741.3485003248225,4.327733408394787,28,unwarned,False,,0,-1.7802589752377953,,False,False,False
joint_5slots,joint,5,brake_resistor_chp:pitch->converter|wec_shut_down:control->manual|no_speed_development:control->brake_hydraulic|high_yaw_load:yaw->external|cable_overload:converter->electrical,warning:Error brake resistor CHP->converter|stop:WEC shut down->manual|stop:No speed development->brake_hydraulic|stop:High yaw load->external|warning:Cable overload->electrical,4213,9386.501584975991,85.81484371989303,8.437245761489462,5.747910518617513,14.185156280106973,1004,1331.4899190635624,707,539.5277119330345,977,1741.3485003248225,4.327733408394787,28,unwarned,False,,0,-1.7802589752377953,,False,False,False
brake_resistor_chp:pitch->converter+current_asymmetry:converter->generator,joint,2,brake_resistor_chp:pitch->converter|current_asymmetry:converter->generator,warning:Error brake resistor CHP->converter|stop:Current asymmetry->generator,4213,9386.501584975991,83.96934963837893,8.427796896609737,7.6028534650113535,16.03065036162109,991,1504.717250275523,699,713.6419609966928,946,1696.3201041110958,2.4743689765659806,16,actionable_unacted,True,20.788888888888888,2,0.07468397115604564,,False,False,False
joint_3slots,joint,3,brake_resistor_chp:pitch->converter|current_asymmetry:converter->generator|cable_overload:converter->electrical,warning:Error brake resistor CHP->converter|stop:Current asymmetry->generator|warning:Cable overload->electrical,4213,9386.501584975991,83.96934963837893,8.427796896609737,7.6028534650113535,16.03065036162109,991,1504.717250275523,699,713.6419609966928,946,1696.3201041110958,2.4743689765659806,16,actionable_unacted,True,20.788888888888888,2,0.07468397115604564,,False,False,False
joint_3slots,joint,3,brake_resistor_chp:pitch->converter|current_asymmetry:converter->generator|high_yaw_load:yaw->external,warning:Error brake resistor CHP->converter|stop:Current asymmetry->generator|stop:High yaw load->external,4213,9386.501584975991,83.96934963837893,8.427796896609737,7.6028534650113535,16.03065036162109,991,1504.717250275523,699,713.6419609966928,946,1696.3201041110958,2.4743689765659806,16,actionable_unacted,True,20.788888888888888,2,0.07468397115604564,,False,False,False
joint_4slots,joint,4,brake_resistor_chp:pitch->converter|current_asymmetry:converter->generator|high_yaw_load:yaw->external|cable_overload:converter->electrical,warning:Error brake resistor CHP->converter|stop:Current asymmetry->generator|stop:High yaw load->external|warning:Cable overload->electrical,4213,9386.501584975991,83.96934963837893,8.427796896609737,7.6028534650113535,16.03065036162109,991,1504.717250275523,699,713.6419609966928,946,1696.3201041110958,2.4743689765659806,16,actionable_unacted,True,20.788888888888888,2,0.07468397115604564,,False,False,False
joint_3slots,joint,3,brake_resistor_chp:pitch->converter|current_asymmetry:converter->generator|no_speed_development:control->pitch,warning:Error brake resistor CHP->converter|stop:Current asymmetry->generator|stop:No speed development->pitch,4213,9386.501584975991,83.88435528546577,8.427796896609737,7.687847817924507,16.11564471453424,992,1512.6952465588563,700,721.619957280026,946,1696.3201041110958,2.4743689765659806,16,actionable_unacted,True,20.788888888888888,2,0.15967832406919946,,False,False,False
joint_4slots,joint,4,brake_resistor_chp:pitch->converter|current_asymmetry:converter->generator|no_speed_development:control->pitch|cable_overload:converter->electrical,warning:Error brake resistor CHP->converter|stop:Current asymmetry->generator|stop:No speed development->pitch|warning:Cable overload->electrical,4213,9386.501584975991,83.88435528546577,8.427796896609737,7.687847817924507,16.11564471453424,992,1512.6952465588563,700,721.619957280026,946,1696.3201041110958,2.4743689765659806,16,actionable_unacted,True,20.788888888888888,2,0.15967832406919946,,False,False,False
joint_4slots,joint,4,brake_resistor_chp:pitch->converter|current_asymmetry:converter->generator|no_speed_development:control->pitch|high_yaw_load:yaw->external,warning:Error brake resistor CHP->converter|stop:Current asymmetry->generator|stop:No speed development->pitch|stop:High yaw load->external,4213,9386.501584975991,83.88435528546577,8.427796896609737,7.687847817924507,16.11564471453424,992,1512.6952465588563,700,721.619957280026,946,1696.3201041110958,2.4743689765659806,16,actionable_unacted,True,20.788888888888888,2,0.15967832406919946,,False,False,False
joint_5slots,joint,5,brake_resistor_chp:pitch->converter|current_asymmetry:converter->generator|no_speed_development:control->pitch|high_yaw_load:yaw->external|cable_overload:converter->electrical,warning:Error brake resistor CHP->converter|stop:Current asymmetry->generator|stop:No speed development->pitch|stop:High yaw load->external|warning:Cable overload->electrical,4213,9386.501584975991,83.88435528546577,8.427796896609737,7.687847817924507,16.11564471453424,992,1512.6952465588563,700,721.619957280026,946,1696.3201041110958,2.4743689765659806,16,actionable_unacted,True,20.788888888888888,2,0.15967832406919946,,False,False,False
joint_3slots,joint,3,brake_resistor_chp:pitch->converter|current_asymmetry:converter->generator|no_speed_development:control->brake_hydraulic,warning:Error brake resistor CHP->converter|stop:Current asymmetry->generator|stop:No speed development->brake_hydraulic,4213,9386.501584975991,83.87967290154644,8.4293200282593,7.691007070194288,16.120327098453586,994,1513.13475859966,701,721.9165005444023,946,1696.3201041110958,2.4743689765659806,16,actionable_unacted,True,20.788888888888888,2,0.16283757633897977,,False,False,False
joint_4slots,joint,4,brake_resistor_chp:pitch->converter|current_asymmetry:converter->generator|no_speed_development:control->brake_hydraulic|cable_overload:converter->electrical,warning:Error brake resistor CHP->converter|stop:Current asymmetry->generator|stop:No speed development->brake_hydraulic|warning:Cable overload->electrical,4213,9386.501584975991,83.87967290154644,8.4293200282593,7.691007070194288,16.120327098453586,994,1513.13475859966,701,721.9165005444023,946,1696.3201041110958,2.4743689765659806,16,actionable_unacted,True,20.788888888888888,2,0.16283757633897977,,False,False,False
joint_4slots,joint,4,brake_resistor_chp:pitch->converter|current_asymmetry:converter->generator|no_speed_development:control->brake_hydraulic|high_yaw_load:yaw->external,warning:Error brake resistor CHP->converter|stop:Current asymmetry->generator|stop:No speed development->brake_hydraulic|stop:High yaw load->external,4213,9386.501584975991,83.87967290154644,8.4293200282593,7.691007070194288,16.120327098453586,994,1513.13475859966,701,721.9165005444023,946,1696.3201041110958,2.4743689765659806,16,actionable_unacted,True,20.788888888888888,2,0.16283757633897977,,False,False,False
joint_5slots,joint,5,brake_resistor_chp:pitch->converter|current_asymmetry:converter->generator|no_speed_development:control->brake_hydraulic|high_yaw_load:yaw->external|cable_overload:converter->electrical,warning:Error brake resistor CHP->converter|stop:Current asymmetry->generator|stop:No speed development->brake_hydraulic|stop:High yaw load->external|warning:Cable overload->electrical,4213,9386.501584975991,83.87967290154644,8.4293200282593,7.691007070194288,16.120327098453586,994,1513.13475859966,701,721.9165005444023,946,1696.3201041110958,2.4743689765659806,16,actionable_unacted,True,20.788888888888888,2,0.16283757633897977,,False,False,False
joint_3slots,joint,3,brake_resistor_chp:pitch->converter|current_asymmetry:converter->generator|wec_shut_down:control->manual,warning:Error brake resistor CHP->converter|stop:Current asymmetry->generator|stop:WEC shut down->manual,4213,9386.501584975991,86.26021956467862,8.427796896609737,5.311983538711652,13.73978043532139,989,1289.6847083336634,697,498.609419054833,946,1696.3201041110958,2.4743689765659806,16,unwarned,False,,0,-2.216185955143656,,False,False,False
joint_4slots,joint,4,brake_resistor_chp:pitch->converter|current_asymmetry:converter->generator|wec_shut_down:control->manual|cable_overload:converter->electrical,warning:Error brake resistor CHP->converter|stop:Current asymmetry->generator|stop:WEC shut down->manual|warning:Cable overload->electrical,4213,9386.501584975991,86.26021956467862,8.427796896609737,5.311983538711652,13.73978043532139,989,1289.6847083336634,697,498.609419054833,946,1696.3201041110958,2.4743689765659806,16,unwarned,False,,0,-2.216185955143656,,False,False,False
joint_4slots,joint,4,brake_resistor_chp:pitch->converter|current_asymmetry:converter->generator|wec_shut_down:control->manual|high_yaw_load:yaw->external,warning:Error brake resistor CHP->converter|stop:Current asymmetry->generator|stop:WEC shut down->manual|stop:High yaw load->external,4213,9386.501584975991,86.26021956467862,8.427796896609737,5.311983538711652,13.73978043532139,989,1289.6847083336634,697,498.609419054833,946,1696.3201041110958,2.4743689765659806,16,unwarned,False,,0,-2.216185955143656,,False,False,False
joint_5slots,joint,5,brake_resistor_chp:pitch->converter|current_asymmetry:converter->generator|wec_shut_down:control->manual|high_yaw_load:yaw->external|cable_overload:converter->electrical,warning:Error brake resistor CHP->converter|stop:Current asymmetry->generator|stop:WEC shut down->manual|stop:High yaw load->external|warning:Cable overload->electrical,4213,9386.501584975991,86.26021956467862,8.427796896609737,5.311983538711652,13.73978043532139,989,1289.6847083336634,697,498.609419054833,946,1696.3201041110958,2.4743689765659806,16,unwarned,False,,0,-2.216185955143656,,False,False,False
joint_4slots,joint,4,brake_resistor_chp:pitch->converter|current_asymmetry:converter->generator|wec_shut_down:control->manual|no_speed_development:control->pitch,warning:Error brake resistor CHP->converter|stop:Current asymmetry->generator|stop:WEC shut down->manual|stop:No speed development->pitch,4213,9386.501584975991,86.17522521176548,8.427796896609737,5.396977891624807,13.824774788234542,990,1297.6627046169965,698,506.5874153381663,946,1696.3201041110958,2.4743689765659806,16,unwarned,False,,0,-2.1311916022305013,,False,False,False
joint_5slots,joint,5,brake_resistor_chp:pitch->converter|current_asymmetry:converter->generator|wec_shut_down:control->manual|no_speed_development:control->pitch|cable_overload:converter->electrical,warning:Error brake resistor CHP->converter|stop:Current asymmetry->generator|stop:WEC shut down->manual|stop:No speed development->pitch|warning:Cable overload->electrical,4213,9386.501584975991,86.17522521176548,8.427796896609737,5.396977891624807,13.824774788234542,990,1297.6627046169965,698,506.5874153381663,946,1696.3201041110958,2.4743689765659806,16,unwarned,False,,0,-2.1311916022305013,,False,False,False
joint_5slots,joint,5,brake_resistor_chp:pitch->converter|current_asymmetry:converter->generator|wec_shut_down:control->manual|no_speed_development:control->pitch|high_yaw_load:yaw->external,warning:Error brake resistor CHP->converter|stop:Current asymmetry->generator|stop:WEC shut down->manual|stop:No speed development->pitch|stop:High yaw load->external,4213,9386.501584975991,86.17522521176548,8.427796896609737,5.396977891624807,13.824774788234542,990,1297.6627046169965,698,506.5874153381663,946,1696.3201041110958,2.4743689765659806,16,unwarned,False,,0,-2.1311916022305013,,False,False,False
joint_6slots,joint,6,brake_resistor_chp:pitch->converter|current_asymmetry:converter->generator|wec_shut_down:control->manual|no_speed_development:control->pitch|high_yaw_load:yaw->external|cable_overload:converter->electrical,warning:Error brake resistor CHP->converter|stop:Current asymmetry->generator|stop:WEC shut down->manual|stop:No speed development->pitch|stop:High yaw load->external|warning:Cable overload->electrical,4213,9386.501584975991,86.17522521176548,8.427796896609737,5.396977891624807,13.824774788234542,990,1297.6627046169965,698,506.5874153381663,946,1696.3201041110958,2.4743689765659806,16,unwarned,False,,0,-2.1311916022305013,,False,False,False
joint_4slots,joint,4,brake_resistor_chp:pitch->converter|current_asymmetry:converter->generator|wec_shut_down:control->manual|no_speed_development:control->brake_hydraulic,warning:Error brake resistor CHP->converter|stop:Current asymmetry->generator|stop:WEC shut down->manual|stop:No speed development->brake_hydraulic,4213,9386.501584975991,86.17054282784613,8.4293200282593,5.400137143894586,13.829457172153884,992,1298.1022166578002,699,506.8839586025425,946,1696.3201041110958,2.4743689765659806,16,unwarned,False,,0,-2.128032349960722,,False,False,False
joint_5slots,joint,5,brake_resistor_chp:pitch->converter|current_asymmetry:converter->generator|wec_shut_down:control->manual|no_speed_development:control->brake_hydraulic|cable_overload:converter->electrical,warning:Error brake resistor CHP->converter|stop:Current asymmetry->generator|stop:WEC shut down->manual|stop:No speed development->brake_hydraulic|warning:Cable overload->electrical,4213,9386.501584975991,86.17054282784613,8.4293200282593,5.400137143894586,13.829457172153884,992,1298.1022166578002,699,506.8839586025425,946,1696.3201041110958,2.4743689765659806,16,unwarned,False,,0,-2.128032349960722,,False,False,False
joint_5slots,joint,5,brake_resistor_chp:pitch->converter|current_asymmetry:converter->generator|wec_shut_down:control->manual|no_speed_development:control->brake_hydraulic|high_yaw_load:yaw->external,warning:Error brake resistor CHP->converter|stop:Current asymmetry->generator|stop:WEC shut down->manual|stop:No speed development->brake_hydraulic|stop:High yaw load->external,4213,9386.501584975991,86.17054282784613,8.4293200282593,5.400137143894586,13.829457172153884,992,1298.1022166578002,699,506.8839586025425,946,1696.3201041110958,2.4743689765659806,16,unwarned,False,,0,-2.128032349960722,,False,False,False
joint_6slots,joint,6,brake_resistor_chp:pitch->converter|current_asymmetry:converter->generator|wec_shut_down:control->manual|no_speed_development:control->brake_hydraulic|high_yaw_load:yaw->external|cable_overload:converter->electrical,warning:Error brake resistor CHP->converter|stop:Current asymmetry->generator|stop:WEC shut down->manual|stop:No speed development->brake_hydraulic|stop:High yaw load->external|warning:Cable overload->electrical,4213,9386.501584975991,86.17054282784613,8.4293200282593,5.400137143894586,13.829457172153884,992,1298.1022166578002,699,506.8839586025425,946,1696.3201041110958,2.4743689765659806,16,unwarned,False,,0,-2.128032349960722,,False,False,False
brake_resistor_chp:pitch->converter+cms_drivetrain:comms->drivetrain,joint,2,brake_resistor_chp:pitch->converter|cms_drivetrain:comms->drivetrain,warning:Error brake resistor CHP->converter|warning:Comm.err. IEC server <- CMS drive tr.->drivetrain|warning:Comm.err. IEC client -> CMS drive tr.->drivetrain|warning:CMS drive train system error->drivetrain,4213,9386.501584975991,83.57916550561637,8.436602991616368,7.984231502767277,16.420834494383644,1017,1541.341890081605,717,749.4400165554028,977,1741.3485003248225,4.327733408394787,28,actionable_unacted,True,20.788888888888888,2,0.45606200891196913,,False,False,False
joint_3slots,joint,3,brake_resistor_chp:pitch->converter|cms_drivetrain:comms->drivetrain|cable_overload:converter->electrical,warning:Error brake resistor CHP->converter|warning:Comm.err. IEC server <- CMS drive tr.->drivetrain|warning:Comm.err. IEC client -> CMS drive tr.->drivetrain|warning:CMS drive train system error->drivetrain|warning:Cable overload->electrical,4213,9386.501584975991,83.57916550561637,8.436602991616368,7.984231502767277,16.420834494383644,1017,1541.341890081605,717,749.4400165554028,977,1741.3485003248225,4.327733408394787,28,actionable_unacted,True,20.788888888888888,2,0.45606200891196913,,False,False,False
joint_3slots,joint,3,brake_resistor_chp:pitch->converter|cms_drivetrain:comms->drivetrain|high_yaw_load:yaw->external,warning:Error brake resistor CHP->converter|warning:Comm.err. IEC server <- CMS drive tr.->drivetrain|warning:Comm.err. IEC client -> CMS drive tr.->drivetrain|warning:CMS drive train system error->drivetrain|stop:High yaw load->external,4213,9386.501584975991,83.57916550561637,8.436602991616368,7.984231502767277,16.420834494383644,1017,1541.341890081605,717,749.4400165554028,977,1741.3485003248225,4.327733408394787,28,actionable_unacted,True,20.788888888888888,2,0.45606200891196913,,False,False,False
joint_4slots,joint,4,brake_resistor_chp:pitch->converter|cms_drivetrain:comms->drivetrain|high_yaw_load:yaw->external|cable_overload:converter->electrical,warning:Error brake resistor CHP->converter|warning:Comm.err. IEC server <- CMS drive tr.->drivetrain|warning:Comm.err. IEC client -> CMS drive tr.->drivetrain|warning:CMS drive train system error->drivetrain|stop:High yaw load->external|warning:Cable overload->electrical,4213,9386.501584975991,83.57916550561637,8.436602991616368,7.984231502767277,16.420834494383644,1017,1541.341890081605,717,749.4400165554028,977,1741.3485003248225,4.327733408394787,28,actionable_unacted,True,20.788888888888888,2,0.45606200891196913,,False,False,False
joint_3slots,joint,3,brake_resistor_chp:pitch->converter|cms_drivetrain:comms->drivetrain|no_speed_development:control->pitch,warning:Error brake resistor CHP->converter|warning:Comm.err. IEC server <- CMS drive tr.->drivetrain|warning:Comm.err. IEC client -> CMS drive tr.->drivetrain|warning:CMS drive train system error->drivetrain|stop:No speed development->pitch,4213,9386.501584975991,83.49417115270323,8.436602991616368,8.06922585568043,16.505828847296797,1018,1549.3198863649384,718,757.4180128387361,977,1741.3485003248225,4.327733408394787,28,actionable_unacted,True,20.788888888888888,2,0.541056361825123,,False,False,False
joint_4slots,joint,4,brake_resistor_chp:pitch->converter|cms_drivetrain:comms->drivetrain|no_speed_development:control->pitch|cable_overload:converter->electrical,warning:Error brake resistor CHP->converter|warning:Comm.err. IEC server <- CMS drive tr.->drivetrain|warning:Comm.err. IEC client -> CMS drive tr.->drivetrain|warning:CMS drive train system error->drivetrain|stop:No speed development->pitch|warning:Cable overload->electrical,4213,9386.501584975991,83.49417115270323,8.436602991616368,8.06922585568043,16.505828847296797,1018,1549.3198863649384,718,757.4180128387361,977,1741.3485003248225,4.327733408394787,28,actionable_unacted,True,20.788888888888888,2,0.541056361825123,,False,False,False
joint_4slots,joint,4,brake_resistor_chp:pitch->converter|cms_drivetrain:comms->drivetrain|no_speed_development:control->pitch|high_yaw_load:yaw->external,warning:Error brake resistor CHP->converter|warning:Comm.err. IEC server <- CMS drive tr.->drivetrain|warning:Comm.err. IEC client -> CMS drive tr.->drivetrain|warning:CMS drive train system error->drivetrain|stop:No speed development->pitch|stop:High yaw load->external,4213,9386.501584975991,83.49417115270323,8.436602991616368,8.06922585568043,16.505828847296797,1018,1549.3198863649384,718,757.4180128387361,977,1741.3485003248225,4.327733408394787,28,actionable_unacted,True,20.788888888888888,2,0.541056361825123,,False,False,False
joint_5slots,joint,5,brake_resistor_chp:pitch->converter|cms_drivetrain:comms->drivetrain|no_speed_development:control->pitch|high_yaw_load:yaw->external|cable_overload:converter->electrical,warning:Error brake resistor CHP->converter|warning:Comm.err. IEC server <- CMS drive tr.->drivetrain|warning:Comm.err. IEC client -> CMS drive tr.->drivetrain|warning:CMS drive train system error->drivetrain|stop:No speed development->pitch|stop:High yaw load->external|warning:Cable overload->electrical,4213,9386.501584975991,83.49417115270323,8.436602991616368,8.06922585568043,16.505828847296797,1018,1549.3198863649384,718,757.4180128387361,977,1741.3485003248225,4.327733408394787,28,actionable_unacted,True,20.788888888888888,2,0.541056361825123,,False,False,False
joint_3slots,joint,3,brake_resistor_chp:pitch->converter|cms_drivetrain:comms->drivetrain|no_speed_development:control->brake_hydraulic,warning:Error brake resistor CHP->converter|warning:Comm.err. IEC server <- CMS drive tr.->drivetrain|warning:Comm.err. IEC client -> CMS drive tr.->drivetrain|warning:CMS drive train system error->drivetrain|stop:No speed development->brake_hydraulic,4213,9386.501584975991,83.48948876878389,8.43812612326593,8.072385107950213,16.510511231216142,1020,1549.759398405742,719,757.7145561031125,977,1741.3485003248225,4.327733408394787,28,actionable_unacted,True,20.788888888888888,2,0.544215614094905,,False,False,False
joint_4slots,joint,4,brake_resistor_chp:pitch->converter|cms_drivetrain:comms->drivetrain|no_speed_development:control->brake_hydraulic|cable_overload:converter->electrical,warning:Error brake resistor CHP->converter|warning:Comm.err. IEC server <- CMS drive tr.->drivetrain|warning:Comm.err. IEC client -> CMS drive tr.->drivetrain|warning:CMS drive train system error->drivetrain|stop:No speed development->brake_hydraulic|warning:Cable overload->electrical,4213,9386.501584975991,83.48948876878389,8.43812612326593,8.072385107950213,16.510511231216142,1020,1549.759398405742,719,757.7145561031125,977,1741.3485003248225,4.327733408394787,28,actionable_unacted,True,20.788888888888888,2,0.544215614094905,,False,False,False
joint_4slots,joint,4,brake_resistor_chp:pitch->converter|cms_drivetrain:comms->drivetrain|no_speed_development:control->brake_hydraulic|high_yaw_load:yaw->external,warning:Error brake resistor CHP->converter|warning:Comm.err. IEC server <- CMS drive tr.->drivetrain|warning:Comm.err. IEC client -> CMS drive tr.->drivetrain|warning:CMS drive train system error->drivetrain|stop:No speed development->brake_hydraulic|stop:High yaw load->external,4213,9386.501584975991,83.48948876878389,8.43812612326593,8.072385107950213,16.510511231216142,1020,1549.759398405742,719,757.7145561031125,977,1741.3485003248225,4.327733408394787,28,actionable_unacted,True,20.788888888888888,2,0.544215614094905,,False,False,False
joint_5slots,joint,5,brake_resistor_chp:pitch->converter|cms_drivetrain:comms->drivetrain|no_speed_development:control->brake_hydraulic|high_yaw_load:yaw->external|cable_overload:converter->electrical,warning:Error brake resistor CHP->converter|warning:Comm.err. IEC server <- CMS drive tr.->drivetrain|warning:Comm.err. IEC client -> CMS drive tr.->drivetrain|warning:CMS drive train system error->drivetrain|stop:No speed development->brake_hydraulic|stop:High yaw load->external|warning:Cable overload->electrical,4213,9386.501584975991,83.48948876878389,8.43812612326593,8.072385107950213,16.510511231216142,1020,1549.759398405742,719,757.7145561031125,977,1741.3485003248225,4.327733408394787,28,actionable_unacted,True,20.788888888888888,2,0.544215614094905,,False,False,False
joint_3slots,joint,3,brake_resistor_chp:pitch->converter|cms_drivetrain:comms->drivetrain|wec_shut_down:control->manual,warning:Error brake resistor CHP->converter|warning:Comm.err. IEC server <- CMS drive tr.->drivetrain|warning:Comm.err. IEC client -> CMS drive tr.->drivetrain|warning:CMS drive train system error->drivetrain|stop:WEC shut down->manual,4213,9386.501584975991,85.87003543191608,8.436602991616368,5.6933615764675745,14.129964568083945,1015,1326.3093481397455,715,534.407474613543,977,1741.3485003248225,4.327733408394787,28,unwarned,False,,0,-1.8348079173877334,,False,False,False
joint_4slots,joint,4,brake_resistor_chp:pitch->converter|cms_drivetrain:comms->drivetrain|wec_shut_down:control->manual|cable_overload:converter->electrical,warning:Error brake resistor CHP->converter|warning:Comm.err. IEC server <- CMS drive tr.->drivetrain|warning:Comm.err. IEC client -> CMS drive tr.->drivetrain|warning:CMS drive train system error->drivetrain|stop:WEC shut down->manual|warning:Cable overload->electrical,4213,9386.501584975991,85.87003543191608,8.436602991616368,5.6933615764675745,14.129964568083945,1015,1326.3093481397455,715,534.407474613543,977,1741.3485003248225,4.327733408394787,28,unwarned,False,,0,-1.8348079173877334,,False,False,False
joint_4slots,joint,4,brake_resistor_chp:pitch->converter|cms_drivetrain:comms->drivetrain|wec_shut_down:control->manual|high_yaw_load:yaw->external,warning:Error brake resistor CHP->converter|warning:Comm.err. IEC server <- CMS drive tr.->drivetrain|warning:Comm.err. IEC client -> CMS drive tr.->drivetrain|warning:CMS drive train system error->drivetrain|stop:WEC shut down->manual|stop:High yaw load->external,4213,9386.501584975991,85.87003543191608,8.436602991616368,5.6933615764675745,14.129964568083945,1015,1326.3093481397455,715,534.407474613543,977,1741.3485003248225,4.327733408394787,28,unwarned,False,,0,-1.8348079173877334,,False,False,False
joint_5slots,joint,5,brake_resistor_chp:pitch->converter|cms_drivetrain:comms->drivetrain|wec_shut_down:control->manual|high_yaw_load:yaw->external|cable_overload:converter->electrical,warning:Error brake resistor CHP->converter|warning:Comm.err. IEC server <- CMS drive tr.->drivetrain|warning:Comm.err. IEC client -> CMS drive tr.->drivetrain|warning:CMS drive train system error->drivetrain|stop:WEC shut down->manual|stop:High yaw load->external|warning:Cable overload->electrical,4213,9386.501584975991,85.87003543191608,8.436602991616368,5.6933615764675745,14.129964568083945,1015,1326.3093481397455,715,534.407474613543,977,1741.3485003248225,4.327733408394787,28,unwarned,False,,0,-1.8348079173877334,,False,False,False
joint_4slots,joint,4,brake_resistor_chp:pitch->converter|cms_drivetrain:comms->drivetrain|wec_shut_down:control->manual|no_speed_development:control->pitch,warning:Error brake resistor CHP->converter|warning:Comm.err. IEC server <- CMS drive tr.->drivetrain|warning:Comm.err. IEC client -> CMS drive tr.->drivetrain|warning:CMS drive train system error->drivetrain|stop:WEC shut down->manual|stop:No speed development->pitch,4213,9386.501584975991,85.78504107900292,8.436602991616368,5.778355929380729,14.214958920997097,1016,1334.2873444230786,716,542.3854708968763,977,1741.3485003248225,4.327733408394787,28,unwarned,False,,0,-1.7498135644745787,,False,False,False
joint_5slots,joint,5,brake_resistor_chp:pitch->converter|cms_drivetrain:comms->drivetrain|wec_shut_down:control->manual|no_speed_development:control->pitch|cable_overload:converter->electrical,warning:Error brake resistor CHP->converter|warning:Comm.err. IEC server <- CMS drive tr.->drivetrain|warning:Comm.err. IEC client -> CMS drive tr.->drivetrain|warning:CMS drive train system error->drivetrain|stop:WEC shut down->manual|stop:No speed development->pitch|warning:Cable overload->electrical,4213,9386.501584975991,85.78504107900292,8.436602991616368,5.778355929380729,14.214958920997097,1016,1334.2873444230786,716,542.3854708968763,977,1741.3485003248225,4.327733408394787,28,unwarned,False,,0,-1.7498135644745787,,False,False,False
joint_5slots,joint,5,brake_resistor_chp:pitch->converter|cms_drivetrain:comms->drivetrain|wec_shut_down:control->manual|no_speed_development:control->pitch|high_yaw_load:yaw->external,warning:Error brake resistor CHP->converter|warning:Comm.err. IEC server <- CMS drive tr.->drivetrain|warning:Comm.err. IEC client -> CMS drive tr.->drivetrain|warning:CMS drive train system error->drivetrain|stop:WEC shut down->manual|stop:No speed development->pitch|stop:High yaw load->external,4213,9386.501584975991,85.78504107900292,8.436602991616368,5.778355929380729,14.214958920997097,1016,1334.2873444230786,716,542.3854708968763,977,1741.3485003248225,4.327733408394787,28,unwarned,False,,0,-1.7498135644745787,,False,False,False
joint_6slots,joint,6,brake_resistor_chp:pitch->converter|cms_drivetrain:comms->drivetrain|wec_shut_down:control->manual|no_speed_development:control->pitch|high_yaw_load:yaw->external|cable_overload:converter->electrical,warning:Error brake resistor CHP->converter|warning:Comm.err. IEC server <- CMS drive tr.->drivetrain|warning:Comm.err. IEC client -> CMS drive tr.->drivetrain|warning:CMS drive train system error->drivetrain|stop:WEC shut down->manual|stop:No speed development->pitch|stop:High yaw load->external|warning:Cable overload->electrical,4213,9386.501584975991,85.78504107900292,8.436602991616368,5.778355929380729,14.214958920997097,1016,1334.2873444230786,716,542.3854708968763,977,1741.3485003248225,4.327733408394787,28,unwarned,False,,0,-1.7498135644745787,,False,False,False
joint_4slots,joint,4,brake_resistor_chp:pitch->converter|cms_drivetrain:comms->drivetrain|wec_shut_down:control->manual|no_speed_development:control->brake_hydraulic,warning:Error brake resistor CHP->converter|warning:Comm.err. IEC server <- CMS drive tr.->drivetrain|warning:Comm.err. IEC client -> CMS drive tr.->drivetrain|warning:CMS drive train system error->drivetrain|stop:WEC shut down->manual|stop:No speed development->brake_hydraulic,4213,9386.501584975991,85.78035869508358,8.43812612326593,5.78151518165051,14.219641304916438,1018,1334.726856463882,717,542.6820141612527,977,1741.3485003248225,4.327733408394787,28,unwarned,False,,0,-1.7466543122047975,,False,False,False
joint_5slots,joint,5,brake_resistor_chp:pitch->converter|cms_drivetrain:comms->drivetrain|wec_shut_down:control->manual|no_speed_development:control->brake_hydraulic|cable_overload:converter->electrical,warning:Error brake resistor CHP->converter|warning:Comm.err. IEC server <- CMS drive tr.->drivetrain|warning:Comm.err. IEC client -> CMS drive tr.->drivetrain|warning:CMS drive train system error->drivetrain|stop:WEC shut down->manual|stop:No speed development->brake_hydraulic|warning:Cable overload->electrical,4213,9386.501584975991,85.78035869508358,8.43812612326593,5.78151518165051,14.219641304916438,1018,1334.726856463882,717,542.6820141612527,977,1741.3485003248225,4.327733408394787,28,unwarned,False,,0,-1.7466543122047975,,False,False,False
joint_5slots,joint,5,brake_resistor_chp:pitch->converter|cms_drivetrain:comms->drivetrain|wec_shut_down:control->manual|no_speed_development:control->brake_hydraulic|high_yaw_load:yaw->external,warning:Error brake resistor CHP->converter|warning:Comm.err. IEC server <- CMS drive tr.->drivetrain|warning:Comm.err. IEC client -> CMS drive tr.->drivetrain|warning:CMS drive train system error->drivetrain|stop:WEC shut down->manual|stop:No speed development->brake_hydraulic|stop:High yaw load->external,4213,9386.501584975991,85.78035869508358,8.43812612326593,5.78151518165051,14.219641304916438,1018,1334.726856463882,717,542.6820141612527,977,1741.3485003248225,4.327733408394787,28,unwarned,False,,0,-1.7466543122047975,,False,False,False
joint_6slots,joint,6,brake_resistor_chp:pitch->converter|cms_drivetrain:comms->drivetrain|wec_shut_down:control->manual|no_speed_development:control->brake_hydraulic|high_yaw_load:yaw->external|cable_overload:converter->electrical,warning:Error brake resistor CHP->converter|warning:Comm.err. IEC server <- CMS drive tr.->drivetrain|warning:Comm.err. IEC client -> CMS drive tr.->drivetrain|warning:CMS drive train system error->drivetrain|stop:WEC shut down->manual|stop:No speed development->brake_hydraulic|stop:High yaw load->external|warning:Cable overload->electrical,4213,9386.501584975991,85.78035869508358,8.43812612326593,5.78151518165051,14.219641304916438,1018,1334.726856463882,717,542.6820141612527,977,1741.3485003248225,4.327733408394787,28,unwarned,False,,0,-1.7466543122047975,,False,False,False
joint_3slots,joint,3,brake_resistor_chp:pitch->converter|cms_drivetrain:comms->drivetrain|current_asymmetry:converter->generator,warning:Error brake resistor CHP->converter|warning:Comm.err. IEC server <- CMS drive tr.->drivetrain|warning:Comm.err. IEC client -> CMS drive tr.->drivetrain|warning:CMS drive train system error->drivetrain|stop:Current asymmetry->generator,4213,9386.501584975991,83.93486461356946,8.428677258386204,7.636458128044351,16.06513538643055,1005,1507.9541876758426,709,716.796263224911,946,1696.3201041110958,2.4743689765659806,16,actionable_unacted,True,20.788888888888888,2,0.10828863418904344,,False,False,False
joint_4slots,joint,4,brake_resistor_chp:pitch->converter|cms_drivetrain:comms->drivetrain|current_asymmetry:converter->generator|cable_overload:converter->electrical,warning:Error brake resistor CHP->converter|warning:Comm.err. IEC server <- CMS drive tr.->drivetrain|warning:Comm.err. IEC client -> CMS drive tr.->drivetrain|warning:CMS drive train system error->drivetrain|stop:Current asymmetry->generator|warning:Cable overload->electrical,4213,9386.501584975991,83.93486461356946,8.428677258386204,7.636458128044351,16.06513538643055,1005,1507.9541876758426,709,716.796263224911,946,1696.3201041110958,2.4743689765659806,16,actionable_unacted,True,20.788888888888888,2,0.10828863418904344,,False,False,False
joint_4slots,joint,4,brake_resistor_chp:pitch->converter|cms_drivetrain:comms->drivetrain|current_asymmetry:converter->generator|high_yaw_load:yaw->external,warning:Error brake resistor CHP->converter|warning:Comm.err. IEC server <- CMS drive tr.->drivetrain|warning:Comm.err. IEC client -> CMS drive tr.->drivetrain|warning:CMS drive train system error->drivetrain|stop:Current asymmetry->generator|stop:High yaw load->external,4213,9386.501584975991,83.93486461356946,8.428677258386204,7.636458128044351,16.06513538643055,1005,1507.9541876758426,709,716.796263224911,946,1696.3201041110958,2.4743689765659806,16,actionable_unacted,True,20.788888888888888,2,0.10828863418904344,,False,False,False
joint_5slots,joint,5,brake_resistor_chp:pitch->converter|cms_drivetrain:comms->drivetrain|current_asymmetry:converter->generator|high_yaw_load:yaw->external|cable_overload:converter->electrical,warning:Error brake resistor CHP->converter|warning:Comm.err. IEC server <- CMS drive tr.->drivetrain|warning:Comm.err. IEC client -> CMS drive tr.->drivetrain|warning:CMS drive train system error->drivetrain|stop:Current asymmetry->generator|stop:High yaw load->external|warning:Cable overload->electrical,4213,9386.501584975991,83.93486461356946,8.428677258386204,7.636458128044351,16.06513538643055,1005,1507.9541876758426,709,716.796263224911,946,1696.3201041110958,2.4743689765659806,16,actionable_unacted,True,20.788888888888888,2,0.10828863418904344,,False,False,False
joint_4slots,joint,4,brake_resistor_chp:pitch->converter|cms_drivetrain:comms->drivetrain|current_asymmetry:converter->generator|no_speed_development:control->pitch,warning:Error brake resistor CHP->converter|warning:Comm.err. IEC server <- CMS drive tr.->drivetrain|warning:Comm.err. IEC client -> CMS drive tr.->drivetrain|warning:CMS drive train system error->drivetrain|stop:Current asymmetry->generator|stop:No speed development->pitch,4213,9386.501584975991,83.8498702606563,8.428677258386204,7.721452480957506,16.150129739343708,1006,1515.9321839591762,710,724.7742595082443,946,1696.3201041110958,2.4743689765659806,16,actionable_unacted,True,20.788888888888888,2,0.19328298710219816,,False,False,False
joint_5slots,joint,5,brake_resistor_chp:pitch->converter|cms_drivetrain:comms->drivetrain|current_asymmetry:converter->generator|no_speed_development:control->pitch|cable_overload:converter->electrical,warning:Error brake resistor CHP->converter|warning:Comm.err. IEC server <- CMS drive tr.->drivetrain|warning:Comm.err. IEC client -> CMS drive tr.->drivetrain|warning:CMS drive train system error->drivetrain|stop:Current asymmetry->generator|stop:No speed development->pitch|warning:Cable overload->electrical,4213,9386.501584975991,83.8498702606563,8.428677258386204,7.721452480957506,16.150129739343708,1006,1515.9321839591762,710,724.7742595082443,946,1696.3201041110958,2.4743689765659806,16,actionable_unacted,True,20.788888888888888,2,0.19328298710219816,,False,False,False
joint_5slots,joint,5,brake_resistor_chp:pitch->converter|cms_drivetrain:comms->drivetrain|current_asymmetry:converter->generator|no_speed_development:control->pitch|high_yaw_load:yaw->external,warning:Error brake resistor CHP->converter|warning:Comm.err. IEC server <- CMS drive tr.->drivetrain|warning:Comm.err. IEC client -> CMS drive tr.->drivetrain|warning:CMS drive train system error->drivetrain|stop:Current asymmetry->generator|stop:No speed development->pitch|stop:High yaw load->external,4213,9386.501584975991,83.8498702606563,8.428677258386204,7.721452480957506,16.150129739343708,1006,1515.9321839591762,710,724.7742595082443,946,1696.3201041110958,2.4743689765659806,16,actionable_unacted,True,20.788888888888888,2,0.19328298710219816,,False,False,False
joint_6slots,joint,6,brake_resistor_chp:pitch->converter|cms_drivetrain:comms->drivetrain|current_asymmetry:converter->generator|no_speed_development:control->pitch|high_yaw_load:yaw->external|cable_overload:converter->electrical,warning:Error brake resistor CHP->converter|warning:Comm.err. IEC server <- CMS drive tr.->drivetrain|warning:Comm.err. IEC client -> CMS drive tr.->drivetrain|warning:CMS drive train system error->drivetrain|stop:Current asymmetry->generator|stop:No speed development->pitch|stop:High yaw load->external|warning:Cable overload->electrical,4213,9386.501584975991,83.8498702606563,8.428677258386204,7.721452480957506,16.150129739343708,1006,1515.9321839591762,710,724.7742595082443,946,1696.3201041110958,2.4743689765659806,16,actionable_unacted,True,20.788888888888888,2,0.19328298710219816,,False,False,False
joint_4slots,joint,4,brake_resistor_chp:pitch->converter|cms_drivetrain:comms->drivetrain|current_asymmetry:converter->generator|no_speed_development:control->brake_hydraulic,warning:Error brake resistor CHP->converter|warning:Comm.err. IEC server <- CMS drive tr.->drivetrain|warning:Comm.err. IEC client -> CMS drive tr.->drivetrain|warning:CMS drive train system error->drivetrain|stop:Current asymmetry->generator|stop:No speed development->brake_hydraulic,4213,9386.501584975991,83.84518787673697,8.430200390035766,7.7246117332272854,16.15481212326305,1008,1516.3716959999797,711,725.0708027726205,946,1696.3201041110958,2.4743689765659806,16,actionable_unacted,True,20.788888888888888,2,0.19644223937197758,,False,False,False
joint_5slots,joint,5,brake_resistor_chp:pitch->converter|cms_drivetrain:comms->drivetrain|current_asymmetry:converter->generator|no_speed_development:control->brake_hydraulic|cable_overload:converter->electrical,warning:Error brake resistor CHP->converter|warning:Comm.err. IEC server <- CMS drive tr.->drivetrain|warning:Comm.err. IEC client -> CMS drive tr.->drivetrain|warning:CMS drive train system error->drivetrain|stop:Current asymmetry->generator|stop:No speed development->brake_hydraulic|warning:Cable overload->electrical,4213,9386.501584975991,83.84518787673697,8.430200390035766,7.7246117332272854,16.15481212326305,1008,1516.3716959999797,711,725.0708027726205,946,1696.3201041110958,2.4743689765659806,16,actionable_unacted,True,20.788888888888888,2,0.19644223937197758,,False,False,False
joint_5slots,joint,5,brake_resistor_chp:pitch->converter|cms_drivetrain:comms->drivetrain|current_asymmetry:converter->generator|no_speed_development:control->brake_hydraulic|high_yaw_load:yaw->external,warning:Error brake resistor CHP->converter|warning:Comm.err. IEC server <- CMS drive tr.->drivetrain|warning:Comm.err. IEC client -> CMS drive tr.->drivetrain|warning:CMS drive train system error->drivetrain|stop:Current asymmetry->generator|stop:No speed development->brake_hydraulic|stop:High yaw load->external,4213,9386.501584975991,83.84518787673697,8.430200390035766,7.7246117332272854,16.15481212326305,1008,1516.3716959999797,711,725.0708027726205,946,1696.3201041110958,2.4743689765659806,16,actionable_unacted,True,20.788888888888888,2,0.19644223937197758,,False,False,False
joint_6slots,joint,6,brake_resistor_chp:pitch->converter|cms_drivetrain:comms->drivetrain|current_asymmetry:converter->generator|no_speed_development:control->brake_hydraulic|high_yaw_load:yaw->external|cable_overload:converter->electrical,warning:Error brake resistor CHP->converter|warning:Comm.err. IEC server <- CMS drive tr.->drivetrain|warning:Comm.err. IEC client -> CMS drive tr.->drivetrain|warning:CMS drive train system error->drivetrain|stop:Current asymmetry->generator|stop:No speed development->brake_hydraulic|stop:High yaw load->external|warning:Cable overload->electrical,4213,9386.501584975991,83.84518787673697,8.430200390035766,7.7246117332272854,16.15481212326305,1008,1516.3716959999797,711,725.0708027726205,946,1696.3201041110958,2.4743689765659806,16,actionable_unacted,True,20.788888888888888,2,0.19644223937197758,,False,False,False
joint_4slots,joint,4,brake_resistor_chp:pitch->converter|cms_drivetrain:comms->drivetrain|current_asymmetry:converter->generator|wec_shut_down:control->manual,warning:Error brake resistor CHP->converter|warning:Comm.err. IEC server <- CMS drive tr.->drivetrain|warning:Comm.err. IEC client -> CMS drive tr.->drivetrain|warning:CMS drive train system error->drivetrain|stop:Current asymmetry->generator|stop:WEC shut down->manual,4213,9386.501584975991,86.22573453986917,8.428677258386204,5.345588201744649,13.774265460130852,1003,1292.921645733983,707,501.76372128305104,946,1696.3201041110958,2.4743689765659806,16,unwarned,False,,0,-2.182581292110659,,False,False,False
joint_5slots,joint,5,brake_resistor_chp:pitch->converter|cms_drivetrain:comms->drivetrain|current_asymmetry:converter->generator|wec_shut_down:control->manual|cable_overload:converter->electrical,warning:Error brake resistor CHP->converter|warning:Comm.err. IEC server <- CMS drive tr.->drivetrain|warning:Comm.err. IEC client -> CMS drive tr.->drivetrain|warning:CMS drive train system error->drivetrain|stop:Current asymmetry->generator|stop:WEC shut down->manual|warning:Cable overload->electrical,4213,9386.501584975991,86.22573453986917,8.428677258386204,5.345588201744649,13.774265460130852,1003,1292.921645733983,707,501.76372128305104,946,1696.3201041110958,2.4743689765659806,16,unwarned,False,,0,-2.182581292110659,,False,False,False
joint_5slots,joint,5,brake_resistor_chp:pitch->converter|cms_drivetrain:comms->drivetrain|current_asymmetry:converter->generator|wec_shut_down:control->manual|high_yaw_load:yaw->external,warning:Error brake resistor CHP->converter|warning:Comm.err. IEC server <- CMS drive tr.->drivetrain|warning:Comm.err. IEC client -> CMS drive tr.->drivetrain|warning:CMS drive train system error->drivetrain|stop:Current asymmetry->generator|stop:WEC shut down->manual|stop:High yaw load->external,4213,9386.501584975991,86.22573453986917,8.428677258386204,5.345588201744649,13.774265460130852,1003,1292.921645733983,707,501.76372128305104,946,1696.3201041110958,2.4743689765659806,16,unwarned,False,,0,-2.182581292110659,,False,False,False
joint_6slots,joint,6,brake_resistor_chp:pitch->converter|cms_drivetrain:comms->drivetrain|current_asymmetry:converter->generator|wec_shut_down:control->manual|high_yaw_load:yaw->external|cable_overload:converter->electrical,warning:Error brake resistor CHP->converter|warning:Comm.err. IEC server <- CMS drive tr.->drivetrain|warning:Comm.err. IEC client -> CMS drive tr.->drivetrain|warning:CMS drive train system error->drivetrain|stop:Current asymmetry->generator|stop:WEC shut down->manual|stop:High yaw load->external|warning:Cable overload->electrical,4213,9386.501584975991,86.22573453986917,8.428677258386204,5.345588201744649,13.774265460130852,1003,1292.921645733983,707,501.76372128305104,946,1696.3201041110958,2.4743689765659806,16,unwarned,False,,0,-2.182581292110659,,False,False,False
joint_5slots,joint,5,brake_resistor_chp:pitch->converter|cms_drivetrain:comms->drivetrain|current_asymmetry:converter->generator|wec_shut_down:control->manual|no_speed_development:control->pitch,warning:Error brake resistor CHP->converter|warning:Comm.err. IEC server <- CMS drive tr.->drivetrain|warning:Comm.err. IEC client -> CMS drive tr.->drivetrain|warning:CMS drive train system error->drivetrain|stop:Current asymmetry->generator|stop:WEC shut down->manual|stop:No speed development->pitch,4213,9386.501584975991,86.14074018695601,8.428677258386204,5.430582554657804,13.859259813044007,1004,1300.8996420173164,708,509.74171756638447,946,1696.3201041110958,2.4743689765659806,16,unwarned,False,,0,-2.0975869391975035,,False,False,False
joint_6slots,joint,6,brake_resistor_chp:pitch->converter|cms_drivetrain:comms->drivetrain|current_asymmetry:converter->generator|wec_shut_down:control->manual|no_speed_development:control->pitch|cable_overload:converter->electrical,warning:Error brake resistor CHP->converter|warning:Comm.err. IEC server <- CMS drive tr.->drivetrain|warning:Comm.err. IEC client -> CMS drive tr.->drivetrain|warning:CMS drive train system error->drivetrain|stop:Current asymmetry->generator|stop:WEC shut down->manual|stop:No speed development->pitch|warning:Cable overload->electrical,4213,9386.501584975991,86.14074018695601,8.428677258386204,5.430582554657804,13.859259813044007,1004,1300.8996420173164,708,509.74171756638447,946,1696.3201041110958,2.4743689765659806,16,unwarned,False,,0,-2.0975869391975035,,False,False,False
joint_6slots,joint,6,brake_resistor_chp:pitch->converter|cms_drivetrain:comms->drivetrain|current_asymmetry:converter->generator|wec_shut_down:control->manual|no_speed_development:control->pitch|high_yaw_load:yaw->external,warning:Error brake resistor CHP->converter|warning:Comm.err. IEC server <- CMS drive tr.->drivetrain|warning:Comm.err. IEC client -> CMS drive tr.->drivetrain|warning:CMS drive train system error->drivetrain|stop:Current asymmetry->generator|stop:WEC shut down->manual|stop:No speed development->pitch|stop:High yaw load->external,4213,9386.501584975991,86.14074018695601,8.428677258386204,5.430582554657804,13.859259813044007,1004,1300.8996420173164,708,509.74171756638447,946,1696.3201041110958,2.4743689765659806,16,unwarned,False,,0,-2.0975869391975035,,False,False,False
joint_7slots,joint,7,brake_resistor_chp:pitch->converter|cms_drivetrain:comms->drivetrain|current_asymmetry:converter->generator|wec_shut_down:control->manual|no_speed_development:control->pitch|high_yaw_load:yaw->external|cable_overload:converter->electrical,warning:Error brake resistor CHP->converter|warning:Comm.err. IEC server <- CMS drive tr.->drivetrain|warning:Comm.err. IEC client -> CMS drive tr.->drivetrain|warning:CMS drive train system error->drivetrain|stop:Current asymmetry->generator|stop:WEC shut down->manual|stop:No speed development->pitch|stop:High yaw load->external|warning:Cable overload->electrical,4213,9386.501584975991,86.14074018695601,8.428677258386204,5.430582554657804,13.859259813044007,1004,1300.8996420173164,708,509.74171756638447,946,1696.3201041110958,2.4743689765659806,16,unwarned,False,,0,-2.0975869391975035,,False,False,False
joint_5slots,joint,5,brake_resistor_chp:pitch->converter|cms_drivetrain:comms->drivetrain|current_asymmetry:converter->generator|wec_shut_down:control->manual|no_speed_development:control->brake_hydraulic,warning:Error brake resistor CHP->converter|warning:Comm.err. IEC server <- CMS drive tr.->drivetrain|warning:Comm.err. IEC client -> CMS drive tr.->drivetrain|warning:CMS drive train system error->drivetrain|stop:Current asymmetry->generator|stop:WEC shut down->manual|stop:No speed development->brake_hydraulic,4213,9386.501584975991,86.13605780303668,8.430200390035766,5.433741806927585,13.86394219696335,1006,1301.3391540581201,709,510.0382608307608,946,1696.3201041110958,2.4743689765659806,16,unwarned,False,,0,-2.094427686927723,,False,False,False
joint_6slots,joint,6,brake_resistor_chp:pitch->converter|cms_drivetrain:comms->drivetrain|current_asymmetry:converter->generator|wec_shut_down:control->manual|no_speed_development:control->brake_hydraulic|cable_overload:converter->electrical,warning:Error brake resistor CHP->converter|warning:Comm.err. IEC server <- CMS drive tr.->drivetrain|warning:Comm.err. IEC client -> CMS drive tr.->drivetrain|warning:CMS drive train system error->drivetrain|stop:Current asymmetry->generator|stop:WEC shut down->manual|stop:No speed development->brake_hydraulic|warning:Cable overload->electrical,4213,9386.501584975991,86.13605780303668,8.430200390035766,5.433741806927585,13.86394219696335,1006,1301.3391540581201,709,510.0382608307608,946,1696.3201041110958,2.4743689765659806,16,unwarned,False,,0,-2.094427686927723,,False,False,False
joint_6slots,joint,6,brake_resistor_chp:pitch->converter|cms_drivetrain:comms->drivetrain|current_asymmetry:converter->generator|wec_shut_down:control->manual|no_speed_development:control->brake_hydraulic|high_yaw_load:yaw->external,warning:Error brake resistor CHP->converter|warning:Comm.err. IEC server <- CMS drive tr.->drivetrain|warning:Comm.err. IEC client -> CMS drive tr.->drivetrain|warning:CMS drive train system error->drivetrain|stop:Current asymmetry->generator|stop:WEC shut down->manual|stop:No speed development->brake_hydraulic|stop:High yaw load->external,4213,9386.501584975991,86.13605780303668,8.430200390035766,5.433741806927585,13.86394219696335,1006,1301.3391540581201,709,510.0382608307608,946,1696.3201041110958,2.4743689765659806,16,unwarned,False,,0,-2.094427686927723,,False,False,False
joint_7slots,joint,7,brake_resistor_chp:pitch->converter|cms_drivetrain:comms->drivetrain|current_asymmetry:converter->generator|wec_shut_down:control->manual|no_speed_development:control->brake_hydraulic|high_yaw_load:yaw->external|cable_overload:converter->electrical,warning:Error brake resistor CHP->converter|warning:Comm.err. IEC server <- CMS drive tr.->drivetrain|warning:Comm.err. IEC client -> CMS drive tr.->drivetrain|warning:CMS drive train system error->drivetrain|stop:Current asymmetry->generator|stop:WEC shut down->manual|stop:No speed development->brake_hydraulic|stop:High yaw load->external|warning:Cable overload->electrical,4213,9386.501584975991,86.13605780303668,8.430200390035766,5.433741806927585,13.86394219696335,1006,1301.3391540581201,709,510.0382608307608,946,1696.3201041110958,2.4743689765659806,16,unwarned,False,,0,-2.094427686927723,,False,False,False
brake_resistor_chp:pitch->converter+time_sync:external->control,joint,2,brake_resistor_chp:pitch->converter|time_sync:external->control,warning:Error brake resistor CHP->converter|warning:Check time synchronization->control|warning:Time sync. failed (SNTP error)->control,4213,9386.501584975991,83.58251668512122,8.435722629839901,7.981760685038895,16.417483314878798,1014,1541.0273315642671,718,749.2080932101663,977,1741.3485003248225,4.327733408394787,28,actionable_unacted,True,46.393055555555556,3,0.4535911911835875,,False,False,False
joint_3slots,joint,3,brake_resistor_chp:pitch->converter|time_sync:external->control|cable_overload:converter->electrical,warning:Error brake resistor CHP->converter|warning:Check time synchronization->control|warning:Time sync. failed (SNTP error)->control|warning:Cable overload->electrical,4213,9386.501584975991,83.58251668512122,8.435722629839901,7.981760685038895,16.417483314878798,1014,1541.0273315642671,718,749.2080932101663,977,1741.3485003248225,4.327733408394787,28,actionable_unacted,True,46.393055555555556,3,0.4535911911835875,,False,False,False
joint_3slots,joint,3,brake_resistor_chp:pitch->converter|time_sync:external->control|high_yaw_load:yaw->external,warning:Error brake resistor CHP->converter|warning:Check time synchronization->control|warning:Time sync. failed (SNTP error)->control|stop:High yaw load->external,4213,9386.501584975991,83.58251668512122,8.435722629839901,7.981760685038895,16.417483314878798,1014,1541.0273315642671,718,749.2080932101663,977,1741.3485003248225,4.327733408394787,28,actionable_unacted,True,46.393055555555556,3,0.4535911911835875,,False,False,False
joint_4slots,joint,4,brake_resistor_chp:pitch->converter|time_sync:external->control|high_yaw_load:yaw->external|cable_overload:converter->electrical,warning:Error brake resistor CHP->converter|warning:Check time synchronization->control|warning:Time sync. failed (SNTP error)->control|stop:High yaw load->external|warning:Cable overload->electrical,4213,9386.501584975991,83.58251668512122,8.435722629839901,7.981760685038895,16.417483314878798,1014,1541.0273315642671,718,749.2080932101663,977,1741.3485003248225,4.327733408394787,28,actionable_unacted,True,46.393055555555556,3,0.4535911911835875,,False,False,False
joint_3slots,joint,3,brake_resistor_chp:pitch->converter|time_sync:external->control|no_speed_development:control->pitch,warning:Error brake resistor CHP->converter|warning:Check time synchronization->control|warning:Time sync. failed (SNTP error)->control|stop:No speed development->pitch,4213,9386.501584975991,83.49752233220806,8.435722629839901,8.066755037952051,16.50247766779195,1015,1549.0053278476003,719,757.1860894934998,977,1741.3485003248225,4.327733408394787,28,actionable_unacted,True,46.393055555555556,3,0.5385855440967431,,False,False,False
joint_4slots,joint,4,brake_resistor_chp:pitch->converter|time_sync:external->control|no_speed_development:control->pitch|cable_overload:converter->electrical,warning:Error brake resistor CHP->converter|warning:Check time synchronization->control|warning:Time sync. failed (SNTP error)->control|stop:No speed development->pitch|warning:Cable overload->electrical,4213,9386.501584975991,83.49752233220806,8.435722629839901,8.066755037952051,16.50247766779195,1015,1549.0053278476003,719,757.1860894934998,977,1741.3485003248225,4.327733408394787,28,actionable_unacted,True,46.393055555555556,3,0.5385855440967431,,False,False,False
joint_4slots,joint,4,brake_resistor_chp:pitch->converter|time_sync:external->control|no_speed_development:control->pitch|high_yaw_load:yaw->external,warning:Error brake resistor CHP->converter|warning:Check time synchronization->control|warning:Time sync. failed (SNTP error)->control|stop:No speed development->pitch|stop:High yaw load->external,4213,9386.501584975991,83.49752233220806,8.435722629839901,8.066755037952051,16.50247766779195,1015,1549.0053278476003,719,757.1860894934998,977,1741.3485003248225,4.327733408394787,28,actionable_unacted,True,46.393055555555556,3,0.5385855440967431,,False,False,False
joint_5slots,joint,5,brake_resistor_chp:pitch->converter|time_sync:external->control|no_speed_development:control->pitch|high_yaw_load:yaw->external|cable_overload:converter->electrical,warning:Error brake resistor CHP->converter|warning:Check time synchronization->control|warning:Time sync. failed (SNTP error)->control|stop:No speed development->pitch|stop:High yaw load->external|warning:Cable overload->electrical,4213,9386.501584975991,83.49752233220806,8.435722629839901,8.066755037952051,16.50247766779195,1015,1549.0053278476003,719,757.1860894934998,977,1741.3485003248225,4.327733408394787,28,actionable_unacted,True,46.393055555555556,3,0.5385855440967431,,False,False,False
joint_3slots,joint,3,brake_resistor_chp:pitch->converter|time_sync:external->control|no_speed_development:control->brake_hydraulic,warning:Error brake resistor CHP->converter|warning:Check time synchronization->control|warning:Time sync. failed (SNTP error)->control|stop:No speed development->brake_hydraulic,4213,9386.501584975991,83.49283994828872,8.437245761489462,8.06991429022183,16.507160051711292,1017,1549.444839888404,720,757.482632757876,977,1741.3485003248225,4.327733408394787,28,actionable_unacted,True,46.393055555555556,3,0.5417447963665216,,False,False,False
joint_4slots,joint,4,brake_resistor_chp:pitch->converter|time_sync:external->control|no_speed_development:control->brake_hydraulic|cable_overload:converter->electrical,warning:Error brake resistor CHP->converter|warning:Check time synchronization->control|warning:Time sync. failed (SNTP error)->control|stop:No speed development->brake_hydraulic|warning:Cable overload->electrical,4213,9386.501584975991,83.49283994828872,8.437245761489462,8.06991429022183,16.507160051711292,1017,1549.444839888404,720,757.482632757876,977,1741.3485003248225,4.327733408394787,28,actionable_unacted,True,46.393055555555556,3,0.5417447963665216,,False,False,False
joint_4slots,joint,4,brake_resistor_chp:pitch->converter|time_sync:external->control|no_speed_development:control->brake_hydraulic|high_yaw_load:yaw->external,warning:Error brake resistor CHP->converter|warning:Check time synchronization->control|warning:Time sync. failed (SNTP error)->control|stop:No speed development->brake_hydraulic|stop:High yaw load->external,4213,9386.501584975991,83.49283994828872,8.437245761489462,8.06991429022183,16.507160051711292,1017,1549.444839888404,720,757.482632757876,977,1741.3485003248225,4.327733408394787,28,actionable_unacted,True,46.393055555555556,3,0.5417447963665216,,False,False,False
joint_5slots,joint,5,brake_resistor_chp:pitch->converter|time_sync:external->control|no_speed_development:control->brake_hydraulic|high_yaw_load:yaw->external|cable_overload:converter->electrical,warning:Error brake resistor CHP->converter|warning:Check time synchronization->control|warning:Time sync. failed (SNTP error)->control|stop:No speed development->brake_hydraulic|stop:High yaw load->external|warning:Cable overload->electrical,4213,9386.501584975991,83.49283994828872,8.437245761489462,8.06991429022183,16.507160051711292,1017,1549.444839888404,720,757.482632757876,977,1741.3485003248225,4.327733408394787,28,actionable_unacted,True,46.393055555555556,3,0.5417447963665216,,False,False,False
joint_3slots,joint,3,brake_resistor_chp:pitch->converter|time_sync:external->control|wec_shut_down:control->manual,warning:Error brake resistor CHP->converter|warning:Check time synchronization->control|warning:Time sync. failed (SNTP error)->control|stop:WEC shut down->manual,4213,9386.501584975991,85.87338661142093,8.435722629839901,5.690890758739194,14.126613388579093,1012,1325.994789622407,716,534.1755512683067,977,1741.3485003248225,4.327733408394787,28,unwarned,False,,0,-1.8372787351161142,,False,False,False
joint_4slots,joint,4,brake_resistor_chp:pitch->converter|time_sync:external->control|wec_shut_down:control->manual|cable_overload:converter->electrical,warning:Error brake resistor CHP->converter|warning:Check time synchronization->control|warning:Time sync. failed (SNTP error)->control|stop:WEC shut down->manual|warning:Cable overload->electrical,4213,9386.501584975991,85.87338661142093,8.435722629839901,5.690890758739194,14.126613388579093,1012,1325.994789622407,716,534.1755512683067,977,1741.3485003248225,4.327733408394787,28,unwarned,False,,0,-1.8372787351161142,,False,False,False
joint_4slots,joint,4,brake_resistor_chp:pitch->converter|time_sync:external->control|wec_shut_down:control->manual|high_yaw_load:yaw->external,warning:Error brake resistor CHP->converter|warning:Check time synchronization->control|warning:Time sync. failed (SNTP error)->control|stop:WEC shut down->manual|stop:High yaw load->external,4213,9386.501584975991,85.87338661142093,8.435722629839901,5.690890758739194,14.126613388579093,1012,1325.994789622407,716,534.1755512683067,977,1741.3485003248225,4.327733408394787,28,unwarned,False,,0,-1.8372787351161142,,False,False,False
joint_5slots,joint,5,brake_resistor_chp:pitch->converter|time_sync:external->control|wec_shut_down:control->manual|high_yaw_load:yaw->external|cable_overload:converter->electrical,warning:Error brake resistor CHP->converter|warning:Check time synchronization->control|warning:Time sync. failed (SNTP error)->control|stop:WEC shut down->manual|stop:High yaw load->external|warning:Cable overload->electrical,4213,9386.501584975991,85.87338661142093,8.435722629839901,5.690890758739194,14.126613388579093,1012,1325.994789622407,716,534.1755512683067,977,1741.3485003248225,4.327733408394787,28,unwarned,False,,0,-1.8372787351161142,,False,False,False
joint_4slots,joint,4,brake_resistor_chp:pitch->converter|time_sync:external->control|wec_shut_down:control->manual|no_speed_development:control->pitch,warning:Error brake resistor CHP->converter|warning:Check time synchronization->control|warning:Time sync. failed (SNTP error)->control|stop:WEC shut down->manual|stop:No speed development->pitch,4213,9386.501584975991,85.78839225850776,8.435722629839901,5.7758851116523475,14.21160774149225,1013,1333.9727859057407,717,542.1535475516399,977,1741.3485003248225,4.327733408394787,28,unwarned,False,,0,-1.7522843822029603,,False,False,False
joint_5slots,joint,5,brake_resistor_chp:pitch->converter|time_sync:external->control|wec_shut_down:control->manual|no_speed_development:control->pitch|cable_overload:converter->electrical,warning:Error brake resistor CHP->converter|warning:Check time synchronization->control|warning:Time sync. failed (SNTP error)->control|stop:WEC shut down->manual|stop:No speed development->pitch|warning:Cable overload->electrical,4213,9386.501584975991,85.78839225850776,8.435722629839901,5.7758851116523475,14.21160774149225,1013,1333.9727859057407,717,542.1535475516399,977,1741.3485003248225,4.327733408394787,28,unwarned,False,,0,-1.7522843822029603,,False,False,False
joint_5slots,joint,5,brake_resistor_chp:pitch->converter|time_sync:external->control|wec_shut_down:control->manual|no_speed_development:control->pitch|high_yaw_load:yaw->external,warning:Error brake resistor CHP->converter|warning:Check time synchronization->control|warning:Time sync. failed (SNTP error)->control|stop:WEC shut down->manual|stop:No speed development->pitch|stop:High yaw load->external,4213,9386.501584975991,85.78839225850776,8.435722629839901,5.7758851116523475,14.21160774149225,1013,1333.9727859057407,717,542.1535475516399,977,1741.3485003248225,4.327733408394787,28,unwarned,False,,0,-1.7522843822029603,,False,False,False
joint_6slots,joint,6,brake_resistor_chp:pitch->converter|time_sync:external->control|wec_shut_down:control->manual|no_speed_development:control->pitch|high_yaw_load:yaw->external|cable_overload:converter->electrical,warning:Error brake resistor CHP->converter|warning:Check time synchronization->control|warning:Time sync. failed (SNTP error)->control|stop:WEC shut down->manual|stop:No speed development->pitch|stop:High yaw load->external|warning:Cable overload->electrical,4213,9386.501584975991,85.78839225850776,8.435722629839901,5.7758851116523475,14.21160774149225,1013,1333.9727859057407,717,542.1535475516399,977,1741.3485003248225,4.327733408394787,28,unwarned,False,,0,-1.7522843822029603,,False,False,False
joint_4slots,joint,4,brake_resistor_chp:pitch->converter|time_sync:external->control|wec_shut_down:control->manual|no_speed_development:control->brake_hydraulic,warning:Error brake resistor CHP->converter|warning:Check time synchronization->control|warning:Time sync. failed (SNTP error)->control|stop:WEC shut down->manual|stop:No speed development->brake_hydraulic,4213,9386.501584975991,85.78370987458842,8.437245761489462,5.779044363922129,14.21629012541159,1015,1334.4122979465442,718,542.4500908160163,977,1741.3485003248225,4.327733408394787,28,unwarned,False,,0,-1.7491251299331791,,False,False,False
joint_5slots,joint,5,brake_resistor_chp:pitch->converter|time_sync:external->control|wec_shut_down:control->manual|no_speed_development:control->brake_hydraulic|cable_overload:converter->electrical,warning:Error brake resistor CHP->converter|warning:Check time synchronization->control|warning:Time sync. failed (SNTP error)->control|stop:WEC shut down->manual|stop:No speed development->brake_hydraulic|warning:Cable overload->electrical,4213,9386.501584975991,85.78370987458842,8.437245761489462,5.779044363922129,14.21629012541159,1015,1334.4122979465442,718,542.4500908160163,977,1741.3485003248225,4.327733408394787,28,unwarned,False,,0,-1.7491251299331791,,False,False,False
joint_5slots,joint,5,brake_resistor_chp:pitch->converter|time_sync:external->control|wec_shut_down:control->manual|no_speed_development:control->brake_hydraulic|high_yaw_load:yaw->external,warning:Error brake resistor CHP->converter|warning:Check time synchronization->control|warning:Time sync. failed (SNTP error)->control|stop:WEC shut down->manual|stop:No speed development->brake_hydraulic|stop:High yaw load->external,4213,9386.501584975991,85.78370987458842,8.437245761489462,5.779044363922129,14.21629012541159,1015,1334.4122979465442,718,542.4500908160163,977,1741.3485003248225,4.327733408394787,28,unwarned,False,,0,-1.7491251299331791,,False,False,False
joint_6slots,joint,6,brake_resistor_chp:pitch->converter|time_sync:external->control|wec_shut_down:control->manual|no_speed_development:control->brake_hydraulic|high_yaw_load:yaw->external|cable_overload:converter->electrical,warning:Error brake resistor CHP->converter|warning:Check time synchronization->control|warning:Time sync. failed (SNTP error)->control|stop:WEC shut down->manual|stop:No speed development->brake_hydraulic|stop:High yaw load->external|warning:Cable overload->electrical,4213,9386.501584975991,85.78370987458842,8.437245761489462,5.779044363922129,14.21629012541159,1015,1334.4122979465442,718,542.4500908160163,977,1741.3485003248225,4.327733408394787,28,unwarned,False,,0,-1.7491251299331791,,False,False,False
joint_3slots,joint,3,brake_resistor_chp:pitch->converter|time_sync:external->control|current_asymmetry:converter->generator,warning:Error brake resistor CHP->converter|warning:Check time synchronization->control|warning:Time sync. failed (SNTP error)->control|stop:Current asymmetry->generator,4213,9386.501584975991,83.9382157930743,8.427796896609737,7.633987310315968,16.061784206925704,1002,1507.6396291585047,710,716.5643398796744,946,1696.3201041110958,2.4743689765659806,16,actionable_unacted,True,46.393055555555556,3,0.10581781646066002,,False,False,False
joint_4slots,joint,4,brake_resistor_chp:pitch->converter|time_sync:external->control|current_asymmetry:converter->generator|cable_overload:converter->electrical,warning:Error brake resistor CHP->converter|warning:Check time synchronization->control|warning:Time sync. failed (SNTP error)->control|stop:Current asymmetry->generator|warning:Cable overload->electrical,4213,9386.501584975991,83.9382157930743,8.427796896609737,7.633987310315968,16.061784206925704,1002,1507.6396291585047,710,716.5643398796744,946,1696.3201041110958,2.4743689765659806,16,actionable_unacted,True,46.393055555555556,3,0.10581781646066002,,False,False,False
joint_4slots,joint,4,brake_resistor_chp:pitch->converter|time_sync:external->control|current_asymmetry:converter->generator|high_yaw_load:yaw->external,warning:Error brake resistor CHP->converter|warning:Check time synchronization->control|warning:Time sync. failed (SNTP error)->control|stop:Current asymmetry->generator|stop:High yaw load->external,4213,9386.501584975991,83.9382157930743,8.427796896609737,7.633987310315968,16.061784206925704,1002,1507.6396291585047,710,716.5643398796744,946,1696.3201041110958,2.4743689765659806,16,actionable_unacted,True,46.393055555555556,3,0.10581781646066002,,False,False,False
joint_5slots,joint,5,brake_resistor_chp:pitch->converter|time_sync:external->control|current_asymmetry:converter->generator|high_yaw_load:yaw->external|cable_overload:converter->electrical,warning:Error brake resistor CHP->converter|warning:Check time synchronization->control|warning:Time sync. failed (SNTP error)->control|stop:Current asymmetry->generator|stop:High yaw load->external|warning:Cable overload->electrical,4213,9386.501584975991,83.9382157930743,8.427796896609737,7.633987310315968,16.061784206925704,1002,1507.6396291585047,710,716.5643398796744,946,1696.3201041110958,2.4743689765659806,16,actionable_unacted,True,46.393055555555556,3,0.10581781646066002,,False,False,False
joint_4slots,joint,4,brake_resistor_chp:pitch->converter|time_sync:external->control|current_asymmetry:converter->generator|no_speed_development:control->pitch,warning:Error brake resistor CHP->converter|warning:Check time synchronization->control|warning:Time sync. failed (SNTP error)->control|stop:Current asymmetry->generator|stop:No speed development->pitch,4213,9386.501584975991,83.85322144016115,8.427796896609737,7.718981663229124,16.14677855983886,1003,1515.6176254418383,711,724.5423361630078,946,1696.3201041110958,2.4743689765659806,16,actionable_unacted,True,46.393055555555556,3,0.1908121693738165,,False,False,False
joint_5slots,joint,5,brake_resistor_chp:pitch->converter|time_sync:external->control|current_asymmetry:converter->generator|no_speed_development:control->pitch|cable_overload:converter->electrical,warning:Error brake resistor CHP->converter|warning:Check time synchronization->control|warning:Time sync. failed (SNTP error)->control|stop:Current asymmetry->generator|stop:No speed development->pitch|warning:Cable overload->electrical,4213,9386.501584975991,83.85322144016115,8.427796896609737,7.718981663229124,16.14677855983886,1003,1515.6176254418383,711,724.5423361630078,946,1696.3201041110958,2.4743689765659806,16,actionable_unacted,True,46.393055555555556,3,0.1908121693738165,,False,False,False
joint_5slots,joint,5,brake_resistor_chp:pitch->converter|time_sync:external->control|current_asymmetry:converter->generator|no_speed_development:control->pitch|high_yaw_load:yaw->external,warning:Error brake resistor CHP->converter|warning:Check time synchronization->control|warning:Time sync. failed (SNTP error)->control|stop:Current asymmetry->generator|stop:No speed development->pitch|stop:High yaw load->external,4213,9386.501584975991,83.85322144016115,8.427796896609737,7.718981663229124,16.14677855983886,1003,1515.6176254418383,711,724.5423361630078,946,1696.3201041110958,2.4743689765659806,16,actionable_unacted,True,46.393055555555556,3,0.1908121693738165,,False,False,False
joint_6slots,joint,6,brake_resistor_chp:pitch->converter|time_sync:external->control|current_asymmetry:converter->generator|no_speed_development:control->pitch|high_yaw_load:yaw->external|cable_overload:converter->electrical,warning:Error brake resistor CHP->converter|warning:Check time synchronization->control|warning:Time sync. failed (SNTP error)->control|stop:Current asymmetry->generator|stop:No speed development->pitch|stop:High yaw load->external|warning:Cable overload->electrical,4213,9386.501584975991,83.85322144016115,8.427796896609737,7.718981663229124,16.14677855983886,1003,1515.6176254418383,711,724.5423361630078,946,1696.3201041110958,2.4743689765659806,16,actionable_unacted,True,46.393055555555556,3,0.1908121693738165,,False,False,False
joint_4slots,joint,4,brake_resistor_chp:pitch->converter|time_sync:external->control|current_asymmetry:converter->generator|no_speed_development:control->brake_hydraulic,warning:Error brake resistor CHP->converter|warning:Check time synchronization->control|warning:Time sync. failed (SNTP error)->control|stop:Current asymmetry->generator|stop:No speed development->brake_hydraulic,4213,9386.501584975991,83.8485390562418,8.4293200282593,7.722140915498904,16.151460943758202,1005,1516.0571374826418,712,724.8388794273841,946,1696.3201041110958,2.4743689765659806,16,actionable_unacted,True,46.393055555555556,3,0.19397142164359593,,False,False,False
joint_5slots,joint,5,brake_resistor_chp:pitch->converter|time_sync:external->control|current_asymmetry:converter->generator|no_speed_development:control->brake_hydraulic|cable_overload:converter->electrical,warning:Error brake resistor CHP->converter|warning:Check time synchronization->control|warning:Time sync. failed (SNTP error)->control|stop:Current asymmetry->generator|stop:No speed development->brake_hydraulic|warning:Cable overload->electrical,4213,9386.501584975991,83.8485390562418,8.4293200282593,7.722140915498904,16.151460943758202,1005,1516.0571374826418,712,724.8388794273841,946,1696.3201041110958,2.4743689765659806,16,actionable_unacted,True,46.393055555555556,3,0.19397142164359593,,False,False,False
joint_5slots,joint,5,brake_resistor_chp:pitch->converter|time_sync:external->control|current_asymmetry:converter->generator|no_speed_development:control->brake_hydraulic|high_yaw_load:yaw->external,warning:Error brake resistor CHP->converter|warning:Check time synchronization->control|warning:Time sync. failed (SNTP error)->control|stop:Current asymmetry->generator|stop:No speed development->brake_hydraulic|stop:High yaw load->external,4213,9386.501584975991,83.8485390562418,8.4293200282593,7.722140915498904,16.151460943758202,1005,1516.0571374826418,712,724.8388794273841,946,1696.3201041110958,2.4743689765659806,16,actionable_unacted,True,46.393055555555556,3,0.19397142164359593,,False,False,False
joint_6slots,joint,6,brake_resistor_chp:pitch->converter|time_sync:external->control|current_asymmetry:converter->generator|no_speed_development:control->brake_hydraulic|high_yaw_load:yaw->external|cable_overload:converter->electrical,warning:Error brake resistor CHP->converter|warning:Check time synchronization->control|warning:Time sync. failed (SNTP error)->control|stop:Current asymmetry->generator|stop:No speed development->brake_hydraulic|stop:High yaw load->external|warning:Cable overload->electrical,4213,9386.501584975991,83.8485390562418,8.4293200282593,7.722140915498904,16.151460943758202,1005,1516.0571374826418,712,724.8388794273841,946,1696.3201041110958,2.4743689765659806,16,actionable_unacted,True,46.393055555555556,3,0.19397142164359593,,False,False,False
joint_4slots,joint,4,brake_resistor_chp:pitch->converter|time_sync:external->control|current_asymmetry:converter->generator|wec_shut_down:control->manual,warning:Error brake resistor CHP->converter|warning:Check time synchronization->control|warning:Time sync. failed (SNTP error)->control|stop:Current asymmetry->generator|stop:WEC shut down->manual,4213,9386.501584975991,86.229085719374,8.427796896609737,5.343117384016268,13.770914280626004,1000,1292.607087216645,708,501.5317979378147,946,1696.3201041110958,2.4743689765659806,16,unwarned,False,,0,-2.18505210983904,,False,False,False
joint_5slots,joint,5,brake_resistor_chp:pitch->converter|time_sync:external->control|current_asymmetry:converter->generator|wec_shut_down:control->manual|cable_overload:converter->electrical,warning:Error brake resistor CHP->converter|warning:Check time synchronization->control|warning:Time sync. failed (SNTP error)->control|stop:Current asymmetry->generator|stop:WEC shut down->manual|warning:Cable overload->electrical,4213,9386.501584975991,86.229085719374,8.427796896609737,5.343117384016268,13.770914280626004,1000,1292.607087216645,708,501.5317979378147,946,1696.3201041110958,2.4743689765659806,16,unwarned,False,,0,-2.18505210983904,,False,False,False
joint_5slots,joint,5,brake_resistor_chp:pitch->converter|time_sync:external->control|current_asymmetry:converter->generator|wec_shut_down:control->manual|high_yaw_load:yaw->external,warning:Error brake resistor CHP->converter|warning:Check time synchronization->control|warning:Time sync. failed (SNTP error)->control|stop:Current asymmetry->generator|stop:WEC shut down->manual|stop:High yaw load->external,4213,9386.501584975991,86.229085719374,8.427796896609737,5.343117384016268,13.770914280626004,1000,1292.607087216645,708,501.5317979378147,946,1696.3201041110958,2.4743689765659806,16,unwarned,False,,0,-2.18505210983904,,False,False,False
joint_6slots,joint,6,brake_resistor_chp:pitch->converter|time_sync:external->control|current_asymmetry:converter->generator|wec_shut_down:control->manual|high_yaw_load:yaw->external|cable_overload:converter->electrical,warning:Error brake resistor CHP->converter|warning:Check time synchronization->control|warning:Time sync. failed (SNTP error)->control|stop:Current asymmetry->generator|stop:WEC shut down->manual|stop:High yaw load->external|warning:Cable overload->electrical,4213,9386.501584975991,86.229085719374,8.427796896609737,5.343117384016268,13.770914280626004,1000,1292.607087216645,708,501.5317979378147,946,1696.3201041110958,2.4743689765659806,16,unwarned,False,,0,-2.18505210983904,,False,False,False
joint_5slots,joint,5,brake_resistor_chp:pitch->converter|time_sync:external->control|current_asymmetry:converter->generator|wec_shut_down:control->manual|no_speed_development:control->pitch,warning:Error brake resistor CHP->converter|warning:Check time synchronization->control|warning:Time sync. failed (SNTP error)->control|stop:Current asymmetry->generator|stop:WEC shut down->manual|stop:No speed development->pitch,4213,9386.501584975991,86.14409136646087,8.427796896609737,5.428111736929423,13.855908633539158,1001,1300.5850834999783,709,509.509794221148,946,1696.3201041110958,2.4743689765659806,16,unwarned,False,,0,-2.100057756925885,,False,False,False
joint_6slots,joint,6,brake_resistor_chp:pitch->converter|time_sync:external->control|current_asymmetry:converter->generator|wec_shut_down:control->manual|no_speed_development:control->pitch|cable_overload:converter->electrical,warning:Error brake resistor CHP->converter|warning:Check time synchronization->control|warning:Time sync. failed (SNTP error)->control|stop:Current asymmetry->generator|stop:WEC shut down->manual|stop:No speed development->pitch|warning:Cable overload->electrical,4213,9386.501584975991,86.14409136646087,8.427796896609737,5.428111736929423,13.855908633539158,1001,1300.5850834999783,709,509.509794221148,946,1696.3201041110958,2.4743689765659806,16,unwarned,False,,0,-2.100057756925885,,False,False,False
joint_6slots,joint,6,brake_resistor_chp:pitch->converter|time_sync:external->control|current_asymmetry:converter->generator|wec_shut_down:control->manual|no_speed_development:control->pitch|high_yaw_load:yaw->external,warning:Error brake resistor CHP->converter|warning:Check time synchronization->control|warning:Time sync. failed (SNTP error)->control|stop:Current asymmetry->generator|stop:WEC shut down->manual|stop:No speed development->pitch|stop:High yaw load->external,4213,9386.501584975991,86.14409136646087,8.427796896609737,5.428111736929423,13.855908633539158,1001,1300.5850834999783,709,509.509794221148,946,1696.3201041110958,2.4743689765659806,16,unwarned,False,,0,-2.100057756925885,,False,False,False
joint_7slots,joint,7,brake_resistor_chp:pitch->converter|time_sync:external->control|current_asymmetry:converter->generator|wec_shut_down:control->manual|no_speed_development:control->pitch|high_yaw_load:yaw->external|cable_overload:converter->electrical,warning:Error brake resistor CHP->converter|warning:Check time synchronization->control|warning:Time sync. failed (SNTP error)->control|stop:Current asymmetry->generator|stop:WEC shut down->manual|stop:No speed development->pitch|stop:High yaw load->external|warning:Cable overload->electrical,4213,9386.501584975991,86.14409136646087,8.427796896609737,5.428111736929423,13.855908633539158,1001,1300.5850834999783,709,509.509794221148,946,1696.3201041110958,2.4743689765659806,16,unwarned,False,,0,-2.100057756925885,,False,False,False
joint_5slots,joint,5,brake_resistor_chp:pitch->converter|time_sync:external->control|current_asymmetry:converter->generator|wec_shut_down:control->manual|no_speed_development:control->brake_hydraulic,warning:Error brake resistor CHP->converter|warning:Check time synchronization->control|warning:Time sync. failed (SNTP error)->control|stop:Current asymmetry->generator|stop:WEC shut down->manual|stop:No speed development->brake_hydraulic,4213,9386.501584975991,86.13940898254151,8.4293200282593,5.431270989199203,13.8605910174585,1003,1301.024595540782,710,509.80633748552435,946,1696.3201041110958,2.4743689765659806,16,unwarned,False,,0,-2.096898504656105,,False,False,False
joint_6slots,joint,6,brake_resistor_chp:pitch->converter|time_sync:external->control|current_asymmetry:converter->generator|wec_shut_down:control->manual|no_speed_development:control->brake_hydraulic|cable_overload:converter->electrical,warning:Error brake resistor CHP->converter|warning:Check time synchronization->control|warning:Time sync. failed (SNTP error)->control|stop:Current asymmetry->generator|stop:WEC shut down->manual|stop:No speed development->brake_hydraulic|warning:Cable overload->electrical,4213,9386.501584975991,86.13940898254151,8.4293200282593,5.431270989199203,13.8605910174585,1003,1301.024595540782,710,509.80633748552435,946,1696.3201041110958,2.4743689765659806,16,unwarned,False,,0,-2.096898504656105,,False,False,False
joint_6slots,joint,6,brake_resistor_chp:pitch->converter|time_sync:external->control|current_asymmetry:converter->generator|wec_shut_down:control->manual|no_speed_development:control->brake_hydraulic|high_yaw_load:yaw->external,warning:Error brake resistor CHP->converter|warning:Check time synchronization->control|warning:Time sync. failed (SNTP error)->control|stop:Current asymmetry->generator|stop:WEC shut down->manual|stop:No speed development->brake_hydraulic|stop:High yaw load->external,4213,9386.501584975991,86.13940898254151,8.4293200282593,5.431270989199203,13.8605910174585,1003,1301.024595540782,710,509.80633748552435,946,1696.3201041110958,2.4743689765659806,16,unwarned,False,,0,-2.096898504656105,,False,False,False
joint_7slots,joint,7,brake_resistor_chp:pitch->converter|time_sync:external->control|current_asymmetry:converter->generator|wec_shut_down:control->manual|no_speed_development:control->brake_hydraulic|high_yaw_load:yaw->external|cable_overload:converter->electrical,warning:Error brake resistor CHP->converter|warning:Check time synchronization->control|warning:Time sync. failed (SNTP error)->control|stop:Current asymmetry->generator|stop:WEC shut down->manual|stop:No speed development->brake_hydraulic|stop:High yaw load->external|warning:Cable overload->electrical,4213,9386.501584975991,86.13940898254151,8.4293200282593,5.431270989199203,13.8605910174585,1003,1301.024595540782,710,509.80633748552435,946,1696.3201041110958,2.4743689765659806,16,unwarned,False,,0,-2.096898504656105,,False,False,False
joint_3slots,joint,3,brake_resistor_chp:pitch->converter|time_sync:external->control|cms_drivetrain:comms->drivetrain,warning:Error brake resistor CHP->converter|warning:Check time synchronization->control|warning:Time sync. failed (SNTP error)->control|warning:Comm.err. IEC server <- CMS drive tr.->drivetrain|warning:Comm.err. IEC client -> CMS drive tr.->drivetrain|warning:CMS drive train system error->drivetrain,4213,9386.501584975991,83.54803166031175,8.436602991616368,8.015365348071892,16.451968339688257,1028,1544.2642689645868,728,752.3623954383845,977,1741.3485003248225,4.327733408394787,28,actionable_unacted,True,46.393055555555556,3,0.4871958542165844,,False,False,False
joint_4slots,joint,4,brake_resistor_chp:pitch->converter|time_sync:external->control|cms_drivetrain:comms->drivetrain|cable_overload:converter->electrical,warning:Error brake resistor CHP->converter|warning:Check time synchronization->control|warning:Time sync. failed (SNTP error)->control|warning:Comm.err. IEC server <- CMS drive tr.->drivetrain|warning:Comm.err. IEC client -> CMS drive tr.->drivetrain|warning:CMS drive train system error->drivetrain|warning:Cable overload->electrical,4213,9386.501584975991,83.54803166031175,8.436602991616368,8.015365348071892,16.451968339688257,1028,1544.2642689645868,728,752.3623954383845,977,1741.3485003248225,4.327733408394787,28,actionable_unacted,True,46.393055555555556,3,0.4871958542165844,,False,False,False
joint_4slots,joint,4,brake_resistor_chp:pitch->converter|time_sync:external->control|cms_drivetrain:comms->drivetrain|high_yaw_load:yaw->external,warning:Error brake resistor CHP->converter|warning:Check time synchronization->control|warning:Time sync. failed (SNTP error)->control|warning:Comm.err. IEC server <- CMS drive tr.->drivetrain|warning:Comm.err. IEC client -> CMS drive tr.->drivetrain|warning:CMS drive train system error->drivetrain|stop:High yaw load->external,4213,9386.501584975991,83.54803166031175,8.436602991616368,8.015365348071892,16.451968339688257,1028,1544.2642689645868,728,752.3623954383845,977,1741.3485003248225,4.327733408394787,28,actionable_unacted,True,46.393055555555556,3,0.4871958542165844,,False,False,False
joint_5slots,joint,5,brake_resistor_chp:pitch->converter|time_sync:external->control|cms_drivetrain:comms->drivetrain|high_yaw_load:yaw->external|cable_overload:converter->electrical,warning:Error brake resistor CHP->converter|warning:Check time synchronization->control|warning:Time sync. failed (SNTP error)->control|warning:Comm.err. IEC server <- CMS drive tr.->drivetrain|warning:Comm.err. IEC client -> CMS drive tr.->drivetrain|warning:CMS drive train system error->drivetrain|stop:High yaw load->external|warning:Cable overload->electrical,4213,9386.501584975991,83.54803166031175,8.436602991616368,8.015365348071892,16.451968339688257,1028,1544.2642689645868,728,752.3623954383845,977,1741.3485003248225,4.327733408394787,28,actionable_unacted,True,46.393055555555556,3,0.4871958542165844,,False,False,False
joint_4slots,joint,4,brake_resistor_chp:pitch->converter|time_sync:external->control|cms_drivetrain:comms->drivetrain|no_speed_development:control->pitch,warning:Error brake resistor CHP->converter|warning:Check time synchronization->control|warning:Time sync. failed (SNTP error)->control|warning:Comm.err. IEC server <- CMS drive tr.->drivetrain|warning:Comm.err. IEC client -> CMS drive tr.->drivetrain|warning:CMS drive train system error->drivetrain|stop:No speed development->pitch,4213,9386.501584975991,83.4630373073986,8.436602991616368,8.100359700985047,16.536962692601417,1029,1552.2422652479204,729,760.3403917217179,977,1741.3485003248225,4.327733408394787,28,actionable_unacted,True,46.393055555555556,3,0.5721902071297391,,False,False,False
joint_5slots,joint,5,brake_resistor_chp:pitch->converter|time_sync:external->control|cms_drivetrain:comms->drivetrain|no_speed_development:control->pitch|cable_overload:converter->electrical,warning:Error brake resistor CHP->converter|warning:Check time synchronization->control|warning:Time sync. failed (SNTP error)->control|warning:Comm.err. IEC server <- CMS drive tr.->drivetrain|warning:Comm.err. IEC client -> CMS drive tr.->drivetrain|warning:CMS drive train system error->drivetrain|stop:No speed development->pitch|warning:Cable overload->electrical,4213,9386.501584975991,83.4630373073986,8.436602991616368,8.100359700985047,16.536962692601417,1029,1552.2422652479204,729,760.3403917217179,977,1741.3485003248225,4.327733408394787,28,actionable_unacted,True,46.393055555555556,3,0.5721902071297391,,False,False,False
joint_5slots,joint,5,brake_resistor_chp:pitch->converter|time_sync:external->control|cms_drivetrain:comms->drivetrain|no_speed_development:control->pitch|high_yaw_load:yaw->external,warning:Error brake resistor CHP->converter|warning:Check time synchronization->control|warning:Time sync. failed (SNTP error)->control|warning:Comm.err. IEC server <- CMS drive tr.->drivetrain|warning:Comm.err. IEC client -> CMS drive tr.->drivetrain|warning:CMS drive train system error->drivetrain|stop:No speed development->pitch|stop:High yaw load->external,4213,9386.501584975991,83.4630373073986,8.436602991616368,8.100359700985047,16.536962692601417,1029,1552.2422652479204,729,760.3403917217179,977,1741.3485003248225,4.327733408394787,28,actionable_unacted,True,46.393055555555556,3,0.5721902071297391,,False,False,False
joint_6slots,joint,6,brake_resistor_chp:pitch->converter|time_sync:external->control|cms_drivetrain:comms->drivetrain|no_speed_development:control->pitch|high_yaw_load:yaw->external|cable_overload:converter->electrical,warning:Error brake resistor CHP->converter|warning:Check time synchronization->control|warning:Time sync. failed (SNTP error)->control|warning:Comm.err. IEC server <- CMS drive tr.->drivetrain|warning:Comm.err. IEC client -> CMS drive tr.->drivetrain|warning:CMS drive train system error->drivetrain|stop:No speed development->pitch|stop:High yaw load->external|warning:Cable overload->electrical,4213,9386.501584975991,83.4630373073986,8.436602991616368,8.100359700985047,16.536962692601417,1029,1552.2422652479204,729,760.3403917217179,977,1741.3485003248225,4.327733408394787,28,actionable_unacted,True,46.393055555555556,3,0.5721902071297391,,False,False,False
joint_4slots,joint,4,brake_resistor_chp:pitch->converter|time_sync:external->control|cms_drivetrain:comms->drivetrain|no_speed_development:control->brake_hydraulic,warning:Error brake resistor CHP->converter|warning:Check time synchronization->control|warning:Time sync. failed (SNTP error)->control|warning:Comm.err. IEC server <- CMS drive tr.->drivetrain|warning:Comm.err. IEC client -> CMS drive tr.->drivetrain|warning:CMS drive train system error->drivetrain|stop:No speed development->brake_hydraulic,4213,9386.501584975991,83.45835492347926,8.43812612326593,8.103518953254827,16.541645076520755,1031,1552.6817772887237,730,760.6369349860942,977,1741.3485003248225,4.327733408394787,28,actionable_unacted,True,46.393055555555556,3,0.5753494593995194,,False,False,False
joint_5slots,joint,5,brake_resistor_chp:pitch->converter|time_sync:external->control|cms_drivetrain:comms->drivetrain|no_speed_development:control->brake_hydraulic|cable_overload:converter->electrical,warning:Error brake resistor CHP->converter|warning:Check time synchronization->control|warning:Time sync. failed (SNTP error)->control|warning:Comm.err. IEC server <- CMS drive tr.->drivetrain|warning:Comm.err. IEC client -> CMS drive tr.->drivetrain|warning:CMS drive train system error->drivetrain|stop:No speed development->brake_hydraulic|warning:Cable overload->electrical,4213,9386.501584975991,83.45835492347926,8.43812612326593,8.103518953254827,16.541645076520755,1031,1552.6817772887237,730,760.6369349860942,977,1741.3485003248225,4.327733408394787,28,actionable_unacted,True,46.393055555555556,3,0.5753494593995194,,False,False,False
joint_5slots,joint,5,brake_resistor_chp:pitch->converter|time_sync:external->control|cms_drivetrain:comms->drivetrain|no_speed_development:control->brake_hydraulic|high_yaw_load:yaw->external,warning:Error brake resistor CHP->converter|warning:Check time synchronization->control|warning:Time sync. failed (SNTP error)->control|warning:Comm.err. IEC server <- CMS drive tr.->drivetrain|warning:Comm.err. IEC client -> CMS drive tr.->drivetrain|warning:CMS drive train system error->drivetrain|stop:No speed development->brake_hydraulic|stop:High yaw load->external,4213,9386.501584975991,83.45835492347926,8.43812612326593,8.103518953254827,16.541645076520755,1031,1552.6817772887237,730,760.6369349860942,977,1741.3485003248225,4.327733408394787,28,actionable_unacted,True,46.393055555555556,3,0.5753494593995194,,False,False,False
joint_6slots,joint,6,brake_resistor_chp:pitch->converter|time_sync:external->control|cms_drivetrain:comms->drivetrain|no_speed_development:control->brake_hydraulic|high_yaw_load:yaw->external|cable_overload:converter->electrical,warning:Error brake resistor CHP->converter|warning:Check time synchronization->control|warning:Time sync. failed (SNTP error)->control|warning:Comm.err. IEC server <- CMS drive tr.->drivetrain|warning:Comm.err. IEC client -> CMS drive tr.->drivetrain|warning:CMS drive train system error->drivetrain|stop:No speed development->brake_hydraulic|stop:High yaw load->external|warning:Cable overload->electrical,4213,9386.501584975991,83.45835492347926,8.43812612326593,8.103518953254827,16.541645076520755,1031,1552.6817772887237,730,760.6369349860942,977,1741.3485003248225,4.327733408394787,28,actionable_unacted,True,46.393055555555556,3,0.5753494593995194,,False,False,False
joint_4slots,joint,4,brake_resistor_chp:pitch->converter|time_sync:external->control|cms_drivetrain:comms->drivetrain|wec_shut_down:control->manual,warning:Error brake resistor CHP->converter|warning:Check time synchronization->control|warning:Time sync. failed (SNTP error)->control|warning:Comm.err. IEC server <- CMS drive tr.->drivetrain|warning:Comm.err. IEC client -> CMS drive tr.->drivetrain|warning:CMS drive train system error->drivetrain|stop:WEC shut down->manual,4213,9386.501584975991,85.83890158661146,8.436602991616368,5.724495421772191,14.161098413388556,1026,1329.2317270227268,726,537.3298534965247,977,1741.3485003248225,4.327733408394787,28,unwarned,False,,0,-1.8036740720831173,,False,False,False
joint_5slots,joint,5,brake_resistor_chp:pitch->converter|time_sync:external->control|cms_drivetrain:comms->drivetrain|wec_shut_down:control->manual|cable_overload:converter->electrical,warning:Error brake resistor CHP->converter|warning:Check time synchronization->control|warning:Time sync. failed (SNTP error)->control|warning:Comm.err. IEC server <- CMS drive tr.->drivetrain|warning:Comm.err. IEC client -> CMS drive tr.->drivetrain|warning:CMS drive train system error->drivetrain|stop:WEC shut down->manual|warning:Cable overload->electrical,4213,9386.501584975991,85.83890158661146,8.436602991616368,5.724495421772191,14.161098413388556,1026,1329.2317270227268,726,537.3298534965247,977,1741.3485003248225,4.327733408394787,28,unwarned,False,,0,-1.8036740720831173,,False,False,False
joint_5slots,joint,5,brake_resistor_chp:pitch->converter|time_sync:external->control|cms_drivetrain:comms->drivetrain|wec_shut_down:control->manual|high_yaw_load:yaw->external,warning:Error brake resistor CHP->converter|warning:Check time synchronization->control|warning:Time sync. failed (SNTP error)->control|warning:Comm.err. IEC server <- CMS drive tr.->drivetrain|warning:Comm.err. IEC client -> CMS drive tr.->drivetrain|warning:CMS drive train system error->drivetrain|stop:WEC shut down->manual|stop:High yaw load->external,4213,9386.501584975991,85.83890158661146,8.436602991616368,5.724495421772191,14.161098413388556,1026,1329.2317270227268,726,537.3298534965247,977,1741.3485003248225,4.327733408394787,28,unwarned,False,,0,-1.8036740720831173,,False,False,False
joint_6slots,joint,6,brake_resistor_chp:pitch->converter|time_sync:external->control|cms_drivetrain:comms->drivetrain|wec_shut_down:control->manual|high_yaw_load:yaw->external|cable_overload:converter->electrical,warning:Error brake resistor CHP->converter|warning:Check time synchronization->control|warning:Time sync. failed (SNTP error)->control|warning:Comm.err. IEC server <- CMS drive tr.->drivetrain|warning:Comm.err. IEC client -> CMS drive tr.->drivetrain|warning:CMS drive train system error->drivetrain|stop:WEC shut down->manual|stop:High yaw load->external|warning:Cable overload->electrical,4213,9386.501584975991,85.83890158661146,8.436602991616368,5.724495421772191,14.161098413388556,1026,1329.2317270227268,726,537.3298534965247,977,1741.3485003248225,4.327733408394787,28,unwarned,False,,0,-1.8036740720831173,,False,False,False
joint_5slots,joint,5,brake_resistor_chp:pitch->converter|time_sync:external->control|cms_drivetrain:comms->drivetrain|wec_shut_down:control->manual|no_speed_development:control->pitch,warning:Error brake resistor CHP->converter|warning:Check time synchronization->control|warning:Time sync. failed (SNTP error)->control|warning:Comm.err. IEC server <- CMS drive tr.->drivetrain|warning:Comm.err. IEC client -> CMS drive tr.->drivetrain|warning:CMS drive train system error->drivetrain|stop:WEC shut down->manual|stop:No speed development->pitch,4213,9386.501584975991,85.75390723369829,8.436602991616368,5.809489774685345,14.246092766301715,1027,1337.2097233060604,727,545.3078497798581,977,1741.3485003248225,4.327733408394787,28,unwarned,False,,0,-1.7186797191699625,,False,False,False
joint_6slots,joint,6,brake_resistor_chp:pitch->converter|time_sync:external->control|cms_drivetrain:comms->drivetrain|wec_shut_down:control->manual|no_speed_development:control->pitch|cable_overload:converter->electrical,warning:Error brake resistor CHP->converter|warning:Check time synchronization->control|warning:Time sync. failed (SNTP error)->control|warning:Comm.err. IEC server <- CMS drive tr.->drivetrain|warning:Comm.err. IEC client -> CMS drive tr.->drivetrain|warning:CMS drive train system error->drivetrain|stop:WEC shut down->manual|stop:No speed development->pitch|warning:Cable overload->electrical,4213,9386.501584975991,85.75390723369829,8.436602991616368,5.809489774685345,14.246092766301715,1027,1337.2097233060604,727,545.3078497798581,977,1741.3485003248225,4.327733408394787,28,unwarned,False,,0,-1.7186797191699625,,False,False,False
joint_6slots,joint,6,brake_resistor_chp:pitch->converter|time_sync:external->control|cms_drivetrain:comms->drivetrain|wec_shut_down:control->manual|no_speed_development:control->pitch|high_yaw_load:yaw->external,warning:Error brake resistor CHP->converter|warning:Check time synchronization->control|warning:Time sync. failed (SNTP error)->control|warning:Comm.err. IEC server <- CMS drive tr.->drivetrain|warning:Comm.err. IEC client -> CMS drive tr.->drivetrain|warning:CMS drive train system error->drivetrain|stop:WEC shut down->manual|stop:No speed development->pitch|stop:High yaw load->external,4213,9386.501584975991,85.75390723369829,8.436602991616368,5.809489774685345,14.246092766301715,1027,1337.2097233060604,727,545.3078497798581,977,1741.3485003248225,4.327733408394787,28,unwarned,False,,0,-1.7186797191699625,,False,False,False
joint_7slots,joint,7,brake_resistor_chp:pitch->converter|time_sync:external->control|cms_drivetrain:comms->drivetrain|wec_shut_down:control->manual|no_speed_development:control->pitch|high_yaw_load:yaw->external|cable_overload:converter->electrical,warning:Error brake resistor CHP->converter|warning:Check time synchronization->control|warning:Time sync. failed (SNTP error)->control|warning:Comm.err. IEC server <- CMS drive tr.->drivetrain|warning:Comm.err. IEC client -> CMS drive tr.->drivetrain|warning:CMS drive train system error->drivetrain|stop:WEC shut down->manual|stop:No speed development->pitch|stop:High yaw load->external|warning:Cable overload->electrical,4213,9386.501584975991,85.75390723369829,8.436602991616368,5.809489774685345,14.246092766301715,1027,1337.2097233060604,727,545.3078497798581,977,1741.3485003248225,4.327733408394787,28,unwarned,False,,0,-1.7186797191699625,,False,False,False
joint_5slots,joint,5,brake_resistor_chp:pitch->converter|time_sync:external->control|cms_drivetrain:comms->drivetrain|wec_shut_down:control->manual|no_speed_development:control->brake_hydraulic,warning:Error brake resistor CHP->converter|warning:Check time synchronization->control|warning:Time sync. failed (SNTP error)->control|warning:Comm.err. IEC server <- CMS drive tr.->drivetrain|warning:Comm.err. IEC client -> CMS drive tr.->drivetrain|warning:CMS drive train system error->drivetrain|stop:WEC shut down->manual|stop:No speed development->brake_hydraulic,4213,9386.501584975991,85.74922484977895,8.43812612326593,5.8126490269551265,14.250775150221054,1029,1337.6492353468639,728,545.6043930442345,977,1741.3485003248225,4.327733408394787,28,unwarned,False,,0,-1.7155204669001813,,False,False,False
joint_6slots,joint,6,brake_resistor_chp:pitch->converter|time_sync:external->control|cms_drivetrain:comms->drivetrain|wec_shut_down:control->manual|no_speed_development:control->brake_hydraulic|cable_overload:converter->electrical,warning:Error brake resistor CHP->converter|warning:Check time synchronization->control|warning:Time sync. failed (SNTP error)->control|warning:Comm.err. IEC server <- CMS drive tr.->drivetrain|warning:Comm.err. IEC client -> CMS drive tr.->drivetrain|warning:CMS drive train system error->drivetrain|stop:WEC shut down->manual|stop:No speed development->brake_hydraulic|warning:Cable overload->electrical,4213,9386.501584975991,85.74922484977895,8.43812612326593,5.8126490269551265,14.250775150221054,1029,1337.6492353468639,728,545.6043930442345,977,1741.3485003248225,4.327733408394787,28,unwarned,False,,0,-1.7155204669001813,,False,False,False
joint_6slots,joint,6,brake_resistor_chp:pitch->converter|time_sync:external->control|cms_drivetrain:comms->drivetrain|wec_shut_down:control->manual|no_speed_development:control->brake_hydraulic|high_yaw_load:yaw->external,warning:Error brake resistor CHP->converter|warning:Check time synchronization->control|warning:Time sync. failed (SNTP error)->control|warning:Comm.err. IEC server <- CMS drive tr.->drivetrain|warning:Comm.err. IEC client -> CMS drive tr.->drivetrain|warning:CMS drive train system error->drivetrain|stop:WEC shut down->manual|stop:No speed development->brake_hydraulic|stop:High yaw load->external,4213,9386.501584975991,85.74922484977895,8.43812612326593,5.8126490269551265,14.250775150221054,1029,1337.6492353468639,728,545.6043930442345,977,1741.3485003248225,4.327733408394787,28,unwarned,False,,0,-1.7155204669001813,,False,False,False
joint_7slots,joint,7,brake_resistor_chp:pitch->converter|time_sync:external->control|cms_drivetrain:comms->drivetrain|wec_shut_down:control->manual|no_speed_development:control->brake_hydraulic|high_yaw_load:yaw->external|cable_overload:converter->electrical,warning:Error brake resistor CHP->converter|warning:Check time synchronization->control|warning:Time sync. failed (SNTP error)->control|warning:Comm.err. IEC server <- CMS drive tr.->drivetrain|warning:Comm.err. IEC client -> CMS drive tr.->drivetrain|warning:CMS drive train system error->drivetrain|stop:WEC shut down->manual|stop:No speed development->brake_hydraulic|stop:High yaw load->external|warning:Cable overload->electrical,4213,9386.501584975991,85.74922484977895,8.43812612326593,5.8126490269551265,14.250775150221054,1029,1337.6492353468639,728,545.6043930442345,977,1741.3485003248225,4.327733408394787,28,unwarned,False,,0,-1.7155204669001813,,False,False,False
joint_4slots,joint,4,brake_resistor_chp:pitch->converter|time_sync:external->control|cms_drivetrain:comms->drivetrain|current_asymmetry:converter->generator,warning:Error brake resistor CHP->converter|warning:Check time synchronization->control|warning:Time sync. failed (SNTP error)->control|warning:Comm.err. IEC server <- CMS drive tr.->drivetrain|warning:Comm.err. IEC client -> CMS drive tr.->drivetrain|warning:CMS drive train system error->drivetrain|stop:Current asymmetry->generator,4213,9386.501584975991,83.90373076826485,8.428677258386204,7.667591973348967,16.09626923173517,1016,1510.8765665588246,720,719.7186421078926,946,1696.3201041110958,2.4743689765659806,16,actionable_unacted,True,46.393055555555556,3,0.1394224794936587,,False,False,False
joint_5slots,joint,5,brake_resistor_chp:pitch->converter|time_sync:external->control|cms_drivetrain:comms->drivetrain|current_asymmetry:converter->generator|cable_overload:converter->electrical,warning:Error brake resistor CHP->converter|warning:Check time synchronization->control|warning:Time sync. failed (SNTP error)->control|warning:Comm.err. IEC server <- CMS drive tr.->drivetrain|warning:Comm.err. IEC client -> CMS drive tr.->drivetrain|warning:CMS drive train system error->drivetrain|stop:Current asymmetry->generator|warning:Cable overload->electrical,4213,9386.501584975991,83.90373076826485,8.428677258386204,7.667591973348967,16.09626923173517,1016,1510.8765665588246,720,719.7186421078926,946,1696.3201041110958,2.4743689765659806,16,actionable_unacted,True,46.393055555555556,3,0.1394224794936587,,False,False,False
joint_5slots,joint,5,brake_resistor_chp:pitch->converter|time_sync:external->control|cms_drivetrain:comms->drivetrain|current_asymmetry:converter->generator|high_yaw_load:yaw->external,warning:Error brake resistor CHP->converter|warning:Check time synchronization->control|warning:Time sync. failed (SNTP error)->control|warning:Comm.err. IEC server <- CMS drive tr.->drivetrain|warning:Comm.err. IEC client -> CMS drive tr.->drivetrain|warning:CMS drive train system error->drivetrain|stop:Current asymmetry->generator|stop:High yaw load->external,4213,9386.501584975991,83.90373076826485,8.428677258386204,7.667591973348967,16.09626923173517,1016,1510.8765665588246,720,719.7186421078926,946,1696.3201041110958,2.4743689765659806,16,actionable_unacted,True,46.393055555555556,3,0.1394224794936587,,False,False,False
joint_6slots,joint,6,brake_resistor_chp:pitch->converter|time_sync:external->control|cms_drivetrain:comms->drivetrain|current_asymmetry:converter->generator|high_yaw_load:yaw->external|cable_overload:converter->electrical,warning:Error brake resistor CHP->converter|warning:Check time synchronization->control|warning:Time sync. failed (SNTP error)->control|warning:Comm.err. IEC server <- CMS drive tr.->drivetrain|warning:Comm.err. IEC client -> CMS drive tr.->drivetrain|warning:CMS drive train system error->drivetrain|stop:Current asymmetry->generator|stop:High yaw load->external|warning:Cable overload->electrical,4213,9386.501584975991,83.90373076826485,8.428677258386204,7.667591973348967,16.09626923173517,1016,1510.8765665588246,720,719.7186421078926,946,1696.3201041110958,2.4743689765659806,16,actionable_unacted,True,46.393055555555556,3,0.1394224794936587,,False,False,False
joint_5slots,joint,5,brake_resistor_chp:pitch->converter|time_sync:external->control|cms_drivetrain:comms->drivetrain|current_asymmetry:converter->generator|no_speed_development:control->pitch,warning:Error brake resistor CHP->converter|warning:Check time synchronization->control|warning:Time sync. failed (SNTP error)->control|warning:Comm.err. IEC server <- CMS drive tr.->drivetrain|warning:Comm.err. IEC client -> CMS drive tr.->drivetrain|warning:CMS drive train system error->drivetrain|stop:Current asymmetry->generator|stop:No speed development->pitch,4213,9386.501584975991,83.8187364153517,8.428677258386204,7.752586326262121,16.18126358464832,1017,1518.8545628421577,721,727.696638391226,946,1696.3201041110958,2.4743689765659806,16,actionable_unacted,True,46.393055555555556,3,0.22441683240681343,,False,False,False
joint_6slots,joint,6,brake_resistor_chp:pitch->converter|time_sync:external->control|cms_drivetrain:comms->drivetrain|current_asymmetry:converter->generator|no_speed_development:control->pitch|cable_overload:converter->electrical,warning:Error brake resistor CHP->converter|warning:Check time synchronization->control|warning:Time sync. failed (SNTP error)->control|warning:Comm.err. IEC server <- CMS drive tr.->drivetrain|warning:Comm.err. IEC client -> CMS drive tr.->drivetrain|warning:CMS drive train system error->drivetrain|stop:Current asymmetry->generator|stop:No speed development->pitch|warning:Cable overload->electrical,4213,9386.501584975991,83.8187364153517,8.428677258386204,7.752586326262121,16.18126358464832,1017,1518.8545628421577,721,727.696638391226,946,1696.3201041110958,2.4743689765659806,16,actionable_unacted,True,46.393055555555556,3,0.22441683240681343,,False,False,False
joint_6slots,joint,6,brake_resistor_chp:pitch->converter|time_sync:external->control|cms_drivetrain:comms->drivetrain|current_asymmetry:converter->generator|no_speed_development:control->pitch|high_yaw_load:yaw->external,warning:Error brake resistor CHP->converter|warning:Check time synchronization->control|warning:Time sync. failed (SNTP error)->control|warning:Comm.err. IEC server <- CMS drive tr.->drivetrain|warning:Comm.err. IEC client -> CMS drive tr.->drivetrain|warning:CMS drive train system error->drivetrain|stop:Current asymmetry->generator|stop:No speed development->pitch|stop:High yaw load->external,4213,9386.501584975991,83.8187364153517,8.428677258386204,7.752586326262121,16.18126358464832,1017,1518.8545628421577,721,727.696638391226,946,1696.3201041110958,2.4743689765659806,16,actionable_unacted,True,46.393055555555556,3,0.22441683240681343,,False,False,False
joint_7slots,joint,7,brake_resistor_chp:pitch->converter|time_sync:external->control|cms_drivetrain:comms->drivetrain|current_asymmetry:converter->generator|no_speed_development:control->pitch|high_yaw_load:yaw->external|cable_overload:converter->electrical,warning:Error brake resistor CHP->converter|warning:Check time synchronization->control|warning:Time sync. failed (SNTP error)->control|warning:Comm.err. IEC server <- CMS drive tr.->drivetrain|warning:Comm.err. IEC client -> CMS drive tr.->drivetrain|warning:CMS drive train system error->drivetrain|stop:Current asymmetry->generator|stop:No speed development->pitch|stop:High yaw load->external|warning:Cable overload->electrical,4213,9386.501584975991,83.8187364153517,8.428677258386204,7.752586326262121,16.18126358464832,1017,1518.8545628421577,721,727.696638391226,946,1696.3201041110958,2.4743689765659806,16,actionable_unacted,True,46.393055555555556,3,0.22441683240681343,,False,False,False
joint_5slots,joint,5,brake_resistor_chp:pitch->converter|time_sync:external->control|cms_drivetrain:comms->drivetrain|current_asymmetry:converter->generator|no_speed_development:control->brake_hydraulic,warning:Error brake resistor CHP->converter|warning:Check time synchronization->control|warning:Time sync. failed (SNTP error)->control|warning:Comm.err. IEC server <- CMS drive tr.->drivetrain|warning:Comm.err. IEC client -> CMS drive tr.->drivetrain|warning:CMS drive train system error->drivetrain|stop:Current asymmetry->generator|stop:No speed development->brake_hydraulic,4213,9386.501584975991,83.81405403143235,8.430200390035766,7.755745578531901,16.185945968567665,1019,1519.2940748829615,722,727.9931816556023,946,1696.3201041110958,2.4743689765659806,16,actionable_unacted,True,46.393055555555556,3,0.22757608467659285,,False,False,False
joint_6slots,joint,6,brake_resistor_chp:pitch->converter|time_sync:external->control|cms_drivetrain:comms->drivetrain|current_asymmetry:converter->generator|no_speed_development:control->brake_hydraulic|cable_overload:converter->electrical,warning:Error brake resistor CHP->converter|warning:Check time synchronization->control|warning:Time sync. failed (SNTP error)->control|warning:Comm.err. IEC server <- CMS drive tr.->drivetrain|warning:Comm.err. IEC client -> CMS drive tr.->drivetrain|warning:CMS drive train system error->drivetrain|stop:Current asymmetry->generator|stop:No speed development->brake_hydraulic|warning:Cable overload->electrical,4213,9386.501584975991,83.81405403143235,8.430200390035766,7.755745578531901,16.185945968567665,1019,1519.2940748829615,722,727.9931816556023,946,1696.3201041110958,2.4743689765659806,16,actionable_unacted,True,46.393055555555556,3,0.22757608467659285,,False,False,False
joint_6slots,joint,6,brake_resistor_chp:pitch->converter|time_sync:external->control|cms_drivetrain:comms->drivetrain|current_asymmetry:converter->generator|no_speed_development:control->brake_hydraulic|high_yaw_load:yaw->external,warning:Error brake resistor CHP->converter|warning:Check time synchronization->control|warning:Time sync. failed (SNTP error)->control|warning:Comm.err. IEC server <- CMS drive tr.->drivetrain|warning:Comm.err. IEC client -> CMS drive tr.->drivetrain|warning:CMS drive train system error->drivetrain|stop:Current asymmetry->generator|stop:No speed development->brake_hydraulic|stop:High yaw load->external,4213,9386.501584975991,83.81405403143235,8.430200390035766,7.755745578531901,16.185945968567665,1019,1519.2940748829615,722,727.9931816556023,946,1696.3201041110958,2.4743689765659806,16,actionable_unacted,True,46.393055555555556,3,0.22757608467659285,,False,False,False
joint_7slots,joint,7,brake_resistor_chp:pitch->converter|time_sync:external->control|cms_drivetrain:comms->drivetrain|current_asymmetry:converter->generator|no_speed_development:control->brake_hydraulic|high_yaw_load:yaw->external|cable_overload:converter->electrical,warning:Error brake resistor CHP->converter|warning:Check time synchronization->control|warning:Time sync. failed (SNTP error)->control|warning:Comm.err. IEC server <- CMS drive tr.->drivetrain|warning:Comm.err. IEC client -> CMS drive tr.->drivetrain|warning:CMS drive train system error->drivetrain|stop:Current asymmetry->generator|stop:No speed development->brake_hydraulic|stop:High yaw load->external|warning:Cable overload->electrical,4213,9386.501584975991,83.81405403143235,8.430200390035766,7.755745578531901,16.185945968567665,1019,1519.2940748829615,722,727.9931816556023,946,1696.3201041110958,2.4743689765659806,16,actionable_unacted,True,46.393055555555556,3,0.22757608467659285,,False,False,False
joint_5slots,joint,5,brake_resistor_chp:pitch->converter|time_sync:external->control|cms_drivetrain:comms->drivetrain|current_asymmetry:converter->generator|wec_shut_down:control->manual,warning:Error brake resistor CHP->converter|warning:Check time synchronization->control|warning:Time sync. failed (SNTP error)->control|warning:Comm.err. IEC server <- CMS drive tr.->drivetrain|warning:Comm.err. IEC client -> CMS drive tr.->drivetrain|warning:CMS drive train system error->drivetrain|stop:Current asymmetry->generator|stop:WEC shut down->manual,4213,9386.501584975991,86.19460069456454,8.428677258386204,5.376722047049265,13.805399305435468,1014,1295.8440246169648,718,504.6861001660329,946,1696.3201041110958,2.4743689765659806,16,unwarned,False,,0,-2.151447446806043,,False,False,False
joint_6slots,joint,6,brake_resistor_chp:pitch->converter|time_sync:external->control|cms_drivetrain:comms->drivetrain|current_asymmetry:converter->generator|wec_shut_down:control->manual|cable_overload:converter->electrical,warning:Error brake resistor CHP->converter|warning:Check time synchronization->control|warning:Time sync. failed (SNTP error)->control|warning:Comm.err. IEC server <- CMS drive tr.->drivetrain|warning:Comm.err. IEC client -> CMS drive tr.->drivetrain|warning:CMS drive train system error->drivetrain|stop:Current asymmetry->generator|stop:WEC shut down->manual|warning:Cable overload->electrical,4213,9386.501584975991,86.19460069456454,8.428677258386204,5.376722047049265,13.805399305435468,1014,1295.8440246169648,718,504.6861001660329,946,1696.3201041110958,2.4743689765659806,16,unwarned,False,,0,-2.151447446806043,,False,False,False
joint_6slots,joint,6,brake_resistor_chp:pitch->converter|time_sync:external->control|cms_drivetrain:comms->drivetrain|current_asymmetry:converter->generator|wec_shut_down:control->manual|high_yaw_load:yaw->external,warning:Error brake resistor CHP->converter|warning:Check time synchronization->control|warning:Time sync. failed (SNTP error)->control|warning:Comm.err. IEC server <- CMS drive tr.->drivetrain|warning:Comm.err. IEC client -> CMS drive tr.->drivetrain|warning:CMS drive train system error->drivetrain|stop:Current asymmetry->generator|stop:WEC shut down->manual|stop:High yaw load->external,4213,9386.501584975991,86.19460069456454,8.428677258386204,5.376722047049265,13.805399305435468,1014,1295.8440246169648,718,504.6861001660329,946,1696.3201041110958,2.4743689765659806,16,unwarned,False,,0,-2.151447446806043,,False,False,False
joint_7slots,joint,7,brake_resistor_chp:pitch->converter|time_sync:external->control|cms_drivetrain:comms->drivetrain|current_asymmetry:converter->generator|wec_shut_down:control->manual|high_yaw_load:yaw->external|cable_overload:converter->electrical,warning:Error brake resistor CHP->converter|warning:Check time synchronization->control|warning:Time sync. failed (SNTP error)->control|warning:Comm.err. IEC server <- CMS drive tr.->drivetrain|warning:Comm.err. IEC client -> CMS drive tr.->drivetrain|warning:CMS drive train system error->drivetrain|stop:Current asymmetry->generator|stop:WEC shut down->manual|stop:High yaw load->external|warning:Cable overload->electrical,4213,9386.501584975991,86.19460069456454,8.428677258386204,5.376722047049265,13.805399305435468,1014,1295.8440246169648,718,504.6861001660329,946,1696.3201041110958,2.4743689765659806,16,unwarned,False,,0,-2.151447446806043,,False,False,False
joint_6slots,joint,6,brake_resistor_chp:pitch->converter|time_sync:external->control|cms_drivetrain:comms->drivetrain|current_asymmetry:converter->generator|wec_shut_down:control->manual|no_speed_development:control->pitch,warning:Error brake resistor CHP->converter|warning:Check time synchronization->control|warning:Time sync. failed (SNTP error)->control|warning:Comm.err. IEC server <- CMS drive tr.->drivetrain|warning:Comm.err. IEC client -> CMS drive tr.->drivetrain|warning:CMS drive train system error->drivetrain|stop:Current asymmetry->generator|stop:WEC shut down->manual|stop:No speed development->pitch,4213,9386.501584975991,86.1096063416514,8.428677258386204,5.46171639996242,13.890393658348621,1015,1303.822020900298,719,512.6640964493662,946,1696.3201041110958,2.4743689765659806,16,unwarned,False,,0,-2.0664530938928882,,False,False,False
joint_7slots,joint,7,brake_resistor_chp:pitch->converter|time_sync:external->control|cms_drivetrain:comms->drivetrain|current_asymmetry:converter->generator|wec_shut_down:control->manual|no_speed_development:control->pitch|cable_overload:converter->electrical,warning:Error brake resistor CHP->converter|warning:Check time synchronization->control|warning:Time sync. failed (SNTP error)->control|warning:Comm.err. IEC server <- CMS drive tr.->drivetrain|warning:Comm.err. IEC client -> CMS drive tr.->drivetrain|warning:CMS drive train system error->drivetrain|stop:Current asymmetry->generator|stop:WEC shut down->manual|stop:No speed development->pitch|warning:Cable overload->electrical,4213,9386.501584975991,86.1096063416514,8.428677258386204,5.46171639996242,13.890393658348621,1015,1303.822020900298,719,512.6640964493662,946,1696.3201041110958,2.4743689765659806,16,unwarned,False,,0,-2.0664530938928882,,False,False,False
joint_7slots,joint,7,brake_resistor_chp:pitch->converter|time_sync:external->control|cms_drivetrain:comms->drivetrain|current_asymmetry:converter->generator|wec_shut_down:control->manual|no_speed_development:control->pitch|high_yaw_load:yaw->external,warning:Error brake resistor CHP->converter|warning:Check time synchronization->control|warning:Time sync. failed (SNTP error)->control|warning:Comm.err. IEC server <- CMS drive tr.->drivetrain|warning:Comm.err. IEC client -> CMS drive tr.->drivetrain|warning:CMS drive train system error->drivetrain|stop:Current asymmetry->generator|stop:WEC shut down->manual|stop:No speed development->pitch|stop:High yaw load->external,4213,9386.501584975991,86.1096063416514,8.428677258386204,5.46171639996242,13.890393658348621,1015,1303.822020900298,719,512.6640964493662,946,1696.3201041110958,2.4743689765659806,16,unwarned,False,,0,-2.0664530938928882,,False,False,False
joint_8slots,joint,8,brake_resistor_chp:pitch->converter|time_sync:external->control|cms_drivetrain:comms->drivetrain|current_asymmetry:converter->generator|wec_shut_down:control->manual|no_speed_development:control->pitch|high_yaw_load:yaw->external|cable_overload:converter->electrical,warning:Error brake resistor CHP->converter|warning:Check time synchronization->control|warning:Time sync. failed (SNTP error)->control|warning:Comm.err. IEC server <- CMS drive tr.->drivetrain|warning:Comm.err. IEC client -> CMS drive tr.->drivetrain|warning:CMS drive train system error->drivetrain|stop:Current asymmetry->generator|stop:WEC shut down->manual|stop:No speed development->pitch|stop:High yaw load->external|warning:Cable overload->electrical,4213,9386.501584975991,86.1096063416514,8.428677258386204,5.46171639996242,13.890393658348621,1015,1303.822020900298,719,512.6640964493662,946,1696.3201041110958,2.4743689765659806,16,unwarned,False,,0,-2.0664530938928882,,False,False,False
joint_6slots,joint,6,brake_resistor_chp:pitch->converter|time_sync:external->control|cms_drivetrain:comms->drivetrain|current_asymmetry:converter->generator|wec_shut_down:control->manual|no_speed_development:control->brake_hydraulic,warning:Error brake resistor CHP->converter|warning:Check time synchronization->control|warning:Time sync. failed (SNTP error)->control|warning:Comm.err. IEC server <- CMS drive tr.->drivetrain|warning:Comm.err. IEC client -> CMS drive tr.->drivetrain|warning:CMS drive train system error->drivetrain|stop:Current asymmetry->generator|stop:WEC shut down->manual|stop:No speed development->brake_hydraulic,4213,9386.501584975991,86.10492395773207,8.430200390035766,5.4648756522322,13.895076042267966,1017,1304.261532941102,720,512.9606397137425,946,1696.3201041110958,2.4743689765659806,16,unwarned,False,,0,-2.063293841623108,,False,False,False
joint_7slots,joint,7,brake_resistor_chp:pitch->converter|time_sync:external->control|cms_drivetrain:comms->drivetrain|current_asymmetry:converter->generator|wec_shut_down:control->manual|no_speed_development:control->brake_hydraulic|cable_overload:converter->electrical,warning:Error brake resistor CHP->converter|warning:Check time synchronization->control|warning:Time sync. failed (SNTP error)->control|warning:Comm.err. IEC server <- CMS drive tr.->drivetrain|warning:Comm.err. IEC client -> CMS drive tr.->drivetrain|warning:CMS drive train system error->drivetrain|stop:Current asymmetry->generator|stop:WEC shut down->manual|stop:No speed development->brake_hydraulic|warning:Cable overload->electrical,4213,9386.501584975991,86.10492395773207,8.430200390035766,5.4648756522322,13.895076042267966,1017,1304.261532941102,720,512.9606397137425,946,1696.3201041110958,2.4743689765659806,16,unwarned,False,,0,-2.063293841623108,,False,False,False
joint_7slots,joint,7,brake_resistor_chp:pitch->converter|time_sync:external->control|cms_drivetrain:comms->drivetrain|current_asymmetry:converter->generator|wec_shut_down:control->manual|no_speed_development:control->brake_hydraulic|high_yaw_load:yaw->external,warning:Error brake resistor CHP->converter|warning:Check time synchronization->control|warning:Time sync. failed (SNTP error)->control|warning:Comm.err. IEC server <- CMS drive tr.->drivetrain|warning:Comm.err. IEC client -> CMS drive tr.->drivetrain|warning:CMS drive train system error->drivetrain|stop:Current asymmetry->generator|stop:WEC shut down->manual|stop:No speed development->brake_hydraulic|stop:High yaw load->external,4213,9386.501584975991,86.10492395773207,8.430200390035766,5.4648756522322,13.895076042267966,1017,1304.261532941102,720,512.9606397137425,946,1696.3201041110958,2.4743689765659806,16,unwarned,False,,0,-2.063293841623108,,False,False,False
joint_8slots,joint,8,brake_resistor_chp:pitch->converter|time_sync:external->control|cms_drivetrain:comms->drivetrain|current_asymmetry:converter->generator|wec_shut_down:control->manual|no_speed_development:control->brake_hydraulic|high_yaw_load:yaw->external|cable_overload:converter->electrical,warning:Error brake resistor CHP->converter|warning:Check time synchronization->control|warning:Time sync. failed (SNTP error)->control|warning:Comm.err. IEC server <- CMS drive tr.->drivetrain|warning:Comm.err. IEC client -> CMS drive tr.->drivetrain|warning:CMS drive train system error->drivetrain|stop:Current asymmetry->generator|stop:WEC shut down->manual|stop:No speed development->brake_hydraulic|stop:High yaw load->external|warning:Cable overload->electrical,4213,9386.501584975991,86.10492395773207,8.430200390035766,5.4648756522322,13.895076042267966,1017,1304.261532941102,720,512.9606397137425,946,1696.3201041110958,2.4743689765659806,16,unwarned,False,,0,-2.063293841623108,,False,False,False
brake_resistor_chp:pitch->brake_hydraulic,single_flip,1,brake_resistor_chp:pitch->brake_hydraulic,warning:Error brake resistor CHP->brake_hydraulic,4213,9386.501584975991,84.41651536907628,8.195582278884682,7.387902352039053,15.583484630923735,975,1462.7440318761464,690,693.4655713706243,977,1741.3485003248225,0.0,0,actionable_unacted,True,20.788888888888888,2,-0.14026714181625444,"[brake_resistor_chp] ""AMBIGUOUS and high-volume (235 warnings). 'CHP' = chopper brake resistor. Code 785 sits between the pitch battery block (700-735) and the pitch lubrication pump (850), and the MM82/92 pitch drives have their own braking chopper, so assigned to `pitch`. A converter DC-link chopper reading is equally defensible. Alternatives: converter, brake_hydraulic. FLAGGED for orchestrator review.""",False,False,False
brake_resistor_chp:pitch->brake_hydraulic+cable_overload:converter->electrical,joint,2,brake_resistor_chp:pitch->brake_hydraulic|cable_overload:converter->electrical,warning:Error brake resistor CHP->brake_hydraulic|warning:Cable overload->electrical,4213,9386.501584975991,84.41651536907628,8.195582278884682,7.387902352039053,15.583484630923735,975,1462.7440318761464,690,693.4655713706243,977,1741.3485003248225,0.0,0,actionable_unacted,True,20.788888888888888,2,-0.14026714181625444,,False,False,False
brake_resistor_chp:pitch->brake_hydraulic+high_yaw_load:yaw->external,joint,2,brake_resistor_chp:pitch->brake_hydraulic|high_yaw_load:yaw->external,warning:Error brake resistor CHP->brake_hydraulic|stop:High yaw load->external,4213,9386.501584975991,84.41651536907628,8.195582278884682,7.387902352039053,15.583484630923735,975,1462.7440318761464,690,693.4655713706243,977,1741.3485003248225,0.0,0,actionable_unacted,True,20.788888888888888,2,-0.14026714181625444,,False,False,False
joint_3slots,joint,3,brake_resistor_chp:pitch->brake_hydraulic|high_yaw_load:yaw->external|cable_overload:converter->electrical,warning:Error brake resistor CHP->brake_hydraulic|stop:High yaw load->external|warning:Cable overload->electrical,4213,9386.501584975991,84.41651536907628,8.195582278884682,7.387902352039053,15.583484630923735,975,1462.7440318761464,690,693.4655713706243,977,1741.3485003248225,0.0,0,actionable_unacted,True,20.788888888888888,2,-0.14026714181625444,,False,False,False
brake_resistor_chp:pitch->brake_hydraulic+no_speed_development:control->pitch,joint,2,brake_resistor_chp:pitch->brake_hydraulic|no_speed_development:control->pitch,warning:Error brake resistor CHP->brake_hydraulic|stop:No speed development->pitch,4213,9386.501584975991,84.33152101616312,8.195582278884682,7.472896704952206,15.66847898383689,976,1470.7220281594798,691,701.4435676539574,977,1741.3485003248225,0.0,0,actionable_unacted,True,20.788888888888888,2,-0.0552727889031015,,False,False,False
joint_3slots,joint,3,brake_resistor_chp:pitch->brake_hydraulic|no_speed_development:control->pitch|cable_overload:converter->electrical,warning:Error brake resistor CHP->brake_hydraulic|stop:No speed development->pitch|warning:Cable overload->electrical,4213,9386.501584975991,84.33152101616312,8.195582278884682,7.472896704952206,15.66847898383689,976,1470.7220281594798,691,701.4435676539574,977,1741.3485003248225,0.0,0,actionable_unacted,True,20.788888888888888,2,-0.0552727889031015,,False,False,False
joint_3slots,joint,3,brake_resistor_chp:pitch->brake_hydraulic|no_speed_development:control->pitch|high_yaw_load:yaw->external,warning:Error brake resistor CHP->brake_hydraulic|stop:No speed development->pitch|stop:High yaw load->external,4213,9386.501584975991,84.33152101616312,8.195582278884682,7.472896704952206,15.66847898383689,976,1470.7220281594798,691,701.4435676539574,977,1741.3485003248225,0.0,0,actionable_unacted,True,20.788888888888888,2,-0.0552727889031015,,False,False,False
joint_4slots,joint,4,brake_resistor_chp:pitch->brake_hydraulic|no_speed_development:control->pitch|high_yaw_load:yaw->external|cable_overload:converter->electrical,warning:Error brake resistor CHP->brake_hydraulic|stop:No speed development->pitch|stop:High yaw load->external|warning:Cable overload->electrical,4213,9386.501584975991,84.33152101616312,8.195582278884682,7.472896704952206,15.66847898383689,976,1470.7220281594798,691,701.4435676539574,977,1741.3485003248225,0.0,0,actionable_unacted,True,20.788888888888888,2,-0.0552727889031015,,False,False,False
brake_resistor_chp:pitch->brake_hydraulic+no_speed_development:control->brake_hydraulic,joint,2,brake_resistor_chp:pitch->brake_hydraulic|no_speed_development:control->brake_hydraulic,warning:Error brake resistor CHP->brake_hydraulic|stop:No speed development->brake_hydraulic,4213,9386.501584975991,84.32683863224379,8.197105410534244,7.476055957221987,15.673161367756235,978,1471.1615402002835,692,701.7401109183338,977,1741.3485003248225,0.0,0,actionable_unacted,True,20.788888888888888,2,-0.05211353663332119,,False,False,False
joint_3slots,joint,3,brake_resistor_chp:pitch->brake_hydraulic|no_speed_development:control->brake_hydraulic|cable_overload:converter->electrical,warning:Error brake resistor CHP->brake_hydraulic|stop:No speed development->brake_hydraulic|warning:Cable overload->electrical,4213,9386.501584975991,84.32683863224379,8.197105410534244,7.476055957221987,15.673161367756235,978,1471.1615402002835,692,701.7401109183338,977,1741.3485003248225,0.0,0,actionable_unacted,True,20.788888888888888,2,-0.05211353663332119,,False,False,False
joint_3slots,joint,3,brake_resistor_chp:pitch->brake_hydraulic|no_speed_development:control->brake_hydraulic|high_yaw_load:yaw->external,warning:Error brake resistor CHP->brake_hydraulic|stop:No speed development->brake_hydraulic|stop:High yaw load->external,4213,9386.501584975991,84.32683863224379,8.197105410534244,7.476055957221987,15.673161367756235,978,1471.1615402002835,692,701.7401109183338,977,1741.3485003248225,0.0,0,actionable_unacted,True,20.788888888888888,2,-0.05211353663332119,,False,False,False
joint_4slots,joint,4,brake_resistor_chp:pitch->brake_hydraulic|no_speed_development:control->brake_hydraulic|high_yaw_load:yaw->external|cable_overload:converter->electrical,warning:Error brake resistor CHP->brake_hydraulic|stop:No speed development->brake_hydraulic|stop:High yaw load->external|warning:Cable overload->electrical,4213,9386.501584975991,84.32683863224379,8.197105410534244,7.476055957221987,15.673161367756235,978,1471.1615402002835,692,701.7401109183338,977,1741.3485003248225,0.0,0,actionable_unacted,True,20.788888888888888,2,-0.05211353663332119,,False,False,False
brake_resistor_chp:pitch->brake_hydraulic+wec_shut_down:control->manual,joint,2,brake_resistor_chp:pitch->brake_hydraulic|wec_shut_down:control->manual,warning:Error brake resistor CHP->brake_hydraulic|stop:WEC shut down->manual,4213,9386.501584975991,86.70738529537599,8.195582278884682,5.097032425739351,13.292614704624034,973,1247.7114899342866,688,478.4330294287644,977,1741.3485003248225,0.0,0,unwarned,False,,0,-2.431137068115957,"[brake_resistor_chp] ""AMBIGUOUS and high-volume (235 warnings). 'CHP' = chopper brake resistor. Code 785 sits between the pitch battery block (700-735) and the pitch lubrication pump (850), and the MM82/92 pitch drives have their own braking chopper, so assigned to `pitch`. A converter DC-link chopper reading is equally defensible. Alternatives: converter, brake_hydraulic. FLAGGED for orchestrator review."" || [wec_shut_down] ""AMBIGUOUS: generic supervisory shutdown, service category 'WEC Shutdown (1)', no component named. Assigned to `control` rather than `manual` because nothing in the message implies a human action. Alternative: manual.""  NOTE: `manual` is a never-match family, so this flip forces every `WEC shut down` event to UNWARNED. It does NOT change tier membership (see module docstring).",False,True,False
joint_3slots,joint,3,brake_resistor_chp:pitch->brake_hydraulic|wec_shut_down:control->manual|cable_overload:converter->electrical,warning:Error brake resistor CHP->brake_hydraulic|stop:WEC shut down->manual|warning:Cable overload->electrical,4213,9386.501584975991,86.70738529537599,8.195582278884682,5.097032425739351,13.292614704624034,973,1247.7114899342866,688,478.4330294287644,977,1741.3485003248225,0.0,0,unwarned,False,,0,-2.431137068115957,,False,False,False
joint_3slots,joint,3,brake_resistor_chp:pitch->brake_hydraulic|wec_shut_down:control->manual|high_yaw_load:yaw->external,warning:Error brake resistor CHP->brake_hydraulic|stop:WEC shut down->manual|stop:High yaw load->external,4213,9386.501584975991,86.70738529537599,8.195582278884682,5.097032425739351,13.292614704624034,973,1247.7114899342866,688,478.4330294287644,977,1741.3485003248225,0.0,0,unwarned,False,,0,-2.431137068115957,,False,False,False
joint_4slots,joint,4,brake_resistor_chp:pitch->brake_hydraulic|wec_shut_down:control->manual|high_yaw_load:yaw->external|cable_overload:converter->electrical,warning:Error brake resistor CHP->brake_hydraulic|stop:WEC shut down->manual|stop:High yaw load->external|warning:Cable overload->electrical,4213,9386.501584975991,86.70738529537599,8.195582278884682,5.097032425739351,13.292614704624034,973,1247.7114899342866,688,478.4330294287644,977,1741.3485003248225,0.0,0,unwarned,False,,0,-2.431137068115957,,False,False,False
joint_3slots,joint,3,brake_resistor_chp:pitch->brake_hydraulic|wec_shut_down:control->manual|no_speed_development:control->pitch,warning:Error brake resistor CHP->brake_hydraulic|stop:WEC shut down->manual|stop:No speed development->pitch,4213,9386.501584975991,86.62239094246281,8.195582278884682,5.182026778652506,13.377609057537189,974,1255.68948621762,689,486.4110257120978,977,1741.3485003248225,0.0,0,unwarned,False,,0,-2.3461427152028023,,False,False,False
joint_4slots,joint,4,brake_resistor_chp:pitch->brake_hydraulic|wec_shut_down:control->manual|no_speed_development:control->pitch|cable_overload:converter->electrical,warning:Error brake resistor CHP->brake_hydraulic|stop:WEC shut down->manual|stop:No speed development->pitch|warning:Cable overload->electrical,4213,9386.501584975991,86.62239094246281,8.195582278884682,5.182026778652506,13.377609057537189,974,1255.68948621762,689,486.4110257120978,977,1741.3485003248225,0.0,0,unwarned,False,,0,-2.3461427152028023,,False,False,False
joint_4slots,joint,4,brake_resistor_chp:pitch->brake_hydraulic|wec_shut_down:control->manual|no_speed_development:control->pitch|high_yaw_load:yaw->external,warning:Error brake resistor CHP->brake_hydraulic|stop:WEC shut down->manual|stop:No speed development->pitch|stop:High yaw load->external,4213,9386.501584975991,86.62239094246281,8.195582278884682,5.182026778652506,13.377609057537189,974,1255.68948621762,689,486.4110257120978,977,1741.3485003248225,0.0,0,unwarned,False,,0,-2.3461427152028023,,False,False,False
joint_5slots,joint,5,brake_resistor_chp:pitch->brake_hydraulic|wec_shut_down:control->manual|no_speed_development:control->pitch|high_yaw_load:yaw->external|cable_overload:converter->electrical,warning:Error brake resistor CHP->brake_hydraulic|stop:WEC shut down->manual|stop:No speed development->pitch|stop:High yaw load->external|warning:Cable overload->electrical,4213,9386.501584975991,86.62239094246281,8.195582278884682,5.182026778652506,13.377609057537189,974,1255.68948621762,689,486.4110257120978,977,1741.3485003248225,0.0,0,unwarned,False,,0,-2.3461427152028023,,False,False,False
joint_3slots,joint,3,brake_resistor_chp:pitch->brake_hydraulic|wec_shut_down:control->manual|no_speed_development:control->brake_hydraulic,warning:Error brake resistor CHP->brake_hydraulic|stop:WEC shut down->manual|stop:No speed development->brake_hydraulic,4213,9386.501584975991,86.6177085585435,8.197105410534244,5.185186030922285,13.382291441456529,976,1256.1289982584235,690,486.707568976474,977,1741.3485003248225,0.0,0,unwarned,False,,0,-2.342983462933023,,False,False,False
joint_4slots,joint,4,brake_resistor_chp:pitch->brake_hydraulic|wec_shut_down:control->manual|no_speed_development:control->brake_hydraulic|cable_overload:converter->electrical,warning:Error brake resistor CHP->brake_hydraulic|stop:WEC shut down->manual|stop:No speed development->brake_hydraulic|warning:Cable overload->electrical,4213,9386.501584975991,86.6177085585435,8.197105410534244,5.185186030922285,13.382291441456529,976,1256.1289982584235,690,486.707568976474,977,1741.3485003248225,0.0,0,unwarned,False,,0,-2.342983462933023,,False,False,False
joint_4slots,joint,4,brake_resistor_chp:pitch->brake_hydraulic|wec_shut_down:control->manual|no_speed_development:control->brake_hydraulic|high_yaw_load:yaw->external,warning:Error brake resistor CHP->brake_hydraulic|stop:WEC shut down->manual|stop:No speed development->brake_hydraulic|stop:High yaw load->external,4213,9386.501584975991,86.6177085585435,8.197105410534244,5.185186030922285,13.382291441456529,976,1256.1289982584235,690,486.707568976474,977,1741.3485003248225,0.0,0,unwarned,False,,0,-2.342983462933023,,False,False,False
joint_5slots,joint,5,brake_resistor_chp:pitch->brake_hydraulic|wec_shut_down:control->manual|no_speed_development:control->brake_hydraulic|high_yaw_load:yaw->external|cable_overload:converter->electrical,warning:Error brake resistor CHP->brake_hydraulic|stop:WEC shut down->manual|stop:No speed development->brake_hydraulic|stop:High yaw load->external|warning:Cable overload->electrical,4213,9386.501584975991,86.6177085585435,8.197105410534244,5.185186030922285,13.382291441456529,976,1256.1289982584235,690,486.707568976474,977,1741.3485003248225,0.0,0,unwarned,False,,0,-2.342983462933023,,False,False,False
brake_resistor_chp:pitch->brake_hydraulic+current_asymmetry:converter->generator,joint,2,brake_resistor_chp:pitch->brake_hydraulic|current_asymmetry:converter->generator,warning:Error brake resistor CHP->brake_hydraulic|stop:Current asymmetry->generator,4213,9386.501584975991,84.41651536907628,8.195582278884682,7.387902352039053,15.583484630923735,975,1462.7440318761464,690,693.4655713706243,946,1696.3201041110958,0.0,0,actionable_unacted,True,20.788888888888888,2,-0.14026714181625444,,False,False,False
joint_3slots,joint,3,brake_resistor_chp:pitch->brake_hydraulic|current_asymmetry:converter->generator|cable_overload:converter->electrical,warning:Error brake resistor CHP->brake_hydraulic|stop:Current asymmetry->generator|warning:Cable overload->electrical,4213,9386.501584975991,84.41651536907628,8.195582278884682,7.387902352039053,15.583484630923735,975,1462.7440318761464,690,693.4655713706243,946,1696.3201041110958,0.0,0,actionable_unacted,True,20.788888888888888,2,-0.14026714181625444,,False,False,False
joint_3slots,joint,3,brake_resistor_chp:pitch->brake_hydraulic|current_asymmetry:converter->generator|high_yaw_load:yaw->external,warning:Error brake resistor CHP->brake_hydraulic|stop:Current asymmetry->generator|stop:High yaw load->external,4213,9386.501584975991,84.41651536907628,8.195582278884682,7.387902352039053,15.583484630923735,975,1462.7440318761464,690,693.4655713706243,946,1696.3201041110958,0.0,0,actionable_unacted,True,20.788888888888888,2,-0.14026714181625444,,False,False,False
joint_4slots,joint,4,brake_resistor_chp:pitch->brake_hydraulic|current_asymmetry:converter->generator|high_yaw_load:yaw->external|cable_overload:converter->electrical,warning:Error brake resistor CHP->brake_hydraulic|stop:Current asymmetry->generator|stop:High yaw load->external|warning:Cable overload->electrical,4213,9386.501584975991,84.41651536907628,8.195582278884682,7.387902352039053,15.583484630923735,975,1462.7440318761464,690,693.4655713706243,946,1696.3201041110958,0.0,0,actionable_unacted,True,20.788888888888888,2,-0.14026714181625444,,False,False,False
joint_3slots,joint,3,brake_resistor_chp:pitch->brake_hydraulic|current_asymmetry:converter->generator|no_speed_development:control->pitch,warning:Error brake resistor CHP->brake_hydraulic|stop:Current asymmetry->generator|stop:No speed development->pitch,4213,9386.501584975991,84.33152101616312,8.195582278884682,7.472896704952206,15.66847898383689,976,1470.7220281594798,691,701.4435676539574,946,1696.3201041110958,0.0,0,actionable_unacted,True,20.788888888888888,2,-0.0552727889031015,,False,False,False
joint_4slots,joint,4,brake_resistor_chp:pitch->brake_hydraulic|current_asymmetry:converter->generator|no_speed_development:control->pitch|cable_overload:converter->electrical,warning:Error brake resistor CHP->brake_hydraulic|stop:Current asymmetry->generator|stop:No speed development->pitch|warning:Cable overload->electrical,4213,9386.501584975991,84.33152101616312,8.195582278884682,7.472896704952206,15.66847898383689,976,1470.7220281594798,691,701.4435676539574,946,1696.3201041110958,0.0,0,actionable_unacted,True,20.788888888888888,2,-0.0552727889031015,,False,False,False
joint_4slots,joint,4,brake_resistor_chp:pitch->brake_hydraulic|current_asymmetry:converter->generator|no_speed_development:control->pitch|high_yaw_load:yaw->external,warning:Error brake resistor CHP->brake_hydraulic|stop:Current asymmetry->generator|stop:No speed development->pitch|stop:High yaw load->external,4213,9386.501584975991,84.33152101616312,8.195582278884682,7.472896704952206,15.66847898383689,976,1470.7220281594798,691,701.4435676539574,946,1696.3201041110958,0.0,0,actionable_unacted,True,20.788888888888888,2,-0.0552727889031015,,False,False,False
joint_5slots,joint,5,brake_resistor_chp:pitch->brake_hydraulic|current_asymmetry:converter->generator|no_speed_development:control->pitch|high_yaw_load:yaw->external|cable_overload:converter->electrical,warning:Error brake resistor CHP->brake_hydraulic|stop:Current asymmetry->generator|stop:No speed development->pitch|stop:High yaw load->external|warning:Cable overload->electrical,4213,9386.501584975991,84.33152101616312,8.195582278884682,7.472896704952206,15.66847898383689,976,1470.7220281594798,691,701.4435676539574,946,1696.3201041110958,0.0,0,actionable_unacted,True,20.788888888888888,2,-0.0552727889031015,,False,False,False
joint_3slots,joint,3,brake_resistor_chp:pitch->brake_hydraulic|current_asymmetry:converter->generator|no_speed_development:control->brake_hydraulic,warning:Error brake resistor CHP->brake_hydraulic|stop:Current asymmetry->generator|stop:No speed development->brake_hydraulic,4213,9386.501584975991,84.32683863224379,8.197105410534244,7.476055957221987,15.673161367756235,978,1471.1615402002835,692,701.7401109183338,946,1696.3201041110958,0.0,0,actionable_unacted,True,20.788888888888888,2,-0.05211353663332119,,False,False,False
joint_4slots,joint,4,brake_resistor_chp:pitch->brake_hydraulic|current_asymmetry:converter->generator|no_speed_development:control->brake_hydraulic|cable_overload:converter->electrical,warning:Error brake resistor CHP->brake_hydraulic|stop:Current asymmetry->generator|stop:No speed development->brake_hydraulic|warning:Cable overload->electrical,4213,9386.501584975991,84.32683863224379,8.197105410534244,7.476055957221987,15.673161367756235,978,1471.1615402002835,692,701.7401109183338,946,1696.3201041110958,0.0,0,actionable_unacted,True,20.788888888888888,2,-0.05211353663332119,,False,False,False
joint_4slots,joint,4,brake_resistor_chp:pitch->brake_hydraulic|current_asymmetry:converter->generator|no_speed_development:control->brake_hydraulic|high_yaw_load:yaw->external,warning:Error brake resistor CHP->brake_hydraulic|stop:Current asymmetry->generator|stop:No speed development->brake_hydraulic|stop:High yaw load->external,4213,9386.501584975991,84.32683863224379,8.197105410534244,7.476055957221987,15.673161367756235,978,1471.1615402002835,692,701.7401109183338,946,1696.3201041110958,0.0,0,actionable_unacted,True,20.788888888888888,2,-0.05211353663332119,,False,False,False
joint_5slots,joint,5,brake_resistor_chp:pitch->brake_hydraulic|current_asymmetry:converter->generator|no_speed_development:control->brake_hydraulic|high_yaw_load:yaw->external|cable_overload:converter->electrical,warning:Error brake resistor CHP->brake_hydraulic|stop:Current asymmetry->generator|stop:No speed development->brake_hydraulic|stop:High yaw load->external|warning:Cable overload->electrical,4213,9386.501584975991,84.32683863224379,8.197105410534244,7.476055957221987,15.673161367756235,978,1471.1615402002835,692,701.7401109183338,946,1696.3201041110958,0.0,0,actionable_unacted,True,20.788888888888888,2,-0.05211353663332119,,False,False,False
joint_3slots,joint,3,brake_resistor_chp:pitch->brake_hydraulic|current_asymmetry:converter->generator|wec_shut_down:control->manual,warning:Error brake resistor CHP->brake_hydraulic|stop:Current asymmetry->generator|stop:WEC shut down->manual,4213,9386.501584975991,86.70738529537599,8.195582278884682,5.097032425739351,13.292614704624034,973,1247.7114899342866,688,478.4330294287644,946,1696.3201041110958,0.0,0,unwarned,False,,0,-2.431137068115957,,False,False,False
joint_4slots,joint,4,brake_resistor_chp:pitch->brake_hydraulic|current_asymmetry:converter->generator|wec_shut_down:control->manual|cable_overload:converter->electrical,warning:Error brake resistor CHP->brake_hydraulic|stop:Current asymmetry->generator|stop:WEC shut down->manual|warning:Cable overload->electrical,4213,9386.501584975991,86.70738529537599,8.195582278884682,5.097032425739351,13.292614704624034,973,1247.7114899342866,688,478.4330294287644,946,1696.3201041110958,0.0,0,unwarned,False,,0,-2.431137068115957,,False,False,False
joint_4slots,joint,4,brake_resistor_chp:pitch->brake_hydraulic|current_asymmetry:converter->generator|wec_shut_down:control->manual|high_yaw_load:yaw->external,warning:Error brake resistor CHP->brake_hydraulic|stop:Current asymmetry->generator|stop:WEC shut down->manual|stop:High yaw load->external,4213,9386.501584975991,86.70738529537599,8.195582278884682,5.097032425739351,13.292614704624034,973,1247.7114899342866,688,478.4330294287644,946,1696.3201041110958,0.0,0,unwarned,False,,0,-2.431137068115957,,False,False,False
joint_5slots,joint,5,brake_resistor_chp:pitch->brake_hydraulic|current_asymmetry:converter->generator|wec_shut_down:control->manual|high_yaw_load:yaw->external|cable_overload:converter->electrical,warning:Error brake resistor CHP->brake_hydraulic|stop:Current asymmetry->generator|stop:WEC shut down->manual|stop:High yaw load->external|warning:Cable overload->electrical,4213,9386.501584975991,86.70738529537599,8.195582278884682,5.097032425739351,13.292614704624034,973,1247.7114899342866,688,478.4330294287644,946,1696.3201041110958,0.0,0,unwarned,False,,0,-2.431137068115957,,False,False,False
joint_4slots,joint,4,brake_resistor_chp:pitch->brake_hydraulic|current_asymmetry:converter->generator|wec_shut_down:control->manual|no_speed_development:control->pitch,warning:Error brake resistor CHP->brake_hydraulic|stop:Current asymmetry->generator|stop:WEC shut down->manual|stop:No speed development->pitch,4213,9386.501584975991,86.62239094246281,8.195582278884682,5.182026778652506,13.377609057537189,974,1255.68948621762,689,486.4110257120978,946,1696.3201041110958,0.0,0,unwarned,False,,0,-2.3461427152028023,,False,False,False
joint_5slots,joint,5,brake_resistor_chp:pitch->brake_hydraulic|current_asymmetry:converter->generator|wec_shut_down:control->manual|no_speed_development:control->pitch|cable_overload:converter->electrical,warning:Error brake resistor CHP->brake_hydraulic|stop:Current asymmetry->generator|stop:WEC shut down->manual|stop:No speed development->pitch|warning:Cable overload->electrical,4213,9386.501584975991,86.62239094246281,8.195582278884682,5.182026778652506,13.377609057537189,974,1255.68948621762,689,486.4110257120978,946,1696.3201041110958,0.0,0,unwarned,False,,0,-2.3461427152028023,,False,False,False
joint_5slots,joint,5,brake_resistor_chp:pitch->brake_hydraulic|current_asymmetry:converter->generator|wec_shut_down:control->manual|no_speed_development:control->pitch|high_yaw_load:yaw->external,warning:Error brake resistor CHP->brake_hydraulic|stop:Current asymmetry->generator|stop:WEC shut down->manual|stop:No speed development->pitch|stop:High yaw load->external,4213,9386.501584975991,86.62239094246281,8.195582278884682,5.182026778652506,13.377609057537189,974,1255.68948621762,689,486.4110257120978,946,1696.3201041110958,0.0,0,unwarned,False,,0,-2.3461427152028023,,False,False,False
joint_6slots,joint,6,brake_resistor_chp:pitch->brake_hydraulic|current_asymmetry:converter->generator|wec_shut_down:control->manual|no_speed_development:control->pitch|high_yaw_load:yaw->external|cable_overload:converter->electrical,warning:Error brake resistor CHP->brake_hydraulic|stop:Current asymmetry->generator|stop:WEC shut down->manual|stop:No speed development->pitch|stop:High yaw load->external|warning:Cable overload->electrical,4213,9386.501584975991,86.62239094246281,8.195582278884682,5.182026778652506,13.377609057537189,974,1255.68948621762,689,486.4110257120978,946,1696.3201041110958,0.0,0,unwarned,False,,0,-2.3461427152028023,,False,False,False
joint_4slots,joint,4,brake_resistor_chp:pitch->brake_hydraulic|current_asymmetry:converter->generator|wec_shut_down:control->manual|no_speed_development:control->brake_hydraulic,warning:Error brake resistor CHP->brake_hydraulic|stop:Current asymmetry->generator|stop:WEC shut down->manual|stop:No speed development->brake_hydraulic,4213,9386.501584975991,86.6177085585435,8.197105410534244,5.185186030922285,13.382291441456529,976,1256.1289982584235,690,486.707568976474,946,1696.3201041110958,0.0,0,unwarned,False,,0,-2.342983462933023,,False,False,False
joint_5slots,joint,5,brake_resistor_chp:pitch->brake_hydraulic|current_asymmetry:converter->generator|wec_shut_down:control->manual|no_speed_development:control->brake_hydraulic|cable_overload:converter->electrical,warning:Error brake resistor CHP->brake_hydraulic|stop:Current asymmetry->generator|stop:WEC shut down->manual|stop:No speed development->brake_hydraulic|warning:Cable overload->electrical,4213,9386.501584975991,86.6177085585435,8.197105410534244,5.185186030922285,13.382291441456529,976,1256.1289982584235,690,486.707568976474,946,1696.3201041110958,0.0,0,unwarned,False,,0,-2.342983462933023,,False,False,False
joint_5slots,joint,5,brake_resistor_chp:pitch->brake_hydraulic|current_asymmetry:converter->generator|wec_shut_down:control->manual|no_speed_development:control->brake_hydraulic|high_yaw_load:yaw->external,warning:Error brake resistor CHP->brake_hydraulic|stop:Current asymmetry->generator|stop:WEC shut down->manual|stop:No speed development->brake_hydraulic|stop:High yaw load->external,4213,9386.501584975991,86.6177085585435,8.197105410534244,5.185186030922285,13.382291441456529,976,1256.1289982584235,690,486.707568976474,946,1696.3201041110958,0.0,0,unwarned,False,,0,-2.342983462933023,,False,False,False
joint_6slots,joint,6,brake_resistor_chp:pitch->brake_hydraulic|current_asymmetry:converter->generator|wec_shut_down:control->manual|no_speed_development:control->brake_hydraulic|high_yaw_load:yaw->external|cable_overload:converter->electrical,warning:Error brake resistor CHP->brake_hydraulic|stop:Current asymmetry->generator|stop:WEC shut down->manual|stop:No speed development->brake_hydraulic|stop:High yaw load->external|warning:Cable overload->electrical,4213,9386.501584975991,86.6177085585435,8.197105410534244,5.185186030922285,13.382291441456529,976,1256.1289982584235,690,486.707568976474,946,1696.3201041110958,0.0,0,unwarned,False,,0,-2.342983462933023,,False,False,False
brake_resistor_chp:pitch->brake_hydraulic+cms_drivetrain:comms->drivetrain,joint,2,brake_resistor_chp:pitch->brake_hydraulic|cms_drivetrain:comms->drivetrain,warning:Error brake resistor CHP->brake_hydraulic|warning:Comm.err. IEC server <- CMS drive tr.->drivetrain|warning:Comm.err. IEC client -> CMS drive tr.->drivetrain|warning:CMS drive train system error->drivetrain,4213,9386.501584975991,84.38203034426681,8.19646264066115,7.42150701507205,15.6179696557332,989,1465.980969276466,700,696.6198735988424,977,1741.3485003248225,0.0,0,actionable_unacted,True,20.788888888888888,2,-0.10666247878325752,,False,False,False
joint_3slots,joint,3,brake_resistor_chp:pitch->brake_hydraulic|cms_drivetrain:comms->drivetrain|cable_overload:converter->electrical,warning:Error brake resistor CHP->brake_hydraulic|warning:Comm.err. IEC server <- CMS drive tr.->drivetrain|warning:Comm.err. IEC client -> CMS drive tr.->drivetrain|warning:CMS drive train system error->drivetrain|warning:Cable overload->electrical,4213,9386.501584975991,84.38203034426681,8.19646264066115,7.42150701507205,15.6179696557332,989,1465.980969276466,700,696.6198735988424,977,1741.3485003248225,0.0,0,actionable_unacted,True,20.788888888888888,2,-0.10666247878325752,,False,False,False
joint_3slots,joint,3,brake_resistor_chp:pitch->brake_hydraulic|cms_drivetrain:comms->drivetrain|high_yaw_load:yaw->external,warning:Error brake resistor CHP->brake_hydraulic|warning:Comm.err. IEC server <- CMS drive tr.->drivetrain|warning:Comm.err. IEC client -> CMS drive tr.->drivetrain|warning:CMS drive train system error->drivetrain|stop:High yaw load->external,4213,9386.501584975991,84.38203034426681,8.19646264066115,7.42150701507205,15.6179696557332,989,1465.980969276466,700,696.6198735988424,977,1741.3485003248225,0.0,0,actionable_unacted,True,20.788888888888888,2,-0.10666247878325752,,False,False,False
joint_4slots,joint,4,brake_resistor_chp:pitch->brake_hydraulic|cms_drivetrain:comms->drivetrain|high_yaw_load:yaw->external|cable_overload:converter->electrical,warning:Error brake resistor CHP->brake_hydraulic|warning:Comm.err. IEC server <- CMS drive tr.->drivetrain|warning:Comm.err. IEC client -> CMS drive tr.->drivetrain|warning:CMS drive train system error->drivetrain|stop:High yaw load->external|warning:Cable overload->electrical,4213,9386.501584975991,84.38203034426681,8.19646264066115,7.42150701507205,15.6179696557332,989,1465.980969276466,700,696.6198735988424,977,1741.3485003248225,0.0,0,actionable_unacted,True,20.788888888888888,2,-0.10666247878325752,,False,False,False
joint_3slots,joint,3,brake_resistor_chp:pitch->brake_hydraulic|cms_drivetrain:comms->drivetrain|no_speed_development:control->pitch,warning:Error brake resistor CHP->brake_hydraulic|warning:Comm.err. IEC server <- CMS drive tr.->drivetrain|warning:Comm.err. IEC client -> CMS drive tr.->drivetrain|warning:CMS drive train system error->drivetrain|stop:No speed development->pitch,4213,9386.501584975991,84.29703599135367,8.19646264066115,7.506501367985205,15.702964008646356,990,1473.9589655597997,701,704.5978698821757,977,1741.3485003248225,0.0,0,actionable_unacted,True,20.788888888888888,2,-0.021668125870102806,,False,False,False
joint_4slots,joint,4,brake_resistor_chp:pitch->brake_hydraulic|cms_drivetrain:comms->drivetrain|no_speed_development:control->pitch|cable_overload:converter->electrical,warning:Error brake resistor CHP->brake_hydraulic|warning:Comm.err. IEC server <- CMS drive tr.->drivetrain|warning:Comm.err. IEC client -> CMS drive tr.->drivetrain|warning:CMS drive train system error->drivetrain|stop:No speed development->pitch|warning:Cable overload->electrical,4213,9386.501584975991,84.29703599135367,8.19646264066115,7.506501367985205,15.702964008646356,990,1473.9589655597997,701,704.5978698821757,977,1741.3485003248225,0.0,0,actionable_unacted,True,20.788888888888888,2,-0.021668125870102806,,False,False,False
joint_4slots,joint,4,brake_resistor_chp:pitch->brake_hydraulic|cms_drivetrain:comms->drivetrain|no_speed_development:control->pitch|high_yaw_load:yaw->external,warning:Error brake resistor CHP->brake_hydraulic|warning:Comm.err. IEC server <- CMS drive tr.->drivetrain|warning:Comm.err. IEC client -> CMS drive tr.->drivetrain|warning:CMS drive train system error->drivetrain|stop:No speed development->pitch|stop:High yaw load->external,4213,9386.501584975991,84.29703599135367,8.19646264066115,7.506501367985205,15.702964008646356,990,1473.9589655597997,701,704.5978698821757,977,1741.3485003248225,0.0,0,actionable_unacted,True,20.788888888888888,2,-0.021668125870102806,,False,False,False
joint_5slots,joint,5,brake_resistor_chp:pitch->brake_hydraulic|cms_drivetrain:comms->drivetrain|no_speed_development:control->pitch|high_yaw_load:yaw->external|cable_overload:converter->electrical,warning:Error brake resistor CHP->brake_hydraulic|warning:Comm.err. IEC server <- CMS drive tr.->drivetrain|warning:Comm.err. IEC client -> CMS drive tr.->drivetrain|warning:CMS drive train system error->drivetrain|stop:No speed development->pitch|stop:High yaw load->external|warning:Cable overload->electrical,4213,9386.501584975991,84.29703599135367,8.19646264066115,7.506501367985205,15.702964008646356,990,1473.9589655597997,701,704.5978698821757,977,1741.3485003248225,0.0,0,actionable_unacted,True,20.788888888888888,2,-0.021668125870102806,,False,False,False
joint_3slots,joint,3,brake_resistor_chp:pitch->brake_hydraulic|cms_drivetrain:comms->drivetrain|no_speed_development:control->brake_hydraulic,warning:Error brake resistor CHP->brake_hydraulic|warning:Comm.err. IEC server <- CMS drive tr.->drivetrain|warning:Comm.err. IEC client -> CMS drive tr.->drivetrain|warning:CMS drive train system error->drivetrain|stop:No speed development->brake_hydraulic,4213,9386.501584975991,84.29235360743432,8.19798577231071,7.509660620254983,15.707646392565696,992,1474.398477600603,702,704.8944131465519,977,1741.3485003248225,0.0,0,actionable_unacted,True,20.788888888888888,2,-0.01850887360032516,,False,False,False
joint_4slots,joint,4,brake_resistor_chp:pitch->brake_hydraulic|cms_drivetrain:comms->drivetrain|no_speed_development:control->brake_hydraulic|cable_overload:converter->electrical,warning:Error brake resistor CHP->brake_hydraulic|warning:Comm.err. IEC server <- CMS drive tr.->drivetrain|warning:Comm.err. IEC client -> CMS drive tr.->drivetrain|warning:CMS drive train system error->drivetrain|stop:No speed development->brake_hydraulic|warning:Cable overload->electrical,4213,9386.501584975991,84.29235360743432,8.19798577231071,7.509660620254983,15.707646392565696,992,1474.398477600603,702,704.8944131465519,977,1741.3485003248225,0.0,0,actionable_unacted,True,20.788888888888888,2,-0.01850887360032516,,False,False,False
joint_4slots,joint,4,brake_resistor_chp:pitch->brake_hydraulic|cms_drivetrain:comms->drivetrain|no_speed_development:control->brake_hydraulic|high_yaw_load:yaw->external,warning:Error brake resistor CHP->brake_hydraulic|warning:Comm.err. IEC server <- CMS drive tr.->drivetrain|warning:Comm.err. IEC client -> CMS drive tr.->drivetrain|warning:CMS drive train system error->drivetrain|stop:No speed development->brake_hydraulic|stop:High yaw load->external,4213,9386.501584975991,84.29235360743432,8.19798577231071,7.509660620254983,15.707646392565696,992,1474.398477600603,702,704.8944131465519,977,1741.3485003248225,0.0,0,actionable_unacted,True,20.788888888888888,2,-0.01850887360032516,,False,False,False
joint_5slots,joint,5,brake_resistor_chp:pitch->brake_hydraulic|cms_drivetrain:comms->drivetrain|no_speed_development:control->brake_hydraulic|high_yaw_load:yaw->external|cable_overload:converter->electrical,warning:Error brake resistor CHP->brake_hydraulic|warning:Comm.err. IEC server <- CMS drive tr.->drivetrain|warning:Comm.err. IEC client -> CMS drive tr.->drivetrain|warning:CMS drive train system error->drivetrain|stop:No speed development->brake_hydraulic|stop:High yaw load->external|warning:Cable overload->electrical,4213,9386.501584975991,84.29235360743432,8.19798577231071,7.509660620254983,15.707646392565696,992,1474.398477600603,702,704.8944131465519,977,1741.3485003248225,0.0,0,actionable_unacted,True,20.788888888888888,2,-0.01850887360032516,,False,False,False
joint_3slots,joint,3,brake_resistor_chp:pitch->brake_hydraulic|cms_drivetrain:comms->drivetrain|wec_shut_down:control->manual,warning:Error brake resistor CHP->brake_hydraulic|warning:Comm.err. IEC server <- CMS drive tr.->drivetrain|warning:Comm.err. IEC client -> CMS drive tr.->drivetrain|warning:CMS drive train system error->drivetrain|stop:WEC shut down->manual,4213,9386.501584975991,86.67290027056653,8.19646264066115,5.130637088772349,13.3270997294335,987,1250.9484273346065,698,481.5873316569826,977,1741.3485003248225,0.0,0,unwarned,False,,0,-2.397532405082959,,False,False,False
joint_4slots,joint,4,brake_resistor_chp:pitch->brake_hydraulic|cms_drivetrain:comms->drivetrain|wec_shut_down:control->manual|cable_overload:converter->electrical,warning:Error brake resistor CHP->brake_hydraulic|warning:Comm.err. IEC server <- CMS drive tr.->drivetrain|warning:Comm.err. IEC client -> CMS drive tr.->drivetrain|warning:CMS drive train system error->drivetrain|stop:WEC shut down->manual|warning:Cable overload->electrical,4213,9386.501584975991,86.67290027056653,8.19646264066115,5.130637088772349,13.3270997294335,987,1250.9484273346065,698,481.5873316569826,977,1741.3485003248225,0.0,0,unwarned,False,,0,-2.397532405082959,,False,False,False
joint_4slots,joint,4,brake_resistor_chp:pitch->brake_hydraulic|cms_drivetrain:comms->drivetrain|wec_shut_down:control->manual|high_yaw_load:yaw->external,warning:Error brake resistor CHP->brake_hydraulic|warning:Comm.err. IEC server <- CMS drive tr.->drivetrain|warning:Comm.err. IEC client -> CMS drive tr.->drivetrain|warning:CMS drive train system error->drivetrain|stop:WEC shut down->manual|stop:High yaw load->external,4213,9386.501584975991,86.67290027056653,8.19646264066115,5.130637088772349,13.3270997294335,987,1250.9484273346065,698,481.5873316569826,977,1741.3485003248225,0.0,0,unwarned,False,,0,-2.397532405082959,,False,False,False
joint_5slots,joint,5,brake_resistor_chp:pitch->brake_hydraulic|cms_drivetrain:comms->drivetrain|wec_shut_down:control->manual|high_yaw_load:yaw->external|cable_overload:converter->electrical,warning:Error brake resistor CHP->brake_hydraulic|warning:Comm.err. IEC server <- CMS drive tr.->drivetrain|warning:Comm.err. IEC client -> CMS drive tr.->drivetrain|warning:CMS drive train system error->drivetrain|stop:WEC shut down->manual|stop:High yaw load->external|warning:Cable overload->electrical,4213,9386.501584975991,86.67290027056653,8.19646264066115,5.130637088772349,13.3270997294335,987,1250.9484273346065,698,481.5873316569826,977,1741.3485003248225,0.0,0,unwarned,False,,0,-2.397532405082959,,False,False,False
joint_4slots,joint,4,brake_resistor_chp:pitch->brake_hydraulic|cms_drivetrain:comms->drivetrain|wec_shut_down:control->manual|no_speed_development:control->pitch,warning:Error brake resistor CHP->brake_hydraulic|warning:Comm.err. IEC server <- CMS drive tr.->drivetrain|warning:Comm.err. IEC client -> CMS drive tr.->drivetrain|warning:CMS drive train system error->drivetrain|stop:WEC shut down->manual|stop:No speed development->pitch,4213,9386.501584975991,86.58790591765336,8.19646264066115,5.215631441685503,13.412094082346654,988,1258.9264236179397,699,489.5653279403159,977,1741.3485003248225,0.0,0,unwarned,False,,0,-2.3125380521698045,,False,False,False
joint_5slots,joint,5,brake_resistor_chp:pitch->brake_hydraulic|cms_drivetrain:comms->drivetrain|wec_shut_down:control->manual|no_speed_development:control->pitch|cable_overload:converter->electrical,warning:Error brake resistor CHP->brake_hydraulic|warning:Comm.err. IEC server <- CMS drive tr.->drivetrain|warning:Comm.err. IEC client -> CMS drive tr.->drivetrain|warning:CMS drive train system error->drivetrain|stop:WEC shut down->manual|stop:No speed development->pitch|warning:Cable overload->electrical,4213,9386.501584975991,86.58790591765336,8.19646264066115,5.215631441685503,13.412094082346654,988,1258.9264236179397,699,489.5653279403159,977,1741.3485003248225,0.0,0,unwarned,False,,0,-2.3125380521698045,,False,False,False
joint_5slots,joint,5,brake_resistor_chp:pitch->brake_hydraulic|cms_drivetrain:comms->drivetrain|wec_shut_down:control->manual|no_speed_development:control->pitch|high_yaw_load:yaw->external,warning:Error brake resistor CHP->brake_hydraulic|warning:Comm.err. IEC server <- CMS drive tr.->drivetrain|warning:Comm.err. IEC client -> CMS drive tr.->drivetrain|warning:CMS drive train system error->drivetrain|stop:WEC shut down->manual|stop:No speed development->pitch|stop:High yaw load->external,4213,9386.501584975991,86.58790591765336,8.19646264066115,5.215631441685503,13.412094082346654,988,1258.9264236179397,699,489.5653279403159,977,1741.3485003248225,0.0,0,unwarned,False,,0,-2.3125380521698045,,False,False,False
joint_6slots,joint,6,brake_resistor_chp:pitch->brake_hydraulic|cms_drivetrain:comms->drivetrain|wec_shut_down:control->manual|no_speed_development:control->pitch|high_yaw_load:yaw->external|cable_overload:converter->electrical,warning:Error brake resistor CHP->brake_hydraulic|warning:Comm.err. IEC server <- CMS drive tr.->drivetrain|warning:Comm.err. IEC client -> CMS drive tr.->drivetrain|warning:CMS drive train system error->drivetrain|stop:WEC shut down->manual|stop:No speed development->pitch|stop:High yaw load->external|warning:Cable overload->electrical,4213,9386.501584975991,86.58790591765336,8.19646264066115,5.215631441685503,13.412094082346654,988,1258.9264236179397,699,489.5653279403159,977,1741.3485003248225,0.0,0,unwarned,False,,0,-2.3125380521698045,,False,False,False
joint_4slots,joint,4,brake_resistor_chp:pitch->brake_hydraulic|cms_drivetrain:comms->drivetrain|wec_shut_down:control->manual|no_speed_development:control->brake_hydraulic,warning:Error brake resistor CHP->brake_hydraulic|warning:Comm.err. IEC server <- CMS drive tr.->drivetrain|warning:Comm.err. IEC client -> CMS drive tr.->drivetrain|warning:CMS drive train system error->drivetrain|stop:WEC shut down->manual|stop:No speed development->brake_hydraulic,4213,9386.501584975991,86.58322353373401,8.19798577231071,5.218790693955284,13.416776466265993,990,1259.3659356587432,700,489.8618712046922,977,1741.3485003248225,0.0,0,unwarned,False,,0,-2.309378799900024,,False,False,False
joint_5slots,joint,5,brake_resistor_chp:pitch->brake_hydraulic|cms_drivetrain:comms->drivetrain|wec_shut_down:control->manual|no_speed_development:control->brake_hydraulic|cable_overload:converter->electrical,warning:Error brake resistor CHP->brake_hydraulic|warning:Comm.err. IEC server <- CMS drive tr.->drivetrain|warning:Comm.err. IEC client -> CMS drive tr.->drivetrain|warning:CMS drive train system error->drivetrain|stop:WEC shut down->manual|stop:No speed development->brake_hydraulic|warning:Cable overload->electrical,4213,9386.501584975991,86.58322353373401,8.19798577231071,5.218790693955284,13.416776466265993,990,1259.3659356587432,700,489.8618712046922,977,1741.3485003248225,0.0,0,unwarned,False,,0,-2.309378799900024,,False,False,False
joint_5slots,joint,5,brake_resistor_chp:pitch->brake_hydraulic|cms_drivetrain:comms->drivetrain|wec_shut_down:control->manual|no_speed_development:control->brake_hydraulic|high_yaw_load:yaw->external,warning:Error brake resistor CHP->brake_hydraulic|warning:Comm.err. IEC server <- CMS drive tr.->drivetrain|warning:Comm.err. IEC client -> CMS drive tr.->drivetrain|warning:CMS drive train system error->drivetrain|stop:WEC shut down->manual|stop:No speed development->brake_hydraulic|stop:High yaw load->external,4213,9386.501584975991,86.58322353373401,8.19798577231071,5.218790693955284,13.416776466265993,990,1259.3659356587432,700,489.8618712046922,977,1741.3485003248225,0.0,0,unwarned,False,,0,-2.309378799900024,,False,False,False
joint_6slots,joint,6,brake_resistor_chp:pitch->brake_hydraulic|cms_drivetrain:comms->drivetrain|wec_shut_down:control->manual|no_speed_development:control->brake_hydraulic|high_yaw_load:yaw->external|cable_overload:converter->electrical,warning:Error brake resistor CHP->brake_hydraulic|warning:Comm.err. IEC server <- CMS drive tr.->drivetrain|warning:Comm.err. IEC client -> CMS drive tr.->drivetrain|warning:CMS drive train system error->drivetrain|stop:WEC shut down->manual|stop:No speed development->brake_hydraulic|stop:High yaw load->external|warning:Cable overload->electrical,4213,9386.501584975991,86.58322353373401,8.19798577231071,5.218790693955284,13.416776466265993,990,1259.3659356587432,700,489.8618712046922,977,1741.3485003248225,0.0,0,unwarned,False,,0,-2.309378799900024,,False,False,False
joint_3slots,joint,3,brake_resistor_chp:pitch->brake_hydraulic|cms_drivetrain:comms->drivetrain|current_asymmetry:converter->generator,warning:Error brake resistor CHP->brake_hydraulic|warning:Comm.err. IEC server <- CMS drive tr.->drivetrain|warning:Comm.err. IEC client -> CMS drive tr.->drivetrain|warning:CMS drive train system error->drivetrain|stop:Current asymmetry->generator,4213,9386.501584975991,84.38203034426681,8.19646264066115,7.42150701507205,15.6179696557332,989,1465.980969276466,700,696.6198735988424,946,1696.3201041110958,0.0,0,actionable_unacted,True,20.788888888888888,2,-0.10666247878325752,,False,False,False
joint_4slots,joint,4,brake_resistor_chp:pitch->brake_hydraulic|cms_drivetrain:comms->drivetrain|current_asymmetry:converter->generator|cable_overload:converter->electrical,warning:Error brake resistor CHP->brake_hydraulic|warning:Comm.err. IEC server <- CMS drive tr.->drivetrain|warning:Comm.err. IEC client -> CMS drive tr.->drivetrain|warning:CMS drive train system error->drivetrain|stop:Current asymmetry->generator|warning:Cable overload->electrical,4213,9386.501584975991,84.38203034426681,8.19646264066115,7.42150701507205,15.6179696557332,989,1465.980969276466,700,696.6198735988424,946,1696.3201041110958,0.0,0,actionable_unacted,True,20.788888888888888,2,-0.10666247878325752,,False,False,False
joint_4slots,joint,4,brake_resistor_chp:pitch->brake_hydraulic|cms_drivetrain:comms->drivetrain|current_asymmetry:converter->generator|high_yaw_load:yaw->external,warning:Error brake resistor CHP->brake_hydraulic|warning:Comm.err. IEC server <- CMS drive tr.->drivetrain|warning:Comm.err. IEC client -> CMS drive tr.->drivetrain|warning:CMS drive train system error->drivetrain|stop:Current asymmetry->generator|stop:High yaw load->external,4213,9386.501584975991,84.38203034426681,8.19646264066115,7.42150701507205,15.6179696557332,989,1465.980969276466,700,696.6198735988424,946,1696.3201041110958,0.0,0,actionable_unacted,True,20.788888888888888,2,-0.10666247878325752,,False,False,False
joint_5slots,joint,5,brake_resistor_chp:pitch->brake_hydraulic|cms_drivetrain:comms->drivetrain|current_asymmetry:converter->generator|high_yaw_load:yaw->external|cable_overload:converter->electrical,warning:Error brake resistor CHP->brake_hydraulic|warning:Comm.err. IEC server <- CMS drive tr.->drivetrain|warning:Comm.err. IEC client -> CMS drive tr.->drivetrain|warning:CMS drive train system error->drivetrain|stop:Current asymmetry->generator|stop:High yaw load->external|warning:Cable overload->electrical,4213,9386.501584975991,84.38203034426681,8.19646264066115,7.42150701507205,15.6179696557332,989,1465.980969276466,700,696.6198735988424,946,1696.3201041110958,0.0,0,actionable_unacted,True,20.788888888888888,2,-0.10666247878325752,,False,False,False
joint_4slots,joint,4,brake_resistor_chp:pitch->brake_hydraulic|cms_drivetrain:comms->drivetrain|current_asymmetry:converter->generator|no_speed_development:control->pitch,warning:Error brake resistor CHP->brake_hydraulic|warning:Comm.err. IEC server <- CMS drive tr.->drivetrain|warning:Comm.err. IEC client -> CMS drive tr.->drivetrain|warning:CMS drive train system error->drivetrain|stop:Current asymmetry->generator|stop:No speed development->pitch,4213,9386.501584975991,84.29703599135367,8.19646264066115,7.506501367985205,15.702964008646356,990,1473.9589655597997,701,704.5978698821757,946,1696.3201041110958,0.0,0,actionable_unacted,True,20.788888888888888,2,-0.021668125870102806,,False,False,False
joint_5slots,joint,5,brake_resistor_chp:pitch->brake_hydraulic|cms_drivetrain:comms->drivetrain|current_asymmetry:converter->generator|no_speed_development:control->pitch|cable_overload:converter->electrical,warning:Error brake resistor CHP->brake_hydraulic|warning:Comm.err. IEC server <- CMS drive tr.->drivetrain|warning:Comm.err. IEC client -> CMS drive tr.->drivetrain|warning:CMS drive train system error->drivetrain|stop:Current asymmetry->generator|stop:No speed development->pitch|warning:Cable overload->electrical,4213,9386.501584975991,84.29703599135367,8.19646264066115,7.506501367985205,15.702964008646356,990,1473.9589655597997,701,704.5978698821757,946,1696.3201041110958,0.0,0,actionable_unacted,True,20.788888888888888,2,-0.021668125870102806,,False,False,False
joint_5slots,joint,5,brake_resistor_chp:pitch->brake_hydraulic|cms_drivetrain:comms->drivetrain|current_asymmetry:converter->generator|no_speed_development:control->pitch|high_yaw_load:yaw->external,warning:Error brake resistor CHP->brake_hydraulic|warning:Comm.err. IEC server <- CMS drive tr.->drivetrain|warning:Comm.err. IEC client -> CMS drive tr.->drivetrain|warning:CMS drive train system error->drivetrain|stop:Current asymmetry->generator|stop:No speed development->pitch|stop:High yaw load->external,4213,9386.501584975991,84.29703599135367,8.19646264066115,7.506501367985205,15.702964008646356,990,1473.9589655597997,701,704.5978698821757,946,1696.3201041110958,0.0,0,actionable_unacted,True,20.788888888888888,2,-0.021668125870102806,,False,False,False
joint_6slots,joint,6,brake_resistor_chp:pitch->brake_hydraulic|cms_drivetrain:comms->drivetrain|current_asymmetry:converter->generator|no_speed_development:control->pitch|high_yaw_load:yaw->external|cable_overload:converter->electrical,warning:Error brake resistor CHP->brake_hydraulic|warning:Comm.err. IEC server <- CMS drive tr.->drivetrain|warning:Comm.err. IEC client -> CMS drive tr.->drivetrain|warning:CMS drive train system error->drivetrain|stop:Current asymmetry->generator|stop:No speed development->pitch|stop:High yaw load->external|warning:Cable overload->electrical,4213,9386.501584975991,84.29703599135367,8.19646264066115,7.506501367985205,15.702964008646356,990,1473.9589655597997,701,704.5978698821757,946,1696.3201041110958,0.0,0,actionable_unacted,True,20.788888888888888,2,-0.021668125870102806,,False,False,False
joint_4slots,joint,4,brake_resistor_chp:pitch->brake_hydraulic|cms_drivetrain:comms->drivetrain|current_asymmetry:converter->generator|no_speed_development:control->brake_hydraulic,warning:Error brake resistor CHP->brake_hydraulic|warning:Comm.err. IEC server <- CMS drive tr.->drivetrain|warning:Comm.err. IEC client -> CMS drive tr.->drivetrain|warning:CMS drive train system error->drivetrain|stop:Current asymmetry->generator|stop:No speed development->brake_hydraulic,4213,9386.501584975991,84.29235360743432,8.19798577231071,7.509660620254983,15.707646392565696,992,1474.398477600603,702,704.8944131465519,946,1696.3201041110958,0.0,0,actionable_unacted,True,20.788888888888888,2,-0.01850887360032516,,False,False,False
joint_5slots,joint,5,brake_resistor_chp:pitch->brake_hydraulic|cms_drivetrain:comms->drivetrain|current_asymmetry:converter->generator|no_speed_development:control->brake_hydraulic|cable_overload:converter->electrical,warning:Error brake resistor CHP->brake_hydraulic|warning:Comm.err. IEC server <- CMS drive tr.->drivetrain|warning:Comm.err. IEC client -> CMS drive tr.->drivetrain|warning:CMS drive train system error->drivetrain|stop:Current asymmetry->generator|stop:No speed development->brake_hydraulic|warning:Cable overload->electrical,4213,9386.501584975991,84.29235360743432,8.19798577231071,7.509660620254983,15.707646392565696,992,1474.398477600603,702,704.8944131465519,946,1696.3201041110958,0.0,0,actionable_unacted,True,20.788888888888888,2,-0.01850887360032516,,False,False,False
joint_5slots,joint,5,brake_resistor_chp:pitch->brake_hydraulic|cms_drivetrain:comms->drivetrain|current_asymmetry:converter->generator|no_speed_development:control->brake_hydraulic|high_yaw_load:yaw->external,warning:Error brake resistor CHP->brake_hydraulic|warning:Comm.err. IEC server <- CMS drive tr.->drivetrain|warning:Comm.err. IEC client -> CMS drive tr.->drivetrain|warning:CMS drive train system error->drivetrain|stop:Current asymmetry->generator|stop:No speed development->brake_hydraulic|stop:High yaw load->external,4213,9386.501584975991,84.29235360743432,8.19798577231071,7.509660620254983,15.707646392565696,992,1474.398477600603,702,704.8944131465519,946,1696.3201041110958,0.0,0,actionable_unacted,True,20.788888888888888,2,-0.01850887360032516,,False,False,False
joint_6slots,joint,6,brake_resistor_chp:pitch->brake_hydraulic|cms_drivetrain:comms->drivetrain|current_asymmetry:converter->generator|no_speed_development:control->brake_hydraulic|high_yaw_load:yaw->external|cable_overload:converter->electrical,warning:Error brake resistor CHP->brake_hydraulic|warning:Comm.err. IEC server <- CMS drive tr.->drivetrain|warning:Comm.err. IEC client -> CMS drive tr.->drivetrain|warning:CMS drive train system error->drivetrain|stop:Current asymmetry->generator|stop:No speed development->brake_hydraulic|stop:High yaw load->external|warning:Cable overload->electrical,4213,9386.501584975991,84.29235360743432,8.19798577231071,7.509660620254983,15.707646392565696,992,1474.398477600603,702,704.8944131465519,946,1696.3201041110958,0.0,0,actionable_unacted,True,20.788888888888888,2,-0.01850887360032516,,False,False,False
joint_4slots,joint,4,brake_resistor_chp:pitch->brake_hydraulic|cms_drivetrain:comms->drivetrain|current_asymmetry:converter->generator|wec_shut_down:control->manual,warning:Error brake resistor CHP->brake_hydraulic|warning:Comm.err. IEC server <- CMS drive tr.->drivetrain|warning:Comm.err. IEC client -> CMS drive tr.->drivetrain|warning:CMS drive train system error->drivetrain|stop:Current asymmetry->generator|stop:WEC shut down->manual,4213,9386.501584975991,86.67290027056653,8.19646264066115,5.130637088772349,13.3270997294335,987,1250.9484273346065,698,481.5873316569826,946,1696.3201041110958,0.0,0,unwarned,False,,0,-2.397532405082959,,False,False,False
joint_5slots,joint,5,brake_resistor_chp:pitch->brake_hydraulic|cms_drivetrain:comms->drivetrain|current_asymmetry:converter->generator|wec_shut_down:control->manual|cable_overload:converter->electrical,warning:Error brake resistor CHP->brake_hydraulic|warning:Comm.err. IEC server <- CMS drive tr.->drivetrain|warning:Comm.err. IEC client -> CMS drive tr.->drivetrain|warning:CMS drive train system error->drivetrain|stop:Current asymmetry->generator|stop:WEC shut down->manual|warning:Cable overload->electrical,4213,9386.501584975991,86.67290027056653,8.19646264066115,5.130637088772349,13.3270997294335,987,1250.9484273346065,698,481.5873316569826,946,1696.3201041110958,0.0,0,unwarned,False,,0,-2.397532405082959,,False,False,False
joint_5slots,joint,5,brake_resistor_chp:pitch->brake_hydraulic|cms_drivetrain:comms->drivetrain|current_asymmetry:converter->generator|wec_shut_down:control->manual|high_yaw_load:yaw->external,warning:Error brake resistor CHP->brake_hydraulic|warning:Comm.err. IEC server <- CMS drive tr.->drivetrain|warning:Comm.err. IEC client -> CMS drive tr.->drivetrain|warning:CMS drive train system error->drivetrain|stop:Current asymmetry->generator|stop:WEC shut down->manual|stop:High yaw load->external,4213,9386.501584975991,86.67290027056653,8.19646264066115,5.130637088772349,13.3270997294335,987,1250.9484273346065,698,481.5873316569826,946,1696.3201041110958,0.0,0,unwarned,False,,0,-2.397532405082959,,False,False,False
joint_6slots,joint,6,brake_resistor_chp:pitch->brake_hydraulic|cms_drivetrain:comms->drivetrain|current_asymmetry:converter->generator|wec_shut_down:control->manual|high_yaw_load:yaw->external|cable_overload:converter->electrical,warning:Error brake resistor CHP->brake_hydraulic|warning:Comm.err. IEC server <- CMS drive tr.->drivetrain|warning:Comm.err. IEC client -> CMS drive tr.->drivetrain|warning:CMS drive train system error->drivetrain|stop:Current asymmetry->generator|stop:WEC shut down->manual|stop:High yaw load->external|warning:Cable overload->electrical,4213,9386.501584975991,86.67290027056653,8.19646264066115,5.130637088772349,13.3270997294335,987,1250.9484273346065,698,481.5873316569826,946,1696.3201041110958,0.0,0,unwarned,False,,0,-2.397532405082959,,False,False,False
joint_5slots,joint,5,brake_resistor_chp:pitch->brake_hydraulic|cms_drivetrain:comms->drivetrain|current_asymmetry:converter->generator|wec_shut_down:control->manual|no_speed_development:control->pitch,warning:Error brake resistor CHP->brake_hydraulic|warning:Comm.err. IEC server <- CMS drive tr.->drivetrain|warning:Comm.err. IEC client -> CMS drive tr.->drivetrain|warning:CMS drive train system error->drivetrain|stop:Current asymmetry->generator|stop:WEC shut down->manual|stop:No speed development->pitch,4213,9386.501584975991,86.58790591765336,8.19646264066115,5.215631441685503,13.412094082346654,988,1258.9264236179397,699,489.5653279403159,946,1696.3201041110958,0.0,0,unwarned,False,,0,-2.3125380521698045,,False,False,False
joint_6slots,joint,6,brake_resistor_chp:pitch->brake_hydraulic|cms_drivetrain:comms->drivetrain|current_asymmetry:converter->generator|wec_shut_down:control->manual|no_speed_development:control->pitch|cable_overload:converter->electrical,warning:Error brake resistor CHP->brake_hydraulic|warning:Comm.err. IEC server <- CMS drive tr.->drivetrain|warning:Comm.err. IEC client -> CMS drive tr.->drivetrain|warning:CMS drive train system error->drivetrain|stop:Current asymmetry->generator|stop:WEC shut down->manual|stop:No speed development->pitch|warning:Cable overload->electrical,4213,9386.501584975991,86.58790591765336,8.19646264066115,5.215631441685503,13.412094082346654,988,1258.9264236179397,699,489.5653279403159,946,1696.3201041110958,0.0,0,unwarned,False,,0,-2.3125380521698045,,False,False,False
joint_6slots,joint,6,brake_resistor_chp:pitch->brake_hydraulic|cms_drivetrain:comms->drivetrain|current_asymmetry:converter->generator|wec_shut_down:control->manual|no_speed_development:control->pitch|high_yaw_load:yaw->external,warning:Error brake resistor CHP->brake_hydraulic|warning:Comm.err. IEC server <- CMS drive tr.->drivetrain|warning:Comm.err. IEC client -> CMS drive tr.->drivetrain|warning:CMS drive train system error->drivetrain|stop:Current asymmetry->generator|stop:WEC shut down->manual|stop:No speed development->pitch|stop:High yaw load->external,4213,9386.501584975991,86.58790591765336,8.19646264066115,5.215631441685503,13.412094082346654,988,1258.9264236179397,699,489.5653279403159,946,1696.3201041110958,0.0,0,unwarned,False,,0,-2.3125380521698045,,False,False,False
joint_7slots,joint,7,brake_resistor_chp:pitch->brake_hydraulic|cms_drivetrain:comms->drivetrain|current_asymmetry:converter->generator|wec_shut_down:control->manual|no_speed_development:control->pitch|high_yaw_load:yaw->external|cable_overload:converter->electrical,warning:Error brake resistor CHP->brake_hydraulic|warning:Comm.err. IEC server <- CMS drive tr.->drivetrain|warning:Comm.err. IEC client -> CMS drive tr.->drivetrain|warning:CMS drive train system error->drivetrain|stop:Current asymmetry->generator|stop:WEC shut down->manual|stop:No speed development->pitch|stop:High yaw load->external|warning:Cable overload->electrical,4213,9386.501584975991,86.58790591765336,8.19646264066115,5.215631441685503,13.412094082346654,988,1258.9264236179397,699,489.5653279403159,946,1696.3201041110958,0.0,0,unwarned,False,,0,-2.3125380521698045,,False,False,False
joint_5slots,joint,5,brake_resistor_chp:pitch->brake_hydraulic|cms_drivetrain:comms->drivetrain|current_asymmetry:converter->generator|wec_shut_down:control->manual|no_speed_development:control->brake_hydraulic,warning:Error brake resistor CHP->brake_hydraulic|warning:Comm.err. IEC server <- CMS drive tr.->drivetrain|warning:Comm.err. IEC client -> CMS drive tr.->drivetrain|warning:CMS drive train system error->drivetrain|stop:Current asymmetry->generator|stop:WEC shut down->manual|stop:No speed development->brake_hydraulic,4213,9386.501584975991,86.58322353373401,8.19798577231071,5.218790693955284,13.416776466265993,990,1259.3659356587432,700,489.8618712046922,946,1696.3201041110958,0.0,0,unwarned,False,,0,-2.309378799900024,,False,False,False
joint_6slots,joint,6,brake_resistor_chp:pitch->brake_hydraulic|cms_drivetrain:comms->drivetrain|current_asymmetry:converter->generator|wec_shut_down:control->manual|no_speed_development:control->brake_hydraulic|cable_overload:converter->electrical,warning:Error brake resistor CHP->brake_hydraulic|warning:Comm.err. IEC server <- CMS drive tr.->drivetrain|warning:Comm.err. IEC client -> CMS drive tr.->drivetrain|warning:CMS drive train system error->drivetrain|stop:Current asymmetry->generator|stop:WEC shut down->manual|stop:No speed development->brake_hydraulic|warning:Cable overload->electrical,4213,9386.501584975991,86.58322353373401,8.19798577231071,5.218790693955284,13.416776466265993,990,1259.3659356587432,700,489.8618712046922,946,1696.3201041110958,0.0,0,unwarned,False,,0,-2.309378799900024,,False,False,False
joint_6slots,joint,6,brake_resistor_chp:pitch->brake_hydraulic|cms_drivetrain:comms->drivetrain|current_asymmetry:converter->generator|wec_shut_down:control->manual|no_speed_development:control->brake_hydraulic|high_yaw_load:yaw->external,warning:Error brake resistor CHP->brake_hydraulic|warning:Comm.err. IEC server <- CMS drive tr.->drivetrain|warning:Comm.err. IEC client -> CMS drive tr.->drivetrain|warning:CMS drive train system error->drivetrain|stop:Current asymmetry->generator|stop:WEC shut down->manual|stop:No speed development->brake_hydraulic|stop:High yaw load->external,4213,9386.501584975991,86.58322353373401,8.19798577231071,5.218790693955284,13.416776466265993,990,1259.3659356587432,700,489.8618712046922,946,1696.3201041110958,0.0,0,unwarned,False,,0,-2.309378799900024,,False,False,False
joint_7slots,joint,7,brake_resistor_chp:pitch->brake_hydraulic|cms_drivetrain:comms->drivetrain|current_asymmetry:converter->generator|wec_shut_down:control->manual|no_speed_development:control->brake_hydraulic|high_yaw_load:yaw->external|cable_overload:converter->electrical,warning:Error brake resistor CHP->brake_hydraulic|warning:Comm.err. IEC server <- CMS drive tr.->drivetrain|warning:Comm.err. IEC client -> CMS drive tr.->drivetrain|warning:CMS drive train system error->drivetrain|stop:Current asymmetry->generator|stop:WEC shut down->manual|stop:No speed development->brake_hydraulic|stop:High yaw load->external|warning:Cable overload->electrical,4213,9386.501584975991,86.58322353373401,8.19798577231071,5.218790693955284,13.416776466265993,990,1259.3659356587432,700,489.8618712046922,946,1696.3201041110958,0.0,0,unwarned,False,,0,-2.309378799900024,,False,False,False
brake_resistor_chp:pitch->brake_hydraulic+time_sync:external->control,joint,2,brake_resistor_chp:pitch->brake_hydraulic|time_sync:external->control,warning:Error brake resistor CHP->brake_hydraulic|warning:Check time synchronization->control|warning:Time sync. failed (SNTP error)->control,4213,9386.501584975991,84.38538152377167,8.195582278884682,7.419036197343669,15.614618476228353,986,1465.6664107591282,701,696.3879502536059,977,1741.3485003248225,0.0,0,actionable_unacted,True,46.393055555555556,3,-0.10913329651163917,,False,False,False
joint_3slots,joint,3,brake_resistor_chp:pitch->brake_hydraulic|time_sync:external->control|cable_overload:converter->electrical,warning:Error brake resistor CHP->brake_hydraulic|warning:Check time synchronization->control|warning:Time sync. failed (SNTP error)->control|warning:Cable overload->electrical,4213,9386.501584975991,84.38538152377167,8.195582278884682,7.419036197343669,15.614618476228353,986,1465.6664107591282,701,696.3879502536059,977,1741.3485003248225,0.0,0,actionable_unacted,True,46.393055555555556,3,-0.10913329651163917,,False,False,False
joint_3slots,joint,3,brake_resistor_chp:pitch->brake_hydraulic|time_sync:external->control|high_yaw_load:yaw->external,warning:Error brake resistor CHP->brake_hydraulic|warning:Check time synchronization->control|warning:Time sync. failed (SNTP error)->control|stop:High yaw load->external,4213,9386.501584975991,84.38538152377167,8.195582278884682,7.419036197343669,15.614618476228353,986,1465.6664107591282,701,696.3879502536059,977,1741.3485003248225,0.0,0,actionable_unacted,True,46.393055555555556,3,-0.10913329651163917,,False,False,False
joint_4slots,joint,4,brake_resistor_chp:pitch->brake_hydraulic|time_sync:external->control|high_yaw_load:yaw->external|cable_overload:converter->electrical,warning:Error brake resistor CHP->brake_hydraulic|warning:Check time synchronization->control|warning:Time sync. failed (SNTP error)->control|stop:High yaw load->external|warning:Cable overload->electrical,4213,9386.501584975991,84.38538152377167,8.195582278884682,7.419036197343669,15.614618476228353,986,1465.6664107591282,701,696.3879502536059,977,1741.3485003248225,0.0,0,actionable_unacted,True,46.393055555555556,3,-0.10913329651163917,,False,False,False
joint_3slots,joint,3,brake_resistor_chp:pitch->brake_hydraulic|time_sync:external->control|no_speed_development:control->pitch,warning:Error brake resistor CHP->brake_hydraulic|warning:Check time synchronization->control|warning:Time sync. failed (SNTP error)->control|stop:No speed development->pitch,4213,9386.501584975991,84.3003871708585,8.195582278884682,7.504030550256822,15.699612829141504,987,1473.6444070424614,702,704.3659465369392,977,1741.3485003248225,0.0,0,actionable_unacted,True,46.393055555555556,3,-0.02413894359848623,,False,False,False
joint_4slots,joint,4,brake_resistor_chp:pitch->brake_hydraulic|time_sync:external->control|no_speed_development:control->pitch|cable_overload:converter->electrical,warning:Error brake resistor CHP->brake_hydraulic|warning:Check time synchronization->control|warning:Time sync. failed (SNTP error)->control|stop:No speed development->pitch|warning:Cable overload->electrical,4213,9386.501584975991,84.3003871708585,8.195582278884682,7.504030550256822,15.699612829141504,987,1473.6444070424614,702,704.3659465369392,977,1741.3485003248225,0.0,0,actionable_unacted,True,46.393055555555556,3,-0.02413894359848623,,False,False,False
joint_4slots,joint,4,brake_resistor_chp:pitch->brake_hydraulic|time_sync:external->control|no_speed_development:control->pitch|high_yaw_load:yaw->external,warning:Error brake resistor CHP->brake_hydraulic|warning:Check time synchronization->control|warning:Time sync. failed (SNTP error)->control|stop:No speed development->pitch|stop:High yaw load->external,4213,9386.501584975991,84.3003871708585,8.195582278884682,7.504030550256822,15.699612829141504,987,1473.6444070424614,702,704.3659465369392,977,1741.3485003248225,0.0,0,actionable_unacted,True,46.393055555555556,3,-0.02413894359848623,,False,False,False
joint_5slots,joint,5,brake_resistor_chp:pitch->brake_hydraulic|time_sync:external->control|no_speed_development:control->pitch|high_yaw_load:yaw->external|cable_overload:converter->electrical,warning:Error brake resistor CHP->brake_hydraulic|warning:Check time synchronization->control|warning:Time sync. failed (SNTP error)->control|stop:No speed development->pitch|stop:High yaw load->external|warning:Cable overload->electrical,4213,9386.501584975991,84.3003871708585,8.195582278884682,7.504030550256822,15.699612829141504,987,1473.6444070424614,702,704.3659465369392,977,1741.3485003248225,0.0,0,actionable_unacted,True,46.393055555555556,3,-0.02413894359848623,,False,False,False
joint_3slots,joint,3,brake_resistor_chp:pitch->brake_hydraulic|time_sync:external->control|no_speed_development:control->brake_hydraulic,warning:Error brake resistor CHP->brake_hydraulic|warning:Check time synchronization->control|warning:Time sync. failed (SNTP error)->control|stop:No speed development->brake_hydraulic,4213,9386.501584975991,84.29570478693917,8.197105410534244,7.507189802526603,15.704295213060849,989,1474.0839190832653,703,704.6624898013156,977,1741.3485003248225,0.0,0,actionable_unacted,True,46.393055555555556,3,-0.02097969132870503,,False,False,False
joint_4slots,joint,4,brake_resistor_chp:pitch->brake_hydraulic|time_sync:external->control|no_speed_development:control->brake_hydraulic|cable_overload:converter->electrical,warning:Error brake resistor CHP->brake_hydraulic|warning:Check time synchronization->control|warning:Time sync. failed (SNTP error)->control|stop:No speed development->brake_hydraulic|warning:Cable overload->electrical,4213,9386.501584975991,84.29570478693917,8.197105410534244,7.507189802526603,15.704295213060849,989,1474.0839190832653,703,704.6624898013156,977,1741.3485003248225,0.0,0,actionable_unacted,True,46.393055555555556,3,-0.02097969132870503,,False,False,False
joint_4slots,joint,4,brake_resistor_chp:pitch->brake_hydraulic|time_sync:external->control|no_speed_development:control->brake_hydraulic|high_yaw_load:yaw->external,warning:Error brake resistor CHP->brake_hydraulic|warning:Check time synchronization->control|warning:Time sync. failed (SNTP error)->control|stop:No speed development->brake_hydraulic|stop:High yaw load->external,4213,9386.501584975991,84.29570478693917,8.197105410534244,7.507189802526603,15.704295213060849,989,1474.0839190832653,703,704.6624898013156,977,1741.3485003248225,0.0,0,actionable_unacted,True,46.393055555555556,3,-0.02097969132870503,,False,False,False
joint_5slots,joint,5,brake_resistor_chp:pitch->brake_hydraulic|time_sync:external->control|no_speed_development:control->brake_hydraulic|high_yaw_load:yaw->external|cable_overload:converter->electrical,warning:Error brake resistor CHP->brake_hydraulic|warning:Check time synchronization->control|warning:Time sync. failed (SNTP error)->control|stop:No speed development->brake_hydraulic|stop:High yaw load->external|warning:Cable overload->electrical,4213,9386.501584975991,84.29570478693917,8.197105410534244,7.507189802526603,15.704295213060849,989,1474.0839190832653,703,704.6624898013156,977,1741.3485003248225,0.0,0,actionable_unacted,True,46.393055555555556,3,-0.02097969132870503,,False,False,False
joint_3slots,joint,3,brake_resistor_chp:pitch->brake_hydraulic|time_sync:external->control|wec_shut_down:control->manual,warning:Error brake resistor CHP->brake_hydraulic|warning:Check time synchronization->control|warning:Time sync. failed (SNTP error)->control|stop:WEC shut down->manual,4213,9386.501584975991,86.67625145007136,8.195582278884682,5.128166271043967,13.323748549928649,984,1250.6338688172682,699,481.35540831174615,977,1741.3485003248225,0.0,0,unwarned,False,,0,-2.400003222811341,,False,False,False
joint_4slots,joint,4,brake_resistor_chp:pitch->brake_hydraulic|time_sync:external->control|wec_shut_down:control->manual|cable_overload:converter->electrical,warning:Error brake resistor CHP->brake_hydraulic|warning:Check time synchronization->control|warning:Time sync. failed (SNTP error)->control|stop:WEC shut down->manual|warning:Cable overload->electrical,4213,9386.501584975991,86.67625145007136,8.195582278884682,5.128166271043967,13.323748549928649,984,1250.6338688172682,699,481.35540831174615,977,1741.3485003248225,0.0,0,unwarned,False,,0,-2.400003222811341,,False,False,False
joint_4slots,joint,4,brake_resistor_chp:pitch->brake_hydraulic|time_sync:external->control|wec_shut_down:control->manual|high_yaw_load:yaw->external,warning:Error brake resistor CHP->brake_hydraulic|warning:Check time synchronization->control|warning:Time sync. failed (SNTP error)->control|stop:WEC shut down->manual|stop:High yaw load->external,4213,9386.501584975991,86.67625145007136,8.195582278884682,5.128166271043967,13.323748549928649,984,1250.6338688172682,699,481.35540831174615,977,1741.3485003248225,0.0,0,unwarned,False,,0,-2.400003222811341,,False,False,False
joint_5slots,joint,5,brake_resistor_chp:pitch->brake_hydraulic|time_sync:external->control|wec_shut_down:control->manual|high_yaw_load:yaw->external|cable_overload:converter->electrical,warning:Error brake resistor CHP->brake_hydraulic|warning:Check time synchronization->control|warning:Time sync. failed (SNTP error)->control|stop:WEC shut down->manual|stop:High yaw load->external|warning:Cable overload->electrical,4213,9386.501584975991,86.67625145007136,8.195582278884682,5.128166271043967,13.323748549928649,984,1250.6338688172682,699,481.35540831174615,977,1741.3485003248225,0.0,0,unwarned,False,,0,-2.400003222811341,,False,False,False
joint_4slots,joint,4,brake_resistor_chp:pitch->brake_hydraulic|time_sync:external->control|wec_shut_down:control->manual|no_speed_development:control->pitch,warning:Error brake resistor CHP->brake_hydraulic|warning:Check time synchronization->control|warning:Time sync. failed (SNTP error)->control|stop:WEC shut down->manual|stop:No speed development->pitch,4213,9386.501584975991,86.59125709715819,8.195582278884682,5.213160623957122,13.408742902841807,985,1258.6118651006018,700,489.3334045950795,977,1741.3485003248225,0.0,0,unwarned,False,,0,-2.315008869898186,,False,False,False
joint_5slots,joint,5,brake_resistor_chp:pitch->brake_hydraulic|time_sync:external->control|wec_shut_down:control->manual|no_speed_development:control->pitch|cable_overload:converter->electrical,warning:Error brake resistor CHP->brake_hydraulic|warning:Check time synchronization->control|warning:Time sync. failed (SNTP error)->control|stop:WEC shut down->manual|stop:No speed development->pitch|warning:Cable overload->electrical,4213,9386.501584975991,86.59125709715819,8.195582278884682,5.213160623957122,13.408742902841807,985,1258.6118651006018,700,489.3334045950795,977,1741.3485003248225,0.0,0,unwarned,False,,0,-2.315008869898186,,False,False,False
joint_5slots,joint,5,brake_resistor_chp:pitch->brake_hydraulic|time_sync:external->control|wec_shut_down:control->manual|no_speed_development:control->pitch|high_yaw_load:yaw->external,warning:Error brake resistor CHP->brake_hydraulic|warning:Check time synchronization->control|warning:Time sync. failed (SNTP error)->control|stop:WEC shut down->manual|stop:No speed development->pitch|stop:High yaw load->external,4213,9386.501584975991,86.59125709715819,8.195582278884682,5.213160623957122,13.408742902841807,985,1258.6118651006018,700,489.3334045950795,977,1741.3485003248225,0.0,0,unwarned,False,,0,-2.315008869898186,,False,False,False
joint_6slots,joint,6,brake_resistor_chp:pitch->brake_hydraulic|time_sync:external->control|wec_shut_down:control->manual|no_speed_development:control->pitch|high_yaw_load:yaw->external|cable_overload:converter->electrical,warning:Error brake resistor CHP->brake_hydraulic|warning:Check time synchronization->control|warning:Time sync. failed (SNTP error)->control|stop:WEC shut down->manual|stop:No speed development->pitch|stop:High yaw load->external|warning:Cable overload->electrical,4213,9386.501584975991,86.59125709715819,8.195582278884682,5.213160623957122,13.408742902841807,985,1258.6118651006018,700,489.3334045950795,977,1741.3485003248225,0.0,0,unwarned,False,,0,-2.315008869898186,,False,False,False
joint_4slots,joint,4,brake_resistor_chp:pitch->brake_hydraulic|time_sync:external->control|wec_shut_down:control->manual|no_speed_development:control->brake_hydraulic,warning:Error brake resistor CHP->brake_hydraulic|warning:Check time synchronization->control|warning:Time sync. failed (SNTP error)->control|stop:WEC shut down->manual|stop:No speed development->brake_hydraulic,4213,9386.501584975991,86.58657471323887,8.197105410534244,5.216319876226902,13.413425286761145,987,1259.0513771414053,701,489.6299478594558,977,1741.3485003248225,0.0,0,unwarned,False,,0,-2.311849617628406,,False,False,False
joint_5slots,joint,5,brake_resistor_chp:pitch->brake_hydraulic|time_sync:external->control|wec_shut_down:control->manual|no_speed_development:control->brake_hydraulic|cable_overload:converter->electrical,warning:Error brake resistor CHP->brake_hydraulic|warning:Check time synchronization->control|warning:Time sync. failed (SNTP error)->control|stop:WEC shut down->manual|stop:No speed development->brake_hydraulic|warning:Cable overload->electrical,4213,9386.501584975991,86.58657471323887,8.197105410534244,5.216319876226902,13.413425286761145,987,1259.0513771414053,701,489.6299478594558,977,1741.3485003248225,0.0,0,unwarned,False,,0,-2.311849617628406,,False,False,False
joint_5slots,joint,5,brake_resistor_chp:pitch->brake_hydraulic|time_sync:external->control|wec_shut_down:control->manual|no_speed_development:control->brake_hydraulic|high_yaw_load:yaw->external,warning:Error brake resistor CHP->brake_hydraulic|warning:Check time synchronization->control|warning:Time sync. failed (SNTP error)->control|stop:WEC shut down->manual|stop:No speed development->brake_hydraulic|stop:High yaw load->external,4213,9386.501584975991,86.58657471323887,8.197105410534244,5.216319876226902,13.413425286761145,987,1259.0513771414053,701,489.6299478594558,977,1741.3485003248225,0.0,0,unwarned,False,,0,-2.311849617628406,,False,False,False
joint_6slots,joint,6,brake_resistor_chp:pitch->brake_hydraulic|time_sync:external->control|wec_shut_down:control->manual|no_speed_development:control->brake_hydraulic|high_yaw_load:yaw->external|cable_overload:converter->electrical,warning:Error brake resistor CHP->brake_hydraulic|warning:Check time synchronization->control|warning:Time sync. failed (SNTP error)->control|stop:WEC shut down->manual|stop:No speed development->brake_hydraulic|stop:High yaw load->external|warning:Cable overload->electrical,4213,9386.501584975991,86.58657471323887,8.197105410534244,5.216319876226902,13.413425286761145,987,1259.0513771414053,701,489.6299478594558,977,1741.3485003248225,0.0,0,unwarned,False,,0,-2.311849617628406,,False,False,False
joint_3slots,joint,3,brake_resistor_chp:pitch->brake_hydraulic|time_sync:external->control|current_asymmetry:converter->generator,warning:Error brake resistor CHP->brake_hydraulic|warning:Check time synchronization->control|warning:Time sync. failed (SNTP error)->control|stop:Current asymmetry->generator,4213,9386.501584975991,84.38538152377167,8.195582278884682,7.419036197343669,15.614618476228353,986,1465.6664107591282,701,696.3879502536059,946,1696.3201041110958,0.0,0,actionable_unacted,True,46.393055555555556,3,-0.10913329651163917,,False,False,False
joint_4slots,joint,4,brake_resistor_chp:pitch->brake_hydraulic|time_sync:external->control|current_asymmetry:converter->generator|cable_overload:converter->electrical,warning:Error brake resistor CHP->brake_hydraulic|warning:Check time synchronization->control|warning:Time sync. failed (SNTP error)->control|stop:Current asymmetry->generator|warning:Cable overload->electrical,4213,9386.501584975991,84.38538152377167,8.195582278884682,7.419036197343669,15.614618476228353,986,1465.6664107591282,701,696.3879502536059,946,1696.3201041110958,0.0,0,actionable_unacted,True,46.393055555555556,3,-0.10913329651163917,,False,False,False
joint_4slots,joint,4,brake_resistor_chp:pitch->brake_hydraulic|time_sync:external->control|current_asymmetry:converter->generator|high_yaw_load:yaw->external,warning:Error brake resistor CHP->brake_hydraulic|warning:Check time synchronization->control|warning:Time sync. failed (SNTP error)->control|stop:Current asymmetry->generator|stop:High yaw load->external,4213,9386.501584975991,84.38538152377167,8.195582278884682,7.419036197343669,15.614618476228353,986,1465.6664107591282,701,696.3879502536059,946,1696.3201041110958,0.0,0,actionable_unacted,True,46.393055555555556,3,-0.10913329651163917,,False,False,False
joint_5slots,joint,5,brake_resistor_chp:pitch->brake_hydraulic|time_sync:external->control|current_asymmetry:converter->generator|high_yaw_load:yaw->external|cable_overload:converter->electrical,warning:Error brake resistor CHP->brake_hydraulic|warning:Check time synchronization->control|warning:Time sync. failed (SNTP error)->control|stop:Current asymmetry->generator|stop:High yaw load->external|warning:Cable overload->electrical,4213,9386.501584975991,84.38538152377167,8.195582278884682,7.419036197343669,15.614618476228353,986,1465.6664107591282,701,696.3879502536059,946,1696.3201041110958,0.0,0,actionable_unacted,True,46.393055555555556,3,-0.10913329651163917,,False,False,False
joint_4slots,joint,4,brake_resistor_chp:pitch->brake_hydraulic|time_sync:external->control|current_asymmetry:converter->generator|no_speed_development:control->pitch,warning:Error brake resistor CHP->brake_hydraulic|warning:Check time synchronization->control|warning:Time sync. failed (SNTP error)->control|stop:Current asymmetry->generator|stop:No speed development->pitch,4213,9386.501584975991,84.3003871708585,8.195582278884682,7.504030550256822,15.699612829141504,987,1473.6444070424614,702,704.3659465369392,946,1696.3201041110958,0.0,0,actionable_unacted,True,46.393055555555556,3,-0.02413894359848623,,False,False,False
joint_5slots,joint,5,brake_resistor_chp:pitch->brake_hydraulic|time_sync:external->control|current_asymmetry:converter->generator|no_speed_development:control->pitch|cable_overload:converter->electrical,warning:Error brake resistor CHP->brake_hydraulic|warning:Check time synchronization->control|warning:Time sync. failed (SNTP error)->control|stop:Current asymmetry->generator|stop:No speed development->pitch|warning:Cable overload->electrical,4213,9386.501584975991,84.3003871708585,8.195582278884682,7.504030550256822,15.699612829141504,987,1473.6444070424614,702,704.3659465369392,946,1696.3201041110958,0.0,0,actionable_unacted,True,46.393055555555556,3,-0.02413894359848623,,False,False,False
joint_5slots,joint,5,brake_resistor_chp:pitch->brake_hydraulic|time_sync:external->control|current_asymmetry:converter->generator|no_speed_development:control->pitch|high_yaw_load:yaw->external,warning:Error brake resistor CHP->brake_hydraulic|warning:Check time synchronization->control|warning:Time sync. failed (SNTP error)->control|stop:Current asymmetry->generator|stop:No speed development->pitch|stop:High yaw load->external,4213,9386.501584975991,84.3003871708585,8.195582278884682,7.504030550256822,15.699612829141504,987,1473.6444070424614,702,704.3659465369392,946,1696.3201041110958,0.0,0,actionable_unacted,True,46.393055555555556,3,-0.02413894359848623,,False,False,False
joint_6slots,joint,6,brake_resistor_chp:pitch->brake_hydraulic|time_sync:external->control|current_asymmetry:converter->generator|no_speed_development:control->pitch|high_yaw_load:yaw->external|cable_overload:converter->electrical,warning:Error brake resistor CHP->brake_hydraulic|warning:Check time synchronization->control|warning:Time sync. failed (SNTP error)->control|stop:Current asymmetry->generator|stop:No speed development->pitch|stop:High yaw load->external|warning:Cable overload->electrical,4213,9386.501584975991,84.3003871708585,8.195582278884682,7.504030550256822,15.699612829141504,987,1473.6444070424614,702,704.3659465369392,946,1696.3201041110958,0.0,0,actionable_unacted,True,46.393055555555556,3,-0.02413894359848623,,False,False,False
joint_4slots,joint,4,brake_resistor_chp:pitch->brake_hydraulic|time_sync:external->control|current_asymmetry:converter->generator|no_speed_development:control->brake_hydraulic,warning:Error brake resistor CHP->brake_hydraulic|warning:Check time synchronization->control|warning:Time sync. failed (SNTP error)->control|stop:Current asymmetry->generator|stop:No speed development->brake_hydraulic,4213,9386.501584975991,84.29570478693917,8.197105410534244,7.507189802526603,15.704295213060849,989,1474.0839190832653,703,704.6624898013156,946,1696.3201041110958,0.0,0,actionable_unacted,True,46.393055555555556,3,-0.02097969132870503,,False,False,False
joint_5slots,joint,5,brake_resistor_chp:pitch->brake_hydraulic|time_sync:external->control|current_asymmetry:converter->generator|no_speed_development:control->brake_hydraulic|cable_overload:converter->electrical,warning:Error brake resistor CHP->brake_hydraulic|warning:Check time synchronization->control|warning:Time sync. failed (SNTP error)->control|stop:Current asymmetry->generator|stop:No speed development->brake_hydraulic|warning:Cable overload->electrical,4213,9386.501584975991,84.29570478693917,8.197105410534244,7.507189802526603,15.704295213060849,989,1474.0839190832653,703,704.6624898013156,946,1696.3201041110958,0.0,0,actionable_unacted,True,46.393055555555556,3,-0.02097969132870503,,False,False,False
joint_5slots,joint,5,brake_resistor_chp:pitch->brake_hydraulic|time_sync:external->control|current_asymmetry:converter->generator|no_speed_development:control->brake_hydraulic|high_yaw_load:yaw->external,warning:Error brake resistor CHP->brake_hydraulic|warning:Check time synchronization->control|warning:Time sync. failed (SNTP error)->control|stop:Current asymmetry->generator|stop:No speed development->brake_hydraulic|stop:High yaw load->external,4213,9386.501584975991,84.29570478693917,8.197105410534244,7.507189802526603,15.704295213060849,989,1474.0839190832653,703,704.6624898013156,946,1696.3201041110958,0.0,0,actionable_unacted,True,46.393055555555556,3,-0.02097969132870503,,False,False,False
joint_6slots,joint,6,brake_resistor_chp:pitch->brake_hydraulic|time_sync:external->control|current_asymmetry:converter->generator|no_speed_development:control->brake_hydraulic|high_yaw_load:yaw->external|cable_overload:converter->electrical,warning:Error brake resistor CHP->brake_hydraulic|warning:Check time synchronization->control|warning:Time sync. failed (SNTP error)->control|stop:Current asymmetry->generator|stop:No speed development->brake_hydraulic|stop:High yaw load->external|warning:Cable overload->electrical,4213,9386.501584975991,84.29570478693917,8.197105410534244,7.507189802526603,15.704295213060849,989,1474.0839190832653,703,704.6624898013156,946,1696.3201041110958,0.0,0,actionable_unacted,True,46.393055555555556,3,-0.02097969132870503,,False,False,False
joint_4slots,joint,4,brake_resistor_chp:pitch->brake_hydraulic|time_sync:external->control|current_asymmetry:converter->generator|wec_shut_down:control->manual,warning:Error brake resistor CHP->brake_hydraulic|warning:Check time synchronization->control|warning:Time sync. failed (SNTP error)->control|stop:Current asymmetry->generator|stop:WEC shut down->manual,4213,9386.501584975991,86.67625145007136,8.195582278884682,5.128166271043967,13.323748549928649,984,1250.6338688172682,699,481.35540831174615,946,1696.3201041110958,0.0,0,unwarned,False,,0,-2.400003222811341,,False,False,False
joint_5slots,joint,5,brake_resistor_chp:pitch->brake_hydraulic|time_sync:external->control|current_asymmetry:converter->generator|wec_shut_down:control->manual|cable_overload:converter->electrical,warning:Error brake resistor CHP->brake_hydraulic|warning:Check time synchronization->control|warning:Time sync. failed (SNTP error)->control|stop:Current asymmetry->generator|stop:WEC shut down->manual|warning:Cable overload->electrical,4213,9386.501584975991,86.67625145007136,8.195582278884682,5.128166271043967,13.323748549928649,984,1250.6338688172682,699,481.35540831174615,946,1696.3201041110958,0.0,0,unwarned,False,,0,-2.400003222811341,,False,False,False
joint_5slots,joint,5,brake_resistor_chp:pitch->brake_hydraulic|time_sync:external->control|current_asymmetry:converter->generator|wec_shut_down:control->manual|high_yaw_load:yaw->external,warning:Error brake resistor CHP->brake_hydraulic|warning:Check time synchronization->control|warning:Time sync. failed (SNTP error)->control|stop:Current asymmetry->generator|stop:WEC shut down->manual|stop:High yaw load->external,4213,9386.501584975991,86.67625145007136,8.195582278884682,5.128166271043967,13.323748549928649,984,1250.6338688172682,699,481.35540831174615,946,1696.3201041110958,0.0,0,unwarned,False,,0,-2.400003222811341,,False,False,False
joint_6slots,joint,6,brake_resistor_chp:pitch->brake_hydraulic|time_sync:external->control|current_asymmetry:converter->generator|wec_shut_down:control->manual|high_yaw_load:yaw->external|cable_overload:converter->electrical,warning:Error brake resistor CHP->brake_hydraulic|warning:Check time synchronization->control|warning:Time sync. failed (SNTP error)->control|stop:Current asymmetry->generator|stop:WEC shut down->manual|stop:High yaw load->external|warning:Cable overload->electrical,4213,9386.501584975991,86.67625145007136,8.195582278884682,5.128166271043967,13.323748549928649,984,1250.6338688172682,699,481.35540831174615,946,1696.3201041110958,0.0,0,unwarned,False,,0,-2.400003222811341,,False,False,False
joint_5slots,joint,5,brake_resistor_chp:pitch->brake_hydraulic|time_sync:external->control|current_asymmetry:converter->generator|wec_shut_down:control->manual|no_speed_development:control->pitch,warning:Error brake resistor CHP->brake_hydraulic|warning:Check time synchronization->control|warning:Time sync. failed (SNTP error)->control|stop:Current asymmetry->generator|stop:WEC shut down->manual|stop:No speed development->pitch,4213,9386.501584975991,86.59125709715819,8.195582278884682,5.213160623957122,13.408742902841807,985,1258.6118651006018,700,489.3334045950795,946,1696.3201041110958,0.0,0,unwarned,False,,0,-2.315008869898186,,False,False,False
joint_6slots,joint,6,brake_resistor_chp:pitch->brake_hydraulic|time_sync:external->control|current_asymmetry:converter->generator|wec_shut_down:control->manual|no_speed_development:control->pitch|cable_overload:converter->electrical,warning:Error brake resistor CHP->brake_hydraulic|warning:Check time synchronization->control|warning:Time sync. failed (SNTP error)->control|stop:Current asymmetry->generator|stop:WEC shut down->manual|stop:No speed development->pitch|warning:Cable overload->electrical,4213,9386.501584975991,86.59125709715819,8.195582278884682,5.213160623957122,13.408742902841807,985,1258.6118651006018,700,489.3334045950795,946,1696.3201041110958,0.0,0,unwarned,False,,0,-2.315008869898186,,False,False,False
joint_6slots,joint,6,brake_resistor_chp:pitch->brake_hydraulic|time_sync:external->control|current_asymmetry:converter->generator|wec_shut_down:control->manual|no_speed_development:control->pitch|high_yaw_load:yaw->external,warning:Error brake resistor CHP->brake_hydraulic|warning:Check time synchronization->control|warning:Time sync. failed (SNTP error)->control|stop:Current asymmetry->generator|stop:WEC shut down->manual|stop:No speed development->pitch|stop:High yaw load->external,4213,9386.501584975991,86.59125709715819,8.195582278884682,5.213160623957122,13.408742902841807,985,1258.6118651006018,700,489.3334045950795,946,1696.3201041110958,0.0,0,unwarned,False,,0,-2.315008869898186,,False,False,False
joint_7slots,joint,7,brake_resistor_chp:pitch->brake_hydraulic|time_sync:external->control|current_asymmetry:converter->generator|wec_shut_down:control->manual|no_speed_development:control->pitch|high_yaw_load:yaw->external|cable_overload:converter->electrical,warning:Error brake resistor CHP->brake_hydraulic|warning:Check time synchronization->control|warning:Time sync. failed (SNTP error)->control|stop:Current asymmetry->generator|stop:WEC shut down->manual|stop:No speed development->pitch|stop:High yaw load->external|warning:Cable overload->electrical,4213,9386.501584975991,86.59125709715819,8.195582278884682,5.213160623957122,13.408742902841807,985,1258.6118651006018,700,489.3334045950795,946,1696.3201041110958,0.0,0,unwarned,False,,0,-2.315008869898186,,False,False,False
joint_5slots,joint,5,brake_resistor_chp:pitch->brake_hydraulic|time_sync:external->control|current_asymmetry:converter->generator|wec_shut_down:control->manual|no_speed_development:control->brake_hydraulic,warning:Error brake resistor CHP->brake_hydraulic|warning:Check time synchronization->control|warning:Time sync. failed (SNTP error)->control|stop:Current asymmetry->generator|stop:WEC shut down->manual|stop:No speed development->brake_hydraulic,4213,9386.501584975991,86.58657471323887,8.197105410534244,5.216319876226902,13.413425286761145,987,1259.0513771414053,701,489.6299478594558,946,1696.3201041110958,0.0,0,unwarned,False,,0,-2.311849617628406,,False,False,False
joint_6slots,joint,6,brake_resistor_chp:pitch->brake_hydraulic|time_sync:external->control|current_asymmetry:converter->generator|wec_shut_down:control->manual|no_speed_development:control->brake_hydraulic|cable_overload:converter->electrical,warning:Error brake resistor CHP->brake_hydraulic|warning:Check time synchronization->control|warning:Time sync. failed (SNTP error)->control|stop:Current asymmetry->generator|stop:WEC shut down->manual|stop:No speed development->brake_hydraulic|warning:Cable overload->electrical,4213,9386.501584975991,86.58657471323887,8.197105410534244,5.216319876226902,13.413425286761145,987,1259.0513771414053,701,489.6299478594558,946,1696.3201041110958,0.0,0,unwarned,False,,0,-2.311849617628406,,False,False,False
joint_6slots,joint,6,brake_resistor_chp:pitch->brake_hydraulic|time_sync:external->control|current_asymmetry:converter->generator|wec_shut_down:control->manual|no_speed_development:control->brake_hydraulic|high_yaw_load:yaw->external,warning:Error brake resistor CHP->brake_hydraulic|warning:Check time synchronization->control|warning:Time sync. failed (SNTP error)->control|stop:Current asymmetry->generator|stop:WEC shut down->manual|stop:No speed development->brake_hydraulic|stop:High yaw load->external,4213,9386.501584975991,86.58657471323887,8.197105410534244,5.216319876226902,13.413425286761145,987,1259.0513771414053,701,489.6299478594558,946,1696.3201041110958,0.0,0,unwarned,False,,0,-2.311849617628406,,False,False,False
joint_7slots,joint,7,brake_resistor_chp:pitch->brake_hydraulic|time_sync:external->control|current_asymmetry:converter->generator|wec_shut_down:control->manual|no_speed_development:control->brake_hydraulic|high_yaw_load:yaw->external|cable_overload:converter->electrical,warning:Error brake resistor CHP->brake_hydraulic|warning:Check time synchronization->control|warning:Time sync. failed (SNTP error)->control|stop:Current asymmetry->generator|stop:WEC shut down->manual|stop:No speed development->brake_hydraulic|stop:High yaw load->external|warning:Cable overload->electrical,4213,9386.501584975991,86.58657471323887,8.197105410534244,5.216319876226902,13.413425286761145,987,1259.0513771414053,701,489.6299478594558,946,1696.3201041110958,0.0,0,unwarned,False,,0,-2.311849617628406,,False,False,False
joint_3slots,joint,3,brake_resistor_chp:pitch->brake_hydraulic|time_sync:external->control|cms_drivetrain:comms->drivetrain,warning:Error brake resistor CHP->brake_hydraulic|warning:Check time synchronization->control|warning:Time sync. failed (SNTP error)->control|warning:Comm.err. IEC server <- CMS drive tr.->drivetrain|warning:Comm.err. IEC client -> CMS drive tr.->drivetrain|warning:CMS drive train system error->drivetrain,4213,9386.501584975991,84.3508964989622,8.19646264066115,7.4526408603766665,15.649103501037814,1000,1468.903348159448,711,699.5422524818241,977,1741.3485003248225,0.0,0,actionable_unacted,True,46.393055555555556,3,-0.07552863347864136,,False,False,False
joint_4slots,joint,4,brake_resistor_chp:pitch->brake_hydraulic|time_sync:external->control|cms_drivetrain:comms->drivetrain|cable_overload:converter->electrical,warning:Error brake resistor CHP->brake_hydraulic|warning:Check time synchronization->control|warning:Time sync. failed (SNTP error)->control|warning:Comm.err. IEC server <- CMS drive tr.->drivetrain|warning:Comm.err. IEC client -> CMS drive tr.->drivetrain|warning:CMS drive train system error->drivetrain|warning:Cable overload->electrical,4213,9386.501584975991,84.3508964989622,8.19646264066115,7.4526408603766665,15.649103501037814,1000,1468.903348159448,711,699.5422524818241,977,1741.3485003248225,0.0,0,actionable_unacted,True,46.393055555555556,3,-0.07552863347864136,,False,False,False
joint_4slots,joint,4,brake_resistor_chp:pitch->brake_hydraulic|time_sync:external->control|cms_drivetrain:comms->drivetrain|high_yaw_load:yaw->external,warning:Error brake resistor CHP->brake_hydraulic|warning:Check time synchronization->control|warning:Time sync. failed (SNTP error)->control|warning:Comm.err. IEC server <- CMS drive tr.->drivetrain|warning:Comm.err. IEC client -> CMS drive tr.->drivetrain|warning:CMS drive train system error->drivetrain|stop:High yaw load->external,4213,9386.501584975991,84.3508964989622,8.19646264066115,7.4526408603766665,15.649103501037814,1000,1468.903348159448,711,699.5422524818241,977,1741.3485003248225,0.0,0,actionable_unacted,True,46.393055555555556,3,-0.07552863347864136,,False,False,False
joint_5slots,joint,5,brake_resistor_chp:pitch->brake_hydraulic|time_sync:external->control|cms_drivetrain:comms->drivetrain|high_yaw_load:yaw->external|cable_overload:converter->electrical,warning:Error brake resistor CHP->brake_hydraulic|warning:Check time synchronization->control|warning:Time sync. failed (SNTP error)->control|warning:Comm.err. IEC server <- CMS drive tr.->drivetrain|warning:Comm.err. IEC client -> CMS drive tr.->drivetrain|warning:CMS drive train system error->drivetrain|stop:High yaw load->external|warning:Cable overload->electrical,4213,9386.501584975991,84.3508964989622,8.19646264066115,7.4526408603766665,15.649103501037814,1000,1468.903348159448,711,699.5422524818241,977,1741.3485003248225,0.0,0,actionable_unacted,True,46.393055555555556,3,-0.07552863347864136,,False,False,False
joint_4slots,joint,4,brake_resistor_chp:pitch->brake_hydraulic|time_sync:external->control|cms_drivetrain:comms->drivetrain|no_speed_development:control->pitch,warning:Error brake resistor CHP->brake_hydraulic|warning:Check time synchronization->control|warning:Time sync. failed (SNTP error)->control|warning:Comm.err. IEC server <- CMS drive tr.->drivetrain|warning:Comm.err. IEC client -> CMS drive tr.->drivetrain|warning:CMS drive train system error->drivetrain|stop:No speed development->pitch,4213,9386.501584975991,84.26590214604904,8.19646264066115,7.53763521328982,15.734097853950972,1001,1476.8813444427815,712,707.5202487651575,977,1741.3485003248225,0.0,0,actionable_unacted,True,46.393055555555556,3,0.009465719434512465,,False,False,False
joint_5slots,joint,5,brake_resistor_chp:pitch->brake_hydraulic|time_sync:external->control|cms_drivetrain:comms->drivetrain|no_speed_development:control->pitch|cable_overload:converter->electrical,warning:Error brake resistor CHP->brake_hydraulic|warning:Check time synchronization->control|warning:Time sync. failed (SNTP error)->control|warning:Comm.err. IEC server <- CMS drive tr.->drivetrain|warning:Comm.err. IEC client -> CMS drive tr.->drivetrain|warning:CMS drive train system error->drivetrain|stop:No speed development->pitch|warning:Cable overload->electrical,4213,9386.501584975991,84.26590214604904,8.19646264066115,7.53763521328982,15.734097853950972,1001,1476.8813444427815,712,707.5202487651575,977,1741.3485003248225,0.0,0,actionable_unacted,True,46.393055555555556,3,0.009465719434512465,,False,False,False
joint_5slots,joint,5,brake_resistor_chp:pitch->brake_hydraulic|time_sync:external->control|cms_drivetrain:comms->drivetrain|no_speed_development:control->pitch|high_yaw_load:yaw->external,warning:Error brake resistor CHP->brake_hydraulic|warning:Check time synchronization->control|warning:Time sync. failed (SNTP error)->control|warning:Comm.err. IEC server <- CMS drive tr.->drivetrain|warning:Comm.err. IEC client -> CMS drive tr.->drivetrain|warning:CMS drive train system error->drivetrain|stop:No speed development->pitch|stop:High yaw load->external,4213,9386.501584975991,84.26590214604904,8.19646264066115,7.53763521328982,15.734097853950972,1001,1476.8813444427815,712,707.5202487651575,977,1741.3485003248225,0.0,0,actionable_unacted,True,46.393055555555556,3,0.009465719434512465,,False,False,False
joint_6slots,joint,6,brake_resistor_chp:pitch->brake_hydraulic|time_sync:external->control|cms_drivetrain:comms->drivetrain|no_speed_development:control->pitch|high_yaw_load:yaw->external|cable_overload:converter->electrical,warning:Error brake resistor CHP->brake_hydraulic|warning:Check time synchronization->control|warning:Time sync. failed (SNTP error)->control|warning:Comm.err. IEC server <- CMS drive tr.->drivetrain|warning:Comm.err. IEC client -> CMS drive tr.->drivetrain|warning:CMS drive train system error->drivetrain|stop:No speed development->pitch|stop:High yaw load->external|warning:Cable overload->electrical,4213,9386.501584975991,84.26590214604904,8.19646264066115,7.53763521328982,15.734097853950972,1001,1476.8813444427815,712,707.5202487651575,977,1741.3485003248225,0.0,0,actionable_unacted,True,46.393055555555556,3,0.009465719434512465,,False,False,False
joint_4slots,joint,4,brake_resistor_chp:pitch->brake_hydraulic|time_sync:external->control|cms_drivetrain:comms->drivetrain|no_speed_development:control->brake_hydraulic,warning:Error brake resistor CHP->brake_hydraulic|warning:Check time synchronization->control|warning:Time sync. failed (SNTP error)->control|warning:Comm.err. IEC server <- CMS drive tr.->drivetrain|warning:Comm.err. IEC client -> CMS drive tr.->drivetrain|warning:CMS drive train system error->drivetrain|stop:No speed development->brake_hydraulic,4213,9386.501584975991,84.2612197621297,8.19798577231071,7.5407944655596015,15.738780237870314,1003,1477.320856483585,713,707.8167920295339,977,1741.3485003248225,0.0,0,actionable_unacted,True,46.393055555555556,3,0.012624971704293664,,False,False,False
joint_5slots,joint,5,brake_resistor_chp:pitch->brake_hydraulic|time_sync:external->control|cms_drivetrain:comms->drivetrain|no_speed_development:control->brake_hydraulic|cable_overload:converter->electrical,warning:Error brake resistor CHP->brake_hydraulic|warning:Check time synchronization->control|warning:Time sync. failed (SNTP error)->control|warning:Comm.err. IEC server <- CMS drive tr.->drivetrain|warning:Comm.err. IEC client -> CMS drive tr.->drivetrain|warning:CMS drive train system error->drivetrain|stop:No speed development->brake_hydraulic|warning:Cable overload->electrical,4213,9386.501584975991,84.2612197621297,8.19798577231071,7.5407944655596015,15.738780237870314,1003,1477.320856483585,713,707.8167920295339,977,1741.3485003248225,0.0,0,actionable_unacted,True,46.393055555555556,3,0.012624971704293664,,False,False,False
joint_5slots,joint,5,brake_resistor_chp:pitch->brake_hydraulic|time_sync:external->control|cms_drivetrain:comms->drivetrain|no_speed_development:control->brake_hydraulic|high_yaw_load:yaw->external,warning:Error brake resistor CHP->brake_hydraulic|warning:Check time synchronization->control|warning:Time sync. failed (SNTP error)->control|warning:Comm.err. IEC server <- CMS drive tr.->drivetrain|warning:Comm.err. IEC client -> CMS drive tr.->drivetrain|warning:CMS drive train system error->drivetrain|stop:No speed development->brake_hydraulic|stop:High yaw load->external,4213,9386.501584975991,84.2612197621297,8.19798577231071,7.5407944655596015,15.738780237870314,1003,1477.320856483585,713,707.8167920295339,977,1741.3485003248225,0.0,0,actionable_unacted,True,46.393055555555556,3,0.012624971704293664,,False,False,False
joint_6slots,joint,6,brake_resistor_chp:pitch->brake_hydraulic|time_sync:external->control|cms_drivetrain:comms->drivetrain|no_speed_development:control->brake_hydraulic|high_yaw_load:yaw->external|cable_overload:converter->electrical,warning:Error brake resistor CHP->brake_hydraulic|warning:Check time synchronization->control|warning:Time sync. failed (SNTP error)->control|warning:Comm.err. IEC server <- CMS drive tr.->drivetrain|warning:Comm.err. IEC client -> CMS drive tr.->drivetrain|warning:CMS drive train system error->drivetrain|stop:No speed development->brake_hydraulic|stop:High yaw load->external|warning:Cable overload->electrical,4213,9386.501584975991,84.2612197621297,8.19798577231071,7.5407944655596015,15.738780237870314,1003,1477.320856483585,713,707.8167920295339,977,1741.3485003248225,0.0,0,actionable_unacted,True,46.393055555555556,3,0.012624971704293664,,False,False,False
joint_4slots,joint,4,brake_resistor_chp:pitch->brake_hydraulic|time_sync:external->control|cms_drivetrain:comms->drivetrain|wec_shut_down:control->manual,warning:Error brake resistor CHP->brake_hydraulic|warning:Check time synchronization->control|warning:Time sync. failed (SNTP error)->control|warning:Comm.err. IEC server <- CMS drive tr.->drivetrain|warning:Comm.err. IEC client -> CMS drive tr.->drivetrain|warning:CMS drive train system error->drivetrain|stop:WEC shut down->manual,4213,9386.501584975991,86.6417664252619,8.19646264066115,5.161770934076965,13.358233574738112,998,1253.8708062175879,709,484.5097105399643,977,1741.3485003248225,0.0,0,unwarned,False,,0,-2.366398559778343,,False,False,False
joint_5slots,joint,5,brake_resistor_chp:pitch->brake_hydraulic|time_sync:external->control|cms_drivetrain:comms->drivetrain|wec_shut_down:control->manual|cable_overload:converter->electrical,warning:Error brake resistor CHP->brake_hydraulic|warning:Check time synchronization->control|warning:Time sync. failed (SNTP error)->control|warning:Comm.err. IEC server <- CMS drive tr.->drivetrain|warning:Comm.err. IEC client -> CMS drive tr.->drivetrain|warning:CMS drive train system error->drivetrain|stop:WEC shut down->manual|warning:Cable overload->electrical,4213,9386.501584975991,86.6417664252619,8.19646264066115,5.161770934076965,13.358233574738112,998,1253.8708062175879,709,484.5097105399643,977,1741.3485003248225,0.0,0,unwarned,False,,0,-2.366398559778343,,False,False,False
joint_5slots,joint,5,brake_resistor_chp:pitch->brake_hydraulic|time_sync:external->control|cms_drivetrain:comms->drivetrain|wec_shut_down:control->manual|high_yaw_load:yaw->external,warning:Error brake resistor CHP->brake_hydraulic|warning:Check time synchronization->control|warning:Time sync. failed (SNTP error)->control|warning:Comm.err. IEC server <- CMS drive tr.->drivetrain|warning:Comm.err. IEC client -> CMS drive tr.->drivetrain|warning:CMS drive train system error->drivetrain|stop:WEC shut down->manual|stop:High yaw load->external,4213,9386.501584975991,86.6417664252619,8.19646264066115,5.161770934076965,13.358233574738112,998,1253.8708062175879,709,484.5097105399643,977,1741.3485003248225,0.0,0,unwarned,False,,0,-2.366398559778343,,False,False,False
joint_6slots,joint,6,brake_resistor_chp:pitch->brake_hydraulic|time_sync:external->control|cms_drivetrain:comms->drivetrain|wec_shut_down:control->manual|high_yaw_load:yaw->external|cable_overload:converter->electrical,warning:Error brake resistor CHP->brake_hydraulic|warning:Check time synchronization->control|warning:Time sync. failed (SNTP error)->control|warning:Comm.err. IEC server <- CMS drive tr.->drivetrain|warning:Comm.err. IEC client -> CMS drive tr.->drivetrain|warning:CMS drive train system error->drivetrain|stop:WEC shut down->manual|stop:High yaw load->external|warning:Cable overload->electrical,4213,9386.501584975991,86.6417664252619,8.19646264066115,5.161770934076965,13.358233574738112,998,1253.8708062175879,709,484.5097105399643,977,1741.3485003248225,0.0,0,unwarned,False,,0,-2.366398559778343,,False,False,False
joint_5slots,joint,5,brake_resistor_chp:pitch->brake_hydraulic|time_sync:external->control|cms_drivetrain:comms->drivetrain|wec_shut_down:control->manual|no_speed_development:control->pitch,warning:Error brake resistor CHP->brake_hydraulic|warning:Check time synchronization->control|warning:Time sync. failed (SNTP error)->control|warning:Comm.err. IEC server <- CMS drive tr.->drivetrain|warning:Comm.err. IEC client -> CMS drive tr.->drivetrain|warning:CMS drive train system error->drivetrain|stop:WEC shut down->manual|stop:No speed development->pitch,4213,9386.501584975991,86.55677207234875,8.19646264066115,5.24676528699012,13.443227927651268,999,1261.8488025009212,710,492.4877068232977,977,1741.3485003248225,0.0,0,unwarned,False,,0,-2.2814042068651883,,False,False,False
joint_6slots,joint,6,brake_resistor_chp:pitch->brake_hydraulic|time_sync:external->control|cms_drivetrain:comms->drivetrain|wec_shut_down:control->manual|no_speed_development:control->pitch|cable_overload:converter->electrical,warning:Error brake resistor CHP->brake_hydraulic|warning:Check time synchronization->control|warning:Time sync. failed (SNTP error)->control|warning:Comm.err. IEC server <- CMS drive tr.->drivetrain|warning:Comm.err. IEC client -> CMS drive tr.->drivetrain|warning:CMS drive train system error->drivetrain|stop:WEC shut down->manual|stop:No speed development->pitch|warning:Cable overload->electrical,4213,9386.501584975991,86.55677207234875,8.19646264066115,5.24676528699012,13.443227927651268,999,1261.8488025009212,710,492.4877068232977,977,1741.3485003248225,0.0,0,unwarned,False,,0,-2.2814042068651883,,False,False,False
joint_6slots,joint,6,brake_resistor_chp:pitch->brake_hydraulic|time_sync:external->control|cms_drivetrain:comms->drivetrain|wec_shut_down:control->manual|no_speed_development:control->pitch|high_yaw_load:yaw->external,warning:Error brake resistor CHP->brake_hydraulic|warning:Check time synchronization->control|warning:Time sync. failed (SNTP error)->control|warning:Comm.err. IEC server <- CMS drive tr.->drivetrain|warning:Comm.err. IEC client -> CMS drive tr.->drivetrain|warning:CMS drive train system error->drivetrain|stop:WEC shut down->manual|stop:No speed development->pitch|stop:High yaw load->external,4213,9386.501584975991,86.55677207234875,8.19646264066115,5.24676528699012,13.443227927651268,999,1261.8488025009212,710,492.4877068232977,977,1741.3485003248225,0.0,0,unwarned,False,,0,-2.2814042068651883,,False,False,False
joint_7slots,joint,7,brake_resistor_chp:pitch->brake_hydraulic|time_sync:external->control|cms_drivetrain:comms->drivetrain|wec_shut_down:control->manual|no_speed_development:control->pitch|high_yaw_load:yaw->external|cable_overload:converter->electrical,warning:Error brake resistor CHP->brake_hydraulic|warning:Check time synchronization->control|warning:Time sync. failed (SNTP error)->control|warning:Comm.err. IEC server <- CMS drive tr.->drivetrain|warning:Comm.err. IEC client -> CMS drive tr.->drivetrain|warning:CMS drive train system error->drivetrain|stop:WEC shut down->manual|stop:No speed development->pitch|stop:High yaw load->external|warning:Cable overload->electrical,4213,9386.501584975991,86.55677207234875,8.19646264066115,5.24676528699012,13.443227927651268,999,1261.8488025009212,710,492.4877068232977,977,1741.3485003248225,0.0,0,unwarned,False,,0,-2.2814042068651883,,False,False,False
joint_5slots,joint,5,brake_resistor_chp:pitch->brake_hydraulic|time_sync:external->control|cms_drivetrain:comms->drivetrain|wec_shut_down:control->manual|no_speed_development:control->brake_hydraulic,warning:Error brake resistor CHP->brake_hydraulic|warning:Check time synchronization->control|warning:Time sync. failed (SNTP error)->control|warning:Comm.err. IEC server <- CMS drive tr.->drivetrain|warning:Comm.err. IEC client -> CMS drive tr.->drivetrain|warning:CMS drive train system error->drivetrain|stop:WEC shut down->manual|stop:No speed development->brake_hydraulic,4213,9386.501584975991,86.5520896884294,8.19798577231071,5.249924539259899,13.44791031157061,1001,1262.288314541725,711,492.78425008767397,977,1741.3485003248225,0.0,0,unwarned,False,,0,-2.278244954595409,,False,False,False
joint_6slots,joint,6,brake_resistor_chp:pitch->brake_hydraulic|time_sync:external->control|cms_drivetrain:comms->drivetrain|wec_shut_down:control->manual|no_speed_development:control->brake_hydraulic|cable_overload:converter->electrical,warning:Error brake resistor CHP->brake_hydraulic|warning:Check time synchronization->control|warning:Time sync. failed (SNTP error)->control|warning:Comm.err. IEC server <- CMS drive tr.->drivetrain|warning:Comm.err. IEC client -> CMS drive tr.->drivetrain|warning:CMS drive train system error->drivetrain|stop:WEC shut down->manual|stop:No speed development->brake_hydraulic|warning:Cable overload->electrical,4213,9386.501584975991,86.5520896884294,8.19798577231071,5.249924539259899,13.44791031157061,1001,1262.288314541725,711,492.78425008767397,977,1741.3485003248225,0.0,0,unwarned,False,,0,-2.278244954595409,,False,False,False
joint_6slots,joint,6,brake_resistor_chp:pitch->brake_hydraulic|time_sync:external->control|cms_drivetrain:comms->drivetrain|wec_shut_down:control->manual|no_speed_development:control->brake_hydraulic|high_yaw_load:yaw->external,warning:Error brake resistor CHP->brake_hydraulic|warning:Check time synchronization->control|warning:Time sync. failed (SNTP error)->control|warning:Comm.err. IEC server <- CMS drive tr.->drivetrain|warning:Comm.err. IEC client -> CMS drive tr.->drivetrain|warning:CMS drive train system error->drivetrain|stop:WEC shut down->manual|stop:No speed development->brake_hydraulic|stop:High yaw load->external,4213,9386.501584975991,86.5520896884294,8.19798577231071,5.249924539259899,13.44791031157061,1001,1262.288314541725,711,492.78425008767397,977,1741.3485003248225,0.0,0,unwarned,False,,0,-2.278244954595409,,False,False,False
joint_7slots,joint,7,brake_resistor_chp:pitch->brake_hydraulic|time_sync:external->control|cms_drivetrain:comms->drivetrain|wec_shut_down:control->manual|no_speed_development:control->brake_hydraulic|high_yaw_load:yaw->external|cable_overload:converter->electrical,warning:Error brake resistor CHP->brake_hydraulic|warning:Check time synchronization->control|warning:Time sync. failed (SNTP error)->control|warning:Comm.err. IEC server <- CMS drive tr.->drivetrain|warning:Comm.err. IEC client -> CMS drive tr.->drivetrain|warning:CMS drive train system error->drivetrain|stop:WEC shut down->manual|stop:No speed development->brake_hydraulic|stop:High yaw load->external|warning:Cable overload->electrical,4213,9386.501584975991,86.5520896884294,8.19798577231071,5.249924539259899,13.44791031157061,1001,1262.288314541725,711,492.78425008767397,977,1741.3485003248225,0.0,0,unwarned,False,,0,-2.278244954595409,,False,False,False
joint_4slots,joint,4,brake_resistor_chp:pitch->brake_hydraulic|time_sync:external->control|cms_drivetrain:comms->drivetrain|current_asymmetry:converter->generator,warning:Error brake resistor CHP->brake_hydraulic|warning:Check time synchronization->control|warning:Time sync. failed (SNTP error)->control|warning:Comm.err. IEC server <- CMS drive tr.->drivetrain|warning:Comm.err. IEC client -> CMS drive tr.->drivetrain|warning:CMS drive train system error->drivetrain|stop:Current asymmetry->generator,4213,9386.501584975991,84.3508964989622,8.19646264066115,7.4526408603766665,15.649103501037814,1000,1468.903348159448,711,699.5422524818241,946,1696.3201041110958,0.0,0,actionable_unacted,True,46.393055555555556,3,-0.07552863347864136,,False,False,False
joint_5slots,joint,5,brake_resistor_chp:pitch->brake_hydraulic|time_sync:external->control|cms_drivetrain:comms->drivetrain|current_asymmetry:converter->generator|cable_overload:converter->electrical,warning:Error brake resistor CHP->brake_hydraulic|warning:Check time synchronization->control|warning:Time sync. failed (SNTP error)->control|warning:Comm.err. IEC server <- CMS drive tr.->drivetrain|warning:Comm.err. IEC client -> CMS drive tr.->drivetrain|warning:CMS drive train system error->drivetrain|stop:Current asymmetry->generator|warning:Cable overload->electrical,4213,9386.501584975991,84.3508964989622,8.19646264066115,7.4526408603766665,15.649103501037814,1000,1468.903348159448,711,699.5422524818241,946,1696.3201041110958,0.0,0,actionable_unacted,True,46.393055555555556,3,-0.07552863347864136,,False,False,False
joint_5slots,joint,5,brake_resistor_chp:pitch->brake_hydraulic|time_sync:external->control|cms_drivetrain:comms->drivetrain|current_asymmetry:converter->generator|high_yaw_load:yaw->external,warning:Error brake resistor CHP->brake_hydraulic|warning:Check time synchronization->control|warning:Time sync. failed (SNTP error)->control|warning:Comm.err. IEC server <- CMS drive tr.->drivetrain|warning:Comm.err. IEC client -> CMS drive tr.->drivetrain|warning:CMS drive train system error->drivetrain|stop:Current asymmetry->generator|stop:High yaw load->external,4213,9386.501584975991,84.3508964989622,8.19646264066115,7.4526408603766665,15.649103501037814,1000,1468.903348159448,711,699.5422524818241,946,1696.3201041110958,0.0,0,actionable_unacted,True,46.393055555555556,3,-0.07552863347864136,,False,False,False
joint_6slots,joint,6,brake_resistor_chp:pitch->brake_hydraulic|time_sync:external->control|cms_drivetrain:comms->drivetrain|current_asymmetry:converter->generator|high_yaw_load:yaw->external|cable_overload:converter->electrical,warning:Error brake resistor CHP->brake_hydraulic|warning:Check time synchronization->control|warning:Time sync. failed (SNTP error)->control|warning:Comm.err. IEC server <- CMS drive tr.->drivetrain|warning:Comm.err. IEC client -> CMS drive tr.->drivetrain|warning:CMS drive train system error->drivetrain|stop:Current asymmetry->generator|stop:High yaw load->external|warning:Cable overload->electrical,4213,9386.501584975991,84.3508964989622,8.19646264066115,7.4526408603766665,15.649103501037814,1000,1468.903348159448,711,699.5422524818241,946,1696.3201041110958,0.0,0,actionable_unacted,True,46.393055555555556,3,-0.07552863347864136,,False,False,False
joint_5slots,joint,5,brake_resistor_chp:pitch->brake_hydraulic|time_sync:external->control|cms_drivetrain:comms->drivetrain|current_asymmetry:converter->generator|no_speed_development:control->pitch,warning:Error brake resistor CHP->brake_hydraulic|warning:Check time synchronization->control|warning:Time sync. failed (SNTP error)->control|warning:Comm.err. IEC server <- CMS drive tr.->drivetrain|warning:Comm.err. IEC client -> CMS drive tr.->drivetrain|warning:CMS drive train system error->drivetrain|stop:Current asymmetry->generator|stop:No speed development->pitch,4213,9386.501584975991,84.26590214604904,8.19646264066115,7.53763521328982,15.734097853950972,1001,1476.8813444427815,712,707.5202487651575,946,1696.3201041110958,0.0,0,actionable_unacted,True,46.393055555555556,3,0.009465719434512465,,False,False,False
joint_6slots,joint,6,brake_resistor_chp:pitch->brake_hydraulic|time_sync:external->control|cms_drivetrain:comms->drivetrain|current_asymmetry:converter->generator|no_speed_development:control->pitch|cable_overload:converter->electrical,warning:Error brake resistor CHP->brake_hydraulic|warning:Check time synchronization->control|warning:Time sync. failed (SNTP error)->control|warning:Comm.err. IEC server <- CMS drive tr.->drivetrain|warning:Comm.err. IEC client -> CMS drive tr.->drivetrain|warning:CMS drive train system error->drivetrain|stop:Current asymmetry->generator|stop:No speed development->pitch|warning:Cable overload->electrical,4213,9386.501584975991,84.26590214604904,8.19646264066115,7.53763521328982,15.734097853950972,1001,1476.8813444427815,712,707.5202487651575,946,1696.3201041110958,0.0,0,actionable_unacted,True,46.393055555555556,3,0.009465719434512465,,False,False,False
joint_6slots,joint,6,brake_resistor_chp:pitch->brake_hydraulic|time_sync:external->control|cms_drivetrain:comms->drivetrain|current_asymmetry:converter->generator|no_speed_development:control->pitch|high_yaw_load:yaw->external,warning:Error brake resistor CHP->brake_hydraulic|warning:Check time synchronization->control|warning:Time sync. failed (SNTP error)->control|warning:Comm.err. IEC server <- CMS drive tr.->drivetrain|warning:Comm.err. IEC client -> CMS drive tr.->drivetrain|warning:CMS drive train system error->drivetrain|stop:Current asymmetry->generator|stop:No speed development->pitch|stop:High yaw load->external,4213,9386.501584975991,84.26590214604904,8.19646264066115,7.53763521328982,15.734097853950972,1001,1476.8813444427815,712,707.5202487651575,946,1696.3201041110958,0.0,0,actionable_unacted,True,46.393055555555556,3,0.009465719434512465,,False,False,False
joint_7slots,joint,7,brake_resistor_chp:pitch->brake_hydraulic|time_sync:external->control|cms_drivetrain:comms->drivetrain|current_asymmetry:converter->generator|no_speed_development:control->pitch|high_yaw_load:yaw->external|cable_overload:converter->electrical,warning:Error brake resistor CHP->brake_hydraulic|warning:Check time synchronization->control|warning:Time sync. failed (SNTP error)->control|warning:Comm.err. IEC server <- CMS drive tr.->drivetrain|warning:Comm.err. IEC client -> CMS drive tr.->drivetrain|warning:CMS drive train system error->drivetrain|stop:Current asymmetry->generator|stop:No speed development->pitch|stop:High yaw load->external|warning:Cable overload->electrical,4213,9386.501584975991,84.26590214604904,8.19646264066115,7.53763521328982,15.734097853950972,1001,1476.8813444427815,712,707.5202487651575,946,1696.3201041110958,0.0,0,actionable_unacted,True,46.393055555555556,3,0.009465719434512465,,False,False,False
joint_5slots,joint,5,brake_resistor_chp:pitch->brake_hydraulic|time_sync:external->control|cms_drivetrain:comms->drivetrain|current_asymmetry:converter->generator|no_speed_development:control->brake_hydraulic,warning:Error brake resistor CHP->brake_hydraulic|warning:Check time synchronization->control|warning:Time sync. failed (SNTP error)->control|warning:Comm.err. IEC server <- CMS drive tr.->drivetrain|warning:Comm.err. IEC client -> CMS drive tr.->drivetrain|warning:CMS drive train system error->drivetrain|stop:Current asymmetry->generator|stop:No speed development->brake_hydraulic,4213,9386.501584975991,84.2612197621297,8.19798577231071,7.5407944655596015,15.738780237870314,1003,1477.320856483585,713,707.8167920295339,946,1696.3201041110958,0.0,0,actionable_unacted,True,46.393055555555556,3,0.012624971704293664,,False,False,False
joint_6slots,joint,6,brake_resistor_chp:pitch->brake_hydraulic|time_sync:external->control|cms_drivetrain:comms->drivetrain|current_asymmetry:converter->generator|no_speed_development:control->brake_hydraulic|cable_overload:converter->electrical,warning:Error brake resistor CHP->brake_hydraulic|warning:Check time synchronization->control|warning:Time sync. failed (SNTP error)->control|warning:Comm.err. IEC server <- CMS drive tr.->drivetrain|warning:Comm.err. IEC client -> CMS drive tr.->drivetrain|warning:CMS drive train system error->drivetrain|stop:Current asymmetry->generator|stop:No speed development->brake_hydraulic|warning:Cable overload->electrical,4213,9386.501584975991,84.2612197621297,8.19798577231071,7.5407944655596015,15.738780237870314,1003,1477.320856483585,713,707.8167920295339,946,1696.3201041110958,0.0,0,actionable_unacted,True,46.393055555555556,3,0.012624971704293664,,False,False,False
joint_6slots,joint,6,brake_resistor_chp:pitch->brake_hydraulic|time_sync:external->control|cms_drivetrain:comms->drivetrain|current_asymmetry:converter->generator|no_speed_development:control->brake_hydraulic|high_yaw_load:yaw->external,warning:Error brake resistor CHP->brake_hydraulic|warning:Check time synchronization->control|warning:Time sync. failed (SNTP error)->control|warning:Comm.err. IEC server <- CMS drive tr.->drivetrain|warning:Comm.err. IEC client -> CMS drive tr.->drivetrain|warning:CMS drive train system error->drivetrain|stop:Current asymmetry->generator|stop:No speed development->brake_hydraulic|stop:High yaw load->external,4213,9386.501584975991,84.2612197621297,8.19798577231071,7.5407944655596015,15.738780237870314,1003,1477.320856483585,713,707.8167920295339,946,1696.3201041110958,0.0,0,actionable_unacted,True,46.393055555555556,3,0.012624971704293664,,False,False,False
joint_7slots,joint,7,brake_resistor_chp:pitch->brake_hydraulic|time_sync:external->control|cms_drivetrain:comms->drivetrain|current_asymmetry:converter->generator|no_speed_development:control->brake_hydraulic|high_yaw_load:yaw->external|cable_overload:converter->electrical,warning:Error brake resistor CHP->brake_hydraulic|warning:Check time synchronization->control|warning:Time sync. failed (SNTP error)->control|warning:Comm.err. IEC server <- CMS drive tr.->drivetrain|warning:Comm.err. IEC client -> CMS drive tr.->drivetrain|warning:CMS drive train system error->drivetrain|stop:Current asymmetry->generator|stop:No speed development->brake_hydraulic|stop:High yaw load->external|warning:Cable overload->electrical,4213,9386.501584975991,84.2612197621297,8.19798577231071,7.5407944655596015,15.738780237870314,1003,1477.320856483585,713,707.8167920295339,946,1696.3201041110958,0.0,0,actionable_unacted,True,46.393055555555556,3,0.012624971704293664,,False,False,False
joint_5slots,joint,5,brake_resistor_chp:pitch->brake_hydraulic|time_sync:external->control|cms_drivetrain:comms->drivetrain|current_asymmetry:converter->generator|wec_shut_down:control->manual,warning:Error brake resistor CHP->brake_hydraulic|warning:Check time synchronization->control|warning:Time sync. failed (SNTP error)->control|warning:Comm.err. IEC server <- CMS drive tr.->drivetrain|warning:Comm.err. IEC client -> CMS drive tr.->drivetrain|warning:CMS drive train system error->drivetrain|stop:Current asymmetry->generator|stop:WEC shut down->manual,4213,9386.501584975991,86.6417664252619,8.19646264066115,5.161770934076965,13.358233574738112,998,1253.8708062175879,709,484.5097105399643,946,1696.3201041110958,0.0,0,unwarned,False,,0,-2.366398559778343,,False,False,False
joint_6slots,joint,6,brake_resistor_chp:pitch->brake_hydraulic|time_sync:external->control|cms_drivetrain:comms->drivetrain|current_asymmetry:converter->generator|wec_shut_down:control->manual|cable_overload:converter->electrical,warning:Error brake resistor CHP->brake_hydraulic|warning:Check time synchronization->control|warning:Time sync. failed (SNTP error)->control|warning:Comm.err. IEC server <- CMS drive tr.->drivetrain|warning:Comm.err. IEC client -> CMS drive tr.->drivetrain|warning:CMS drive train system error->drivetrain|stop:Current asymmetry->generator|stop:WEC shut down->manual|warning:Cable overload->electrical,4213,9386.501584975991,86.6417664252619,8.19646264066115,5.161770934076965,13.358233574738112,998,1253.8708062175879,709,484.5097105399643,946,1696.3201041110958,0.0,0,unwarned,False,,0,-2.366398559778343,,False,False,False
joint_6slots,joint,6,brake_resistor_chp:pitch->brake_hydraulic|time_sync:external->control|cms_drivetrain:comms->drivetrain|current_asymmetry:converter->generator|wec_shut_down:control->manual|high_yaw_load:yaw->external,warning:Error brake resistor CHP->brake_hydraulic|warning:Check time synchronization->control|warning:Time sync. failed (SNTP error)->control|warning:Comm.err. IEC server <- CMS drive tr.->drivetrain|warning:Comm.err. IEC client -> CMS drive tr.->drivetrain|warning:CMS drive train system error->drivetrain|stop:Current asymmetry->generator|stop:WEC shut down->manual|stop:High yaw load->external,4213,9386.501584975991,86.6417664252619,8.19646264066115,5.161770934076965,13.358233574738112,998,1253.8708062175879,709,484.5097105399643,946,1696.3201041110958,0.0,0,unwarned,False,,0,-2.366398559778343,,False,False,False
joint_7slots,joint,7,brake_resistor_chp:pitch->brake_hydraulic|time_sync:external->control|cms_drivetrain:comms->drivetrain|current_asymmetry:converter->generator|wec_shut_down:control->manual|high_yaw_load:yaw->external|cable_overload:converter->electrical,warning:Error brake resistor CHP->brake_hydraulic|warning:Check time synchronization->control|warning:Time sync. failed (SNTP error)->control|warning:Comm.err. IEC server <- CMS drive tr.->drivetrain|warning:Comm.err. IEC client -> CMS drive tr.->drivetrain|warning:CMS drive train system error->drivetrain|stop:Current asymmetry->generator|stop:WEC shut down->manual|stop:High yaw load->external|warning:Cable overload->electrical,4213,9386.501584975991,86.6417664252619,8.19646264066115,5.161770934076965,13.358233574738112,998,1253.8708062175879,709,484.5097105399643,946,1696.3201041110958,0.0,0,unwarned,False,,0,-2.366398559778343,,False,False,False
joint_6slots,joint,6,brake_resistor_chp:pitch->brake_hydraulic|time_sync:external->control|cms_drivetrain:comms->drivetrain|current_asymmetry:converter->generator|wec_shut_down:control->manual|no_speed_development:control->pitch,warning:Error brake resistor CHP->brake_hydraulic|warning:Check time synchronization->control|warning:Time sync. failed (SNTP error)->control|warning:Comm.err. IEC server <- CMS drive tr.->drivetrain|warning:Comm.err. IEC client -> CMS drive tr.->drivetrain|warning:CMS drive train system error->drivetrain|stop:Current asymmetry->generator|stop:WEC shut down->manual|stop:No speed development->pitch,4213,9386.501584975991,86.55677207234875,8.19646264066115,5.24676528699012,13.443227927651268,999,1261.8488025009212,710,492.4877068232977,946,1696.3201041110958,0.0,0,unwarned,False,,0,-2.2814042068651883,,False,False,False
joint_7slots,joint,7,brake_resistor_chp:pitch->brake_hydraulic|time_sync:external->control|cms_drivetrain:comms->drivetrain|current_asymmetry:converter->generator|wec_shut_down:control->manual|no_speed_development:control->pitch|cable_overload:converter->electrical,warning:Error brake resistor CHP->brake_hydraulic|warning:Check time synchronization->control|warning:Time sync. failed (SNTP error)->control|warning:Comm.err. IEC server <- CMS drive tr.->drivetrain|warning:Comm.err. IEC client -> CMS drive tr.->drivetrain|warning:CMS drive train system error->drivetrain|stop:Current asymmetry->generator|stop:WEC shut down->manual|stop:No speed development->pitch|warning:Cable overload->electrical,4213,9386.501584975991,86.55677207234875,8.19646264066115,5.24676528699012,13.443227927651268,999,1261.8488025009212,710,492.4877068232977,946,1696.3201041110958,0.0,0,unwarned,False,,0,-2.2814042068651883,,False,False,False
joint_7slots,joint,7,brake_resistor_chp:pitch->brake_hydraulic|time_sync:external->control|cms_drivetrain:comms->drivetrain|current_asymmetry:converter->generator|wec_shut_down:control->manual|no_speed_development:control->pitch|high_yaw_load:yaw->external,warning:Error brake resistor CHP->brake_hydraulic|warning:Check time synchronization->control|warning:Time sync. failed (SNTP error)->control|warning:Comm.err. IEC server <- CMS drive tr.->drivetrain|warning:Comm.err. IEC client -> CMS drive tr.->drivetrain|warning:CMS drive train system error->drivetrain|stop:Current asymmetry->generator|stop:WEC shut down->manual|stop:No speed development->pitch|stop:High yaw load->external,4213,9386.501584975991,86.55677207234875,8.19646264066115,5.24676528699012,13.443227927651268,999,1261.8488025009212,710,492.4877068232977,946,1696.3201041110958,0.0,0,unwarned,False,,0,-2.2814042068651883,,False,False,False
joint_8slots,joint,8,brake_resistor_chp:pitch->brake_hydraulic|time_sync:external->control|cms_drivetrain:comms->drivetrain|current_asymmetry:converter->generator|wec_shut_down:control->manual|no_speed_development:control->pitch|high_yaw_load:yaw->external|cable_overload:converter->electrical,warning:Error brake resistor CHP->brake_hydraulic|warning:Check time synchronization->control|warning:Time sync. failed (SNTP error)->control|warning:Comm.err. IEC server <- CMS drive tr.->drivetrain|warning:Comm.err. IEC client -> CMS drive tr.->drivetrain|warning:CMS drive train system error->drivetrain|stop:Current asymmetry->generator|stop:WEC shut down->manual|stop:No speed development->pitch|stop:High yaw load->external|warning:Cable overload->electrical,4213,9386.501584975991,86.55677207234875,8.19646264066115,5.24676528699012,13.443227927651268,999,1261.8488025009212,710,492.4877068232977,946,1696.3201041110958,0.0,0,unwarned,False,,0,-2.2814042068651883,,False,False,False
joint_6slots,joint,6,brake_resistor_chp:pitch->brake_hydraulic|time_sync:external->control|cms_drivetrain:comms->drivetrain|current_asymmetry:converter->generator|wec_shut_down:control->manual|no_speed_development:control->brake_hydraulic,warning:Error brake resistor CHP->brake_hydraulic|warning:Check time synchronization->control|warning:Time sync. failed (SNTP error)->control|warning:Comm.err. IEC server <- CMS drive tr.->drivetrain|warning:Comm.err. IEC client -> CMS drive tr.->drivetrain|warning:CMS drive train system error->drivetrain|stop:Current asymmetry->generator|stop:WEC shut down->manual|stop:No speed development->brake_hydraulic,4213,9386.501584975991,86.5520896884294,8.19798577231071,5.249924539259899,13.44791031157061,1001,1262.288314541725,711,492.78425008767397,946,1696.3201041110958,0.0,0,unwarned,False,,0,-2.278244954595409,,False,False,False
joint_7slots,joint,7,brake_resistor_chp:pitch->brake_hydraulic|time_sync:external->control|cms_drivetrain:comms->drivetrain|current_asymmetry:converter->generator|wec_shut_down:control->manual|no_speed_development:control->brake_hydraulic|cable_overload:converter->electrical,warning:Error brake resistor CHP->brake_hydraulic|warning:Check time synchronization->control|warning:Time sync. failed (SNTP error)->control|warning:Comm.err. IEC server <- CMS drive tr.->drivetrain|warning:Comm.err. IEC client -> CMS drive tr.->drivetrain|warning:CMS drive train system error->drivetrain|stop:Current asymmetry->generator|stop:WEC shut down->manual|stop:No speed development->brake_hydraulic|warning:Cable overload->electrical,4213,9386.501584975991,86.5520896884294,8.19798577231071,5.249924539259899,13.44791031157061,1001,1262.288314541725,711,492.78425008767397,946,1696.3201041110958,0.0,0,unwarned,False,,0,-2.278244954595409,,False,False,False
joint_7slots,joint,7,brake_resistor_chp:pitch->brake_hydraulic|time_sync:external->control|cms_drivetrain:comms->drivetrain|current_asymmetry:converter->generator|wec_shut_down:control->manual|no_speed_development:control->brake_hydraulic|high_yaw_load:yaw->external,warning:Error brake resistor CHP->brake_hydraulic|warning:Check time synchronization->control|warning:Time sync. failed (SNTP error)->control|warning:Comm.err. IEC server <- CMS drive tr.->drivetrain|warning:Comm.err. IEC client -> CMS drive tr.->drivetrain|warning:CMS drive train system error->drivetrain|stop:Current asymmetry->generator|stop:WEC shut down->manual|stop:No speed development->brake_hydraulic|stop:High yaw load->external,4213,9386.501584975991,86.5520896884294,8.19798577231071,5.249924539259899,13.44791031157061,1001,1262.288314541725,711,492.78425008767397,946,1696.3201041110958,0.0,0,unwarned,False,,0,-2.278244954595409,,False,False,False
joint_8slots,joint,8,brake_resistor_chp:pitch->brake_hydraulic|time_sync:external->control|cms_drivetrain:comms->drivetrain|current_asymmetry:converter->generator|wec_shut_down:control->manual|no_speed_development:control->brake_hydraulic|high_yaw_load:yaw->external|cable_overload:converter->electrical,warning:Error brake resistor CHP->brake_hydraulic|warning:Check time synchronization->control|warning:Time sync. failed (SNTP error)->control|warning:Comm.err. IEC server <- CMS drive tr.->drivetrain|warning:Comm.err. IEC client -> CMS drive tr.->drivetrain|warning:CMS drive train system error->drivetrain|stop:Current asymmetry->generator|stop:WEC shut down->manual|stop:No speed development->brake_hydraulic|stop:High yaw load->external|warning:Cable overload->electrical,4213,9386.501584975991,86.5520896884294,8.19798577231071,5.249924539259899,13.44791031157061,1001,1262.288314541725,711,492.78425008767397,946,1696.3201041110958,0.0,0,unwarned,False,,0,-2.278244954595409,,False,False,False
bp_repeat:control->pitch,single_flip,1,bp_repeat:control->pitch,stop:Repeating error BP52->pitch|warning:Repeating error BP 0->pitch,4213,9386.501584975991,82.72215074151194,8.9009597724184,8.376889486069672,17.27784925848807,1079,1621.7855944977453,790,786.2968643816168,977,1741.3485003248225,0.0,0,actionable_unacted,True,20.788888888888888,2,0.848719992214364,"[bp_repeat] stop `Repeating error BP52`: ""AMBIGUOUS and high-volume (251 stops). Service category 'Repeated error (25)' names a trip-count supervisor, not a component; 'BP' also prefixes pitch messages ('Pitch too slow BP180'), so a pitch reading is possible. ... Alternative: pitch.""  warning `Repeating error BP 0`: ""AMBIGUOUS. Pairs with the stop message 'Repeating error BP52'; both are assigned to `control` so that they can match each other ... Alternative: pitch.""  The pair is flipped together because the frozen rationale assigns them together.",False,False,False
bp_repeat:control->pitch+cable_overload:converter->electrical,joint,2,bp_repeat:control->pitch|cable_overload:converter->electrical,stop:Repeating error BP52->pitch|warning:Repeating error BP 0->pitch|warning:Cable overload->electrical,4213,9386.501584975991,82.72215074151194,8.9009597724184,8.376889486069672,17.27784925848807,1079,1621.7855944977453,790,786.2968643816168,977,1741.3485003248225,0.0,0,actionable_unacted,True,20.788888888888888,2,0.848719992214364,,False,False,False
bp_repeat:control->pitch+high_yaw_load:yaw->external,joint,2,bp_repeat:control->pitch|high_yaw_load:yaw->external,stop:Repeating error BP52->pitch|warning:Repeating error BP 0->pitch|stop:High yaw load->external,4213,9386.501584975991,82.72215074151194,8.9009597724184,8.376889486069672,17.27784925848807,1079,1621.7855944977453,790,786.2968643816168,977,1741.3485003248225,0.0,0,actionable_unacted,True,20.788888888888888,2,0.848719992214364,,False,False,False
joint_3slots,joint,3,bp_repeat:control->pitch|high_yaw_load:yaw->external|cable_overload:converter->electrical,stop:Repeating error BP52->pitch|warning:Repeating error BP 0->pitch|stop:High yaw load->external|warning:Cable overload->electrical,4213,9386.501584975991,82.72215074151194,8.9009597724184,8.376889486069672,17.27784925848807,1079,1621.7855944977453,790,786.2968643816168,977,1741.3485003248225,0.0,0,actionable_unacted,True,20.788888888888888,2,0.848719992214364,,False,False,False
bp_repeat:control->pitch+no_speed_development:control->pitch,joint,2,bp_repeat:control->pitch|no_speed_development:control->pitch,stop:Repeating error BP52->pitch|warning:Repeating error BP 0->pitch|stop:No speed development->pitch,4213,9386.501584975991,82.6371563885988,8.9009597724184,8.461883838982827,17.362843611401225,1080,1629.7635907810786,791,794.2748606649502,977,1741.3485003248225,0.0,0,actionable_unacted,True,20.788888888888888,2,0.9337143451275187,,False,False,False
joint_3slots,joint,3,bp_repeat:control->pitch|no_speed_development:control->pitch|cable_overload:converter->electrical,stop:Repeating error BP52->pitch|warning:Repeating error BP 0->pitch|stop:No speed development->pitch|warning:Cable overload->electrical,4213,9386.501584975991,82.6371563885988,8.9009597724184,8.461883838982827,17.362843611401225,1080,1629.7635907810786,791,794.2748606649502,977,1741.3485003248225,0.0,0,actionable_unacted,True,20.788888888888888,2,0.9337143451275187,,False,False,False
joint_3slots,joint,3,bp_repeat:control->pitch|no_speed_development:control->pitch|high_yaw_load:yaw->external,stop:Repeating error BP52->pitch|warning:Repeating error BP 0->pitch|stop:No speed development->pitch|stop:High yaw load->external,4213,9386.501584975991,82.6371563885988,8.9009597724184,8.461883838982827,17.362843611401225,1080,1629.7635907810786,791,794.2748606649502,977,1741.3485003248225,0.0,0,actionable_unacted,True,20.788888888888888,2,0.9337143451275187,,False,False,False
joint_4slots,joint,4,bp_repeat:control->pitch|no_speed_development:control->pitch|high_yaw_load:yaw->external|cable_overload:converter->electrical,stop:Repeating error BP52->pitch|warning:Repeating error BP 0->pitch|stop:No speed development->pitch|stop:High yaw load->external|warning:Cable overload->electrical,4213,9386.501584975991,82.6371563885988,8.9009597724184,8.461883838982827,17.362843611401225,1080,1629.7635907810786,791,794.2748606649502,977,1741.3485003248225,0.0,0,actionable_unacted,True,20.788888888888888,2,0.9337143451275187,,False,False,False
bp_repeat:control->pitch+no_speed_development:control->brake_hydraulic,joint,2,bp_repeat:control->pitch|no_speed_development:control->brake_hydraulic,stop:Repeating error BP52->pitch|warning:Repeating error BP 0->pitch|stop:No speed development->brake_hydraulic,4213,9386.501584975991,82.63247400467945,8.902482904067961,8.465043091252605,17.367525995320566,1082,1630.2031028218823,792,794.5714039293264,977,1741.3485003248225,0.0,0,actionable_unacted,True,20.788888888888888,2,0.9368735973972973,,False,False,False
joint_3slots,joint,3,bp_repeat:control->pitch|no_speed_development:control->brake_hydraulic|cable_overload:converter->electrical,stop:Repeating error BP52->pitch|warning:Repeating error BP 0->pitch|stop:No speed development->brake_hydraulic|warning:Cable overload->electrical,4213,9386.501584975991,82.63247400467945,8.902482904067961,8.465043091252605,17.367525995320566,1082,1630.2031028218823,792,794.5714039293264,977,1741.3485003248225,0.0,0,actionable_unacted,True,20.788888888888888,2,0.9368735973972973,,False,False,False
joint_3slots,joint,3,bp_repeat:control->pitch|no_speed_development:control->brake_hydraulic|high_yaw_load:yaw->external,stop:Repeating error BP52->pitch|warning:Repeating error BP 0->pitch|stop:No speed development->brake_hydraulic|stop:High yaw load->external,4213,9386.501584975991,82.63247400467945,8.902482904067961,8.465043091252605,17.367525995320566,1082,1630.2031028218823,792,794.5714039293264,977,1741.3485003248225,0.0,0,actionable_unacted,True,20.788888888888888,2,0.9368735973972973,,False,False,False
joint_4slots,joint,4,bp_repeat:control->pitch|no_speed_development:control->brake_hydraulic|high_yaw_load:yaw->external|cable_overload:converter->electrical,stop:Repeating error BP52->pitch|warning:Repeating error BP 0->pitch|stop:No speed development->brake_hydraulic|stop:High yaw load->external|warning:Cable overload->electrical,4213,9386.501584975991,82.63247400467945,8.902482904067961,8.465043091252605,17.367525995320566,1082,1630.2031028218823,792,794.5714039293264,977,1741.3485003248225,0.0,0,actionable_unacted,True,20.788888888888888,2,0.9368735973972973,,False,False,False
bp_repeat:control->pitch+wec_shut_down:control->manual,joint,2,bp_repeat:control->pitch|wec_shut_down:control->manual,stop:Repeating error BP52->pitch|warning:Repeating error BP 0->pitch|stop:WEC shut down->manual,4213,9386.501584975991,84.96100075810443,8.9009597724184,6.138039469477187,15.038999241895588,1078,1411.6359022050565,789,576.1471720889281,977,1741.3485003248225,0.0,0,unwarned,False,,0,-1.390130024378121,,False,False,False
joint_3slots,joint,3,bp_repeat:control->pitch|wec_shut_down:control->manual|cable_overload:converter->electrical,stop:Repeating error BP52->pitch|warning:Repeating error BP 0->pitch|stop:WEC shut down->manual|warning:Cable overload->electrical,4213,9386.501584975991,84.96100075810443,8.9009597724184,6.138039469477187,15.038999241895588,1078,1411.6359022050565,789,576.1471720889281,977,1741.3485003248225,0.0,0,unwarned,False,,0,-1.390130024378121,,False,False,False
joint_3slots,joint,3,bp_repeat:control->pitch|wec_shut_down:control->manual|high_yaw_load:yaw->external,stop:Repeating error BP52->pitch|warning:Repeating error BP 0->pitch|stop:WEC shut down->manual|stop:High yaw load->external,4213,9386.501584975991,84.96100075810443,8.9009597724184,6.138039469477187,15.038999241895588,1078,1411.6359022050565,789,576.1471720889281,977,1741.3485003248225,0.0,0,unwarned,False,,0,-1.390130024378121,,False,False,False
joint_4slots,joint,4,bp_repeat:control->pitch|wec_shut_down:control->manual|high_yaw_load:yaw->external|cable_overload:converter->electrical,stop:Repeating error BP52->pitch|warning:Repeating error BP 0->pitch|stop:WEC shut down->manual|stop:High yaw load->external|warning:Cable overload->electrical,4213,9386.501584975991,84.96100075810443,8.9009597724184,6.138039469477187,15.038999241895588,1078,1411.6359022050565,789,576.1471720889281,977,1741.3485003248225,0.0,0,unwarned,False,,0,-1.390130024378121,,False,False,False
joint_3slots,joint,3,bp_repeat:control->pitch|wec_shut_down:control->manual|no_speed_development:control->pitch,stop:Repeating error BP52->pitch|warning:Repeating error BP 0->pitch|stop:WEC shut down->manual|stop:No speed development->pitch,4213,9386.501584975991,84.87600640519126,8.9009597724184,6.2230338223903425,15.12399359480874,1079,1419.6138984883896,790,584.1251683722614,977,1741.3485003248225,0.0,0,unwarned,False,,0,-1.3051356714649653,,False,False,False
joint_4slots,joint,4,bp_repeat:control->pitch|wec_shut_down:control->manual|no_speed_development:control->pitch|cable_overload:converter->electrical,stop:Repeating error BP52->pitch|warning:Repeating error BP 0->pitch|stop:WEC shut down->manual|stop:No speed development->pitch|warning:Cable overload->electrical,4213,9386.501584975991,84.87600640519126,8.9009597724184,6.2230338223903425,15.12399359480874,1079,1419.6138984883896,790,584.1251683722614,977,1741.3485003248225,0.0,0,unwarned,False,,0,-1.3051356714649653,,False,False,False
joint_4slots,joint,4,bp_repeat:control->pitch|wec_shut_down:control->manual|no_speed_development:control->pitch|high_yaw_load:yaw->external,stop:Repeating error BP52->pitch|warning:Repeating error BP 0->pitch|stop:WEC shut down->manual|stop:No speed development->pitch|stop:High yaw load->external,4213,9386.501584975991,84.87600640519126,8.9009597724184,6.2230338223903425,15.12399359480874,1079,1419.6138984883896,790,584.1251683722614,977,1741.3485003248225,0.0,0,unwarned,False,,0,-1.3051356714649653,,False,False,False
joint_5slots,joint,5,bp_repeat:control->pitch|wec_shut_down:control->manual|no_speed_development:control->pitch|high_yaw_load:yaw->external|cable_overload:converter->electrical,stop:Repeating error BP52->pitch|warning:Repeating error BP 0->pitch|stop:WEC shut down->manual|stop:No speed development->pitch|stop:High yaw load->external|warning:Cable overload->electrical,4213,9386.501584975991,84.87600640519126,8.9009597724184,6.2230338223903425,15.12399359480874,1079,1419.6138984883896,790,584.1251683722614,977,1741.3485003248225,0.0,0,unwarned,False,,0,-1.3051356714649653,,False,False,False
joint_3slots,joint,3,bp_repeat:control->pitch|wec_shut_down:control->manual|no_speed_development:control->brake_hydraulic,stop:Repeating error BP52->pitch|warning:Repeating error BP 0->pitch|stop:WEC shut down->manual|stop:No speed development->brake_hydraulic,4213,9386.501584975991,84.87132402127193,8.902482904067961,6.226193074660122,15.128675978728085,1081,1420.0534105291936,791,584.4217116366377,977,1741.3485003248225,0.0,0,unwarned,False,,0,-1.301976419195186,,False,False,False
joint_4slots,joint,4,bp_repeat:control->pitch|wec_shut_down:control->manual|no_speed_development:control->brake_hydraulic|cable_overload:converter->electrical,stop:Repeating error BP52->pitch|warning:Repeating error BP 0->pitch|stop:WEC shut down->manual|stop:No speed development->brake_hydraulic|warning:Cable overload->electrical,4213,9386.501584975991,84.87132402127193,8.902482904067961,6.226193074660122,15.128675978728085,1081,1420.0534105291936,791,584.4217116366377,977,1741.3485003248225,0.0,0,unwarned,False,,0,-1.301976419195186,,False,False,False
joint_4slots,joint,4,bp_repeat:control->pitch|wec_shut_down:control->manual|no_speed_development:control->brake_hydraulic|high_yaw_load:yaw->external,stop:Repeating error BP52->pitch|warning:Repeating error BP 0->pitch|stop:WEC shut down->manual|stop:No speed development->brake_hydraulic|stop:High yaw load->external,4213,9386.501584975991,84.87132402127193,8.902482904067961,6.226193074660122,15.128675978728085,1081,1420.0534105291936,791,584.4217116366377,977,1741.3485003248225,0.0,0,unwarned,False,,0,-1.301976419195186,,False,False,False
joint_5slots,joint,5,bp_repeat:control->pitch|wec_shut_down:control->manual|no_speed_development:control->brake_hydraulic|high_yaw_load:yaw->external|cable_overload:converter->electrical,stop:Repeating error BP52->pitch|warning:Repeating error BP 0->pitch|stop:WEC shut down->manual|stop:No speed development->brake_hydraulic|stop:High yaw load->external|warning:Cable overload->electrical,4213,9386.501584975991,84.87132402127193,8.902482904067961,6.226193074660122,15.128675978728085,1081,1420.0534105291936,791,584.4217116366377,977,1741.3485003248225,0.0,0,unwarned,False,,0,-1.301976419195186,,False,False,False
bp_repeat:control->pitch+current_asymmetry:converter->generator,joint,2,bp_repeat:control->pitch|current_asymmetry:converter->generator,stop:Repeating error BP52->pitch|warning:Repeating error BP 0->pitch|stop:Current asymmetry->generator,4213,9386.501584975991,82.72215074151194,8.9009597724184,8.376889486069672,17.27784925848807,1079,1621.7855944977453,790,786.2968643816168,946,1696.3201041110958,0.0,0,actionable_unacted,True,20.788888888888888,2,0.848719992214364,,False,False,False
joint_3slots,joint,3,bp_repeat:control->pitch|current_asymmetry:converter->generator|cable_overload:converter->electrical,stop:Repeating error BP52->pitch|warning:Repeating error BP 0->pitch|stop:Current asymmetry->generator|warning:Cable overload->electrical,4213,9386.501584975991,82.72215074151194,8.9009597724184,8.376889486069672,17.27784925848807,1079,1621.7855944977453,790,786.2968643816168,946,1696.3201041110958,0.0,0,actionable_unacted,True,20.788888888888888,2,0.848719992214364,,False,False,False
joint_3slots,joint,3,bp_repeat:control->pitch|current_asymmetry:converter->generator|high_yaw_load:yaw->external,stop:Repeating error BP52->pitch|warning:Repeating error BP 0->pitch|stop:Current asymmetry->generator|stop:High yaw load->external,4213,9386.501584975991,82.72215074151194,8.9009597724184,8.376889486069672,17.27784925848807,1079,1621.7855944977453,790,786.2968643816168,946,1696.3201041110958,0.0,0,actionable_unacted,True,20.788888888888888,2,0.848719992214364,,False,False,False
joint_4slots,joint,4,bp_repeat:control->pitch|current_asymmetry:converter->generator|high_yaw_load:yaw->external|cable_overload:converter->electrical,stop:Repeating error BP52->pitch|warning:Repeating error BP 0->pitch|stop:Current asymmetry->generator|stop:High yaw load->external|warning:Cable overload->electrical,4213,9386.501584975991,82.72215074151194,8.9009597724184,8.376889486069672,17.27784925848807,1079,1621.7855944977453,790,786.2968643816168,946,1696.3201041110958,0.0,0,actionable_unacted,True,20.788888888888888,2,0.848719992214364,,False,False,False
joint_3slots,joint,3,bp_repeat:control->pitch|current_asymmetry:converter->generator|no_speed_development:control->pitch,stop:Repeating error BP52->pitch|warning:Repeating error BP 0->pitch|stop:Current asymmetry->generator|stop:No speed development->pitch,4213,9386.501584975991,82.6371563885988,8.9009597724184,8.461883838982827,17.362843611401225,1080,1629.7635907810786,791,794.2748606649502,946,1696.3201041110958,0.0,0,actionable_unacted,True,20.788888888888888,2,0.9337143451275187,,False,False,False
joint_4slots,joint,4,bp_repeat:control->pitch|current_asymmetry:converter->generator|no_speed_development:control->pitch|cable_overload:converter->electrical,stop:Repeating error BP52->pitch|warning:Repeating error BP 0->pitch|stop:Current asymmetry->generator|stop:No speed development->pitch|warning:Cable overload->electrical,4213,9386.501584975991,82.6371563885988,8.9009597724184,8.461883838982827,17.362843611401225,1080,1629.7635907810786,791,794.2748606649502,946,1696.3201041110958,0.0,0,actionable_unacted,True,20.788888888888888,2,0.9337143451275187,,False,False,False
joint_4slots,joint,4,bp_repeat:control->pitch|current_asymmetry:converter->generator|no_speed_development:control->pitch|high_yaw_load:yaw->external,stop:Repeating error BP52->pitch|warning:Repeating error BP 0->pitch|stop:Current asymmetry->generator|stop:No speed development->pitch|stop:High yaw load->external,4213,9386.501584975991,82.6371563885988,8.9009597724184,8.461883838982827,17.362843611401225,1080,1629.7635907810786,791,794.2748606649502,946,1696.3201041110958,0.0,0,actionable_unacted,True,20.788888888888888,2,0.9337143451275187,,False,False,False
joint_5slots,joint,5,bp_repeat:control->pitch|current_asymmetry:converter->generator|no_speed_development:control->pitch|high_yaw_load:yaw->external|cable_overload:converter->electrical,stop:Repeating error BP52->pitch|warning:Repeating error BP 0->pitch|stop:Current asymmetry->generator|stop:No speed development->pitch|stop:High yaw load->external|warning:Cable overload->electrical,4213,9386.501584975991,82.6371563885988,8.9009597724184,8.461883838982827,17.362843611401225,1080,1629.7635907810786,791,794.2748606649502,946,1696.3201041110958,0.0,0,actionable_unacted,True,20.788888888888888,2,0.9337143451275187,,False,False,False
joint_3slots,joint,3,bp_repeat:control->pitch|current_asymmetry:converter->generator|no_speed_development:control->brake_hydraulic,stop:Repeating error BP52->pitch|warning:Repeating error BP 0->pitch|stop:Current asymmetry->generator|stop:No speed development->brake_hydraulic,4213,9386.501584975991,82.63247400467945,8.902482904067961,8.465043091252605,17.367525995320566,1082,1630.2031028218823,792,794.5714039293264,946,1696.3201041110958,0.0,0,actionable_unacted,True,20.788888888888888,2,0.9368735973972973,,False,False,False
joint_4slots,joint,4,bp_repeat:control->pitch|current_asymmetry:converter->generator|no_speed_development:control->brake_hydraulic|cable_overload:converter->electrical,stop:Repeating error BP52->pitch|warning:Repeating error BP 0->pitch|stop:Current asymmetry->generator|stop:No speed development->brake_hydraulic|warning:Cable overload->electrical,4213,9386.501584975991,82.63247400467945,8.902482904067961,8.465043091252605,17.367525995320566,1082,1630.2031028218823,792,794.5714039293264,946,1696.3201041110958,0.0,0,actionable_unacted,True,20.788888888888888,2,0.9368735973972973,,False,False,False
joint_4slots,joint,4,bp_repeat:control->pitch|current_asymmetry:converter->generator|no_speed_development:control->brake_hydraulic|high_yaw_load:yaw->external,stop:Repeating error BP52->pitch|warning:Repeating error BP 0->pitch|stop:Current asymmetry->generator|stop:No speed development->brake_hydraulic|stop:High yaw load->external,4213,9386.501584975991,82.63247400467945,8.902482904067961,8.465043091252605,17.367525995320566,1082,1630.2031028218823,792,794.5714039293264,946,1696.3201041110958,0.0,0,actionable_unacted,True,20.788888888888888,2,0.9368735973972973,,False,False,False
joint_5slots,joint,5,bp_repeat:control->pitch|current_asymmetry:converter->generator|no_speed_development:control->brake_hydraulic|high_yaw_load:yaw->external|cable_overload:converter->electrical,stop:Repeating error BP52->pitch|warning:Repeating error BP 0->pitch|stop:Current asymmetry->generator|stop:No speed development->brake_hydraulic|stop:High yaw load->external|warning:Cable overload->electrical,4213,9386.501584975991,82.63247400467945,8.902482904067961,8.465043091252605,17.367525995320566,1082,1630.2031028218823,792,794.5714039293264,946,1696.3201041110958,0.0,0,actionable_unacted,True,20.788888888888888,2,0.9368735973972973,,False,False,False
joint_3slots,joint,3,bp_repeat:control->pitch|current_asymmetry:converter->generator|wec_shut_down:control->manual,stop:Repeating error BP52->pitch|warning:Repeating error BP 0->pitch|stop:Current asymmetry->generator|stop:WEC shut down->manual,4213,9386.501584975991,84.96100075810443,8.9009597724184,6.138039469477187,15.038999241895588,1078,1411.6359022050565,789,576.1471720889281,946,1696.3201041110958,0.0,0,unwarned,False,,0,-1.390130024378121,,False,False,False
joint_4slots,joint,4,bp_repeat:control->pitch|current_asymmetry:converter->generator|wec_shut_down:control->manual|cable_overload:converter->electrical,stop:Repeating error BP52->pitch|warning:Repeating error BP 0->pitch|stop:Current asymmetry->generator|stop:WEC shut down->manual|warning:Cable overload->electrical,4213,9386.501584975991,84.96100075810443,8.9009597724184,6.138039469477187,15.038999241895588,1078,1411.6359022050565,789,576.1471720889281,946,1696.3201041110958,0.0,0,unwarned,False,,0,-1.390130024378121,,False,False,False
joint_4slots,joint,4,bp_repeat:control->pitch|current_asymmetry:converter->generator|wec_shut_down:control->manual|high_yaw_load:yaw->external,stop:Repeating error BP52->pitch|warning:Repeating error BP 0->pitch|stop:Current asymmetry->generator|stop:WEC shut down->manual|stop:High yaw load->external,4213,9386.501584975991,84.96100075810443,8.9009597724184,6.138039469477187,15.038999241895588,1078,1411.6359022050565,789,576.1471720889281,946,1696.3201041110958,0.0,0,unwarned,False,,0,-1.390130024378121,,False,False,False
joint_5slots,joint,5,bp_repeat:control->pitch|current_asymmetry:converter->generator|wec_shut_down:control->manual|high_yaw_load:yaw->external|cable_overload:converter->electrical,stop:Repeating error BP52->pitch|warning:Repeating error BP 0->pitch|stop:Current asymmetry->generator|stop:WEC shut down->manual|stop:High yaw load->external|warning:Cable overload->electrical,4213,9386.501584975991,84.96100075810443,8.9009597724184,6.138039469477187,15.038999241895588,1078,1411.6359022050565,789,576.1471720889281,946,1696.3201041110958,0.0,0,unwarned,False,,0,-1.390130024378121,,False,False,False
joint_4slots,joint,4,bp_repeat:control->pitch|current_asymmetry:converter->generator|wec_shut_down:control->manual|no_speed_development:control->pitch,stop:Repeating error BP52->pitch|warning:Repeating error BP 0->pitch|stop:Current asymmetry->generator|stop:WEC shut down->manual|stop:No speed development->pitch,4213,9386.501584975991,84.87600640519126,8.9009597724184,6.2230338223903425,15.12399359480874,1079,1419.6138984883896,790,584.1251683722614,946,1696.3201041110958,0.0,0,unwarned,False,,0,-1.3051356714649653,,False,False,False
joint_5slots,joint,5,bp_repeat:control->pitch|current_asymmetry:converter->generator|wec_shut_down:control->manual|no_speed_development:control->pitch|cable_overload:converter->electrical,stop:Repeating error BP52->pitch|warning:Repeating error BP 0->pitch|stop:Current asymmetry->generator|stop:WEC shut down->manual|stop:No speed development->pitch|warning:Cable overload->electrical,4213,9386.501584975991,84.87600640519126,8.9009597724184,6.2230338223903425,15.12399359480874,1079,1419.6138984883896,790,584.1251683722614,946,1696.3201041110958,0.0,0,unwarned,False,,0,-1.3051356714649653,,False,False,False
joint_5slots,joint,5,bp_repeat:control->pitch|current_asymmetry:converter->generator|wec_shut_down:control->manual|no_speed_development:control->pitch|high_yaw_load:yaw->external,stop:Repeating error BP52->pitch|warning:Repeating error BP 0->pitch|stop:Current asymmetry->generator|stop:WEC shut down->manual|stop:No speed development->pitch|stop:High yaw load->external,4213,9386.501584975991,84.87600640519126,8.9009597724184,6.2230338223903425,15.12399359480874,1079,1419.6138984883896,790,584.1251683722614,946,1696.3201041110958,0.0,0,unwarned,False,,0,-1.3051356714649653,,False,False,False
joint_6slots,joint,6,bp_repeat:control->pitch|current_asymmetry:converter->generator|wec_shut_down:control->manual|no_speed_development:control->pitch|high_yaw_load:yaw->external|cable_overload:converter->electrical,stop:Repeating error BP52->pitch|warning:Repeating error BP 0->pitch|stop:Current asymmetry->generator|stop:WEC shut down->manual|stop:No speed development->pitch|stop:High yaw load->external|warning:Cable overload->electrical,4213,9386.501584975991,84.87600640519126,8.9009597724184,6.2230338223903425,15.12399359480874,1079,1419.6138984883896,790,584.1251683722614,946,1696.3201041110958,0.0,0,unwarned,False,,0,-1.3051356714649653,,False,False,False
joint_4slots,joint,4,bp_repeat:control->pitch|current_asymmetry:converter->generator|wec_shut_down:control->manual|no_speed_development:control->brake_hydraulic,stop:Repeating error BP52->pitch|warning:Repeating error BP 0->pitch|stop:Current asymmetry->generator|stop:WEC shut down->manual|stop:No speed development->brake_hydraulic,4213,9386.501584975991,84.87132402127193,8.902482904067961,6.226193074660122,15.128675978728085,1081,1420.0534105291936,791,584.4217116366377,946,1696.3201041110958,0.0,0,unwarned,False,,0,-1.301976419195186,,False,False,False
joint_5slots,joint,5,bp_repeat:control->pitch|current_asymmetry:converter->generator|wec_shut_down:control->manual|no_speed_development:control->brake_hydraulic|cable_overload:converter->electrical,stop:Repeating error BP52->pitch|warning:Repeating error BP 0->pitch|stop:Current asymmetry->generator|stop:WEC shut down->manual|stop:No speed development->brake_hydraulic|warning:Cable overload->electrical,4213,9386.501584975991,84.87132402127193,8.902482904067961,6.226193074660122,15.128675978728085,1081,1420.0534105291936,791,584.4217116366377,946,1696.3201041110958,0.0,0,unwarned,False,,0,-1.301976419195186,,False,False,False
joint_5slots,joint,5,bp_repeat:control->pitch|current_asymmetry:converter->generator|wec_shut_down:control->manual|no_speed_development:control->brake_hydraulic|high_yaw_load:yaw->external,stop:Repeating error BP52->pitch|warning:Repeating error BP 0->pitch|stop:Current asymmetry->generator|stop:WEC shut down->manual|stop:No speed development->brake_hydraulic|stop:High yaw load->external,4213,9386.501584975991,84.87132402127193,8.902482904067961,6.226193074660122,15.128675978728085,1081,1420.0534105291936,791,584.4217116366377,946,1696.3201041110958,0.0,0,unwarned,False,,0,-1.301976419195186,,False,False,False
joint_6slots,joint,6,bp_repeat:control->pitch|current_asymmetry:converter->generator|wec_shut_down:control->manual|no_speed_development:control->brake_hydraulic|high_yaw_load:yaw->external|cable_overload:converter->electrical,stop:Repeating error BP52->pitch|warning:Repeating error BP 0->pitch|stop:Current asymmetry->generator|stop:WEC shut down->manual|stop:No speed development->brake_hydraulic|stop:High yaw load->external|warning:Cable overload->electrical,4213,9386.501584975991,84.87132402127193,8.902482904067961,6.226193074660122,15.128675978728085,1081,1420.0534105291936,791,584.4217116366377,946,1696.3201041110958,0.0,0,unwarned,False,,0,-1.301976419195186,,False,False,False
bp_repeat:control->pitch+cms_drivetrain:comms->drivetrain,joint,2,bp_repeat:control->pitch|cms_drivetrain:comms->drivetrain,stop:Repeating error BP52->pitch|warning:Repeating error BP 0->pitch|warning:Comm.err. IEC server <- CMS drive tr.->drivetrain|warning:Comm.err. IEC client -> CMS drive tr.->drivetrain|warning:CMS drive train system error->drivetrain,4213,9386.501584975991,82.68766571670247,8.901840134194867,8.410494149102668,17.312334283297535,1093,1625.0225318980652,800,789.4511666098349,977,1741.3485003248225,0.0,0,actionable_unacted,True,20.788888888888888,2,0.88232465524736,,False,False,False
joint_3slots,joint,3,bp_repeat:control->pitch|cms_drivetrain:comms->drivetrain|cable_overload:converter->electrical,stop:Repeating error BP52->pitch|warning:Repeating error BP 0->pitch|warning:Comm.err. IEC server <- CMS drive tr.->drivetrain|warning:Comm.err. IEC client -> CMS drive tr.->drivetrain|warning:CMS drive train system error->drivetrain|warning:Cable overload->electrical,4213,9386.501584975991,82.68766571670247,8.901840134194867,8.410494149102668,17.312334283297535,1093,1625.0225318980652,800,789.4511666098349,977,1741.3485003248225,0.0,0,actionable_unacted,True,20.788888888888888,2,0.88232465524736,,False,False,False
joint_3slots,joint,3,bp_repeat:control->pitch|cms_drivetrain:comms->drivetrain|high_yaw_load:yaw->external,stop:Repeating error BP52->pitch|warning:Repeating error BP 0->pitch|warning:Comm.err. IEC server <- CMS drive tr.->drivetrain|warning:Comm.err. IEC client -> CMS drive tr.->drivetrain|warning:CMS drive train system error->drivetrain|stop:High yaw load->external,4213,9386.501584975991,82.68766571670247,8.901840134194867,8.410494149102668,17.312334283297535,1093,1625.0225318980652,800,789.4511666098349,977,1741.3485003248225,0.0,0,actionable_unacted,True,20.788888888888888,2,0.88232465524736,,False,False,False
joint_4slots,joint,4,bp_repeat:control->pitch|cms_drivetrain:comms->drivetrain|high_yaw_load:yaw->external|cable_overload:converter->electrical,stop:Repeating error BP52->pitch|warning:Repeating error BP 0->pitch|warning:Comm.err. IEC server <- CMS drive tr.->drivetrain|warning:Comm.err. IEC client -> CMS drive tr.->drivetrain|warning:CMS drive train system error->drivetrain|stop:High yaw load->external|warning:Cable overload->electrical,4213,9386.501584975991,82.68766571670247,8.901840134194867,8.410494149102668,17.312334283297535,1093,1625.0225318980652,800,789.4511666098349,977,1741.3485003248225,0.0,0,actionable_unacted,True,20.788888888888888,2,0.88232465524736,,False,False,False
joint_3slots,joint,3,bp_repeat:control->pitch|cms_drivetrain:comms->drivetrain|no_speed_development:control->pitch,stop:Repeating error BP52->pitch|warning:Repeating error BP 0->pitch|warning:Comm.err. IEC server <- CMS drive tr.->drivetrain|warning:Comm.err. IEC client -> CMS drive tr.->drivetrain|warning:CMS drive train system error->drivetrain|stop:No speed development->pitch,4213,9386.501584975991,82.60267136378933,8.901840134194867,8.495488502015823,17.39732863621069,1094,1633.0005281813983,801,797.4291628931683,977,1741.3485003248225,0.0,0,actionable_unacted,True,20.788888888888888,2,0.9673190081605147,,False,False,False
joint_4slots,joint,4,bp_repeat:control->pitch|cms_drivetrain:comms->drivetrain|no_speed_development:control->pitch|cable_overload:converter->electrical,stop:Repeating error BP52->pitch|warning:Repeating error BP 0->pitch|warning:Comm.err. IEC server <- CMS drive tr.->drivetrain|warning:Comm.err. IEC client -> CMS drive tr.->drivetrain|warning:CMS drive train system error->drivetrain|stop:No speed development->pitch|warning:Cable overload->electrical,4213,9386.501584975991,82.60267136378933,8.901840134194867,8.495488502015823,17.39732863621069,1094,1633.0005281813983,801,797.4291628931683,977,1741.3485003248225,0.0,0,actionable_unacted,True,20.788888888888888,2,0.9673190081605147,,False,False,False
joint_4slots,joint,4,bp_repeat:control->pitch|cms_drivetrain:comms->drivetrain|no_speed_development:control->pitch|high_yaw_load:yaw->external,stop:Repeating error BP52->pitch|warning:Repeating error BP 0->pitch|warning:Comm.err. IEC server <- CMS drive tr.->drivetrain|warning:Comm.err. IEC client -> CMS drive tr.->drivetrain|warning:CMS drive train system error->drivetrain|stop:No speed development->pitch|stop:High yaw load->external,4213,9386.501584975991,82.60267136378933,8.901840134194867,8.495488502015823,17.39732863621069,1094,1633.0005281813983,801,797.4291628931683,977,1741.3485003248225,0.0,0,actionable_unacted,True,20.788888888888888,2,0.9673190081605147,,False,False,False
joint_5slots,joint,5,bp_repeat:control->pitch|cms_drivetrain:comms->drivetrain|no_speed_development:control->pitch|high_yaw_load:yaw->external|cable_overload:converter->electrical,stop:Repeating error BP52->pitch|warning:Repeating error BP 0->pitch|warning:Comm.err. IEC server <- CMS drive tr.->drivetrain|warning:Comm.err. IEC client -> CMS drive tr.->drivetrain|warning:CMS drive train system error->drivetrain|stop:No speed development->pitch|stop:High yaw load->external|warning:Cable overload->electrical,4213,9386.501584975991,82.60267136378933,8.901840134194867,8.495488502015823,17.39732863621069,1094,1633.0005281813983,801,797.4291628931683,977,1741.3485003248225,0.0,0,actionable_unacted,True,20.788888888888888,2,0.9673190081605147,,False,False,False
joint_3slots,joint,3,bp_repeat:control->pitch|cms_drivetrain:comms->drivetrain|no_speed_development:control->brake_hydraulic,stop:Repeating error BP52->pitch|warning:Repeating error BP 0->pitch|warning:Comm.err. IEC server <- CMS drive tr.->drivetrain|warning:Comm.err. IEC client -> CMS drive tr.->drivetrain|warning:CMS drive train system error->drivetrain|stop:No speed development->brake_hydraulic,4213,9386.501584975991,82.59798897986998,8.903363265844426,8.498647754285603,17.40201102013003,1096,1633.4400402222018,802,797.7257061575447,977,1741.3485003248225,0.0,0,actionable_unacted,True,20.788888888888888,2,0.9704782604302951,,False,False,False
joint_4slots,joint,4,bp_repeat:control->pitch|cms_drivetrain:comms->drivetrain|no_speed_development:control->brake_hydraulic|cable_overload:converter->electrical,stop:Repeating error BP52->pitch|warning:Repeating error BP 0->pitch|warning:Comm.err. IEC server <- CMS drive tr.->drivetrain|warning:Comm.err. IEC client -> CMS drive tr.->drivetrain|warning:CMS drive train system error->drivetrain|stop:No speed development->brake_hydraulic|warning:Cable overload->electrical,4213,9386.501584975991,82.59798897986998,8.903363265844426,8.498647754285603,17.40201102013003,1096,1633.4400402222018,802,797.7257061575447,977,1741.3485003248225,0.0,0,actionable_unacted,True,20.788888888888888,2,0.9704782604302951,,False,False,False
joint_4slots,joint,4,bp_repeat:control->pitch|cms_drivetrain:comms->drivetrain|no_speed_development:control->brake_hydraulic|high_yaw_load:yaw->external,stop:Repeating error BP52->pitch|warning:Repeating error BP 0->pitch|warning:Comm.err. IEC server <- CMS drive tr.->drivetrain|warning:Comm.err. IEC client -> CMS drive tr.->drivetrain|warning:CMS drive train system error->drivetrain|stop:No speed development->brake_hydraulic|stop:High yaw load->external,4213,9386.501584975991,82.59798897986998,8.903363265844426,8.498647754285603,17.40201102013003,1096,1633.4400402222018,802,797.7257061575447,977,1741.3485003248225,0.0,0,actionable_unacted,True,20.788888888888888,2,0.9704782604302951,,False,False,False
joint_5slots,joint,5,bp_repeat:control->pitch|cms_drivetrain:comms->drivetrain|no_speed_development:control->brake_hydraulic|high_yaw_load:yaw->external|cable_overload:converter->electrical,stop:Repeating error BP52->pitch|warning:Repeating error BP 0->pitch|warning:Comm.err. IEC server <- CMS drive tr.->drivetrain|warning:Comm.err. IEC client -> CMS drive tr.->drivetrain|warning:CMS drive train system error->drivetrain|stop:No speed development->brake_hydraulic|stop:High yaw load->external|warning:Cable overload->electrical,4213,9386.501584975991,82.59798897986998,8.903363265844426,8.498647754285603,17.40201102013003,1096,1633.4400402222018,802,797.7257061575447,977,1741.3485003248225,0.0,0,actionable_unacted,True,20.788888888888888,2,0.9704782604302951,,False,False,False
joint_3slots,joint,3,bp_repeat:control->pitch|cms_drivetrain:comms->drivetrain|wec_shut_down:control->manual,stop:Repeating error BP52->pitch|warning:Repeating error BP 0->pitch|warning:Comm.err. IEC server <- CMS drive tr.->drivetrain|warning:Comm.err. IEC client -> CMS drive tr.->drivetrain|warning:CMS drive train system error->drivetrain|stop:WEC shut down->manual,4213,9386.501584975991,84.92651573329496,8.901840134194867,6.171644132510185,15.073484266705055,1092,1414.8728396053766,799,579.3014743171462,977,1741.3485003248225,0.0,0,unwarned,False,,0,-1.3565253613451231,,False,False,False
joint_4slots,joint,4,bp_repeat:control->pitch|cms_drivetrain:comms->drivetrain|wec_shut_down:control->manual|cable_overload:converter->electrical,stop:Repeating error BP52->pitch|warning:Repeating error BP 0->pitch|warning:Comm.err. IEC server <- CMS drive tr.->drivetrain|warning:Comm.err. IEC client -> CMS drive tr.->drivetrain|warning:CMS drive train system error->drivetrain|stop:WEC shut down->manual|warning:Cable overload->electrical,4213,9386.501584975991,84.92651573329496,8.901840134194867,6.171644132510185,15.073484266705055,1092,1414.8728396053766,799,579.3014743171462,977,1741.3485003248225,0.0,0,unwarned,False,,0,-1.3565253613451231,,False,False,False
joint_4slots,joint,4,bp_repeat:control->pitch|cms_drivetrain:comms->drivetrain|wec_shut_down:control->manual|high_yaw_load:yaw->external,stop:Repeating error BP52->pitch|warning:Repeating error BP 0->pitch|warning:Comm.err. IEC server <- CMS drive tr.->drivetrain|warning:Comm.err. IEC client -> CMS drive tr.->drivetrain|warning:CMS drive train system error->drivetrain|stop:WEC shut down->manual|stop:High yaw load->external,4213,9386.501584975991,84.92651573329496,8.901840134194867,6.171644132510185,15.073484266705055,1092,1414.8728396053766,799,579.3014743171462,977,1741.3485003248225,0.0,0,unwarned,False,,0,-1.3565253613451231,,False,False,False
joint_5slots,joint,5,bp_repeat:control->pitch|cms_drivetrain:comms->drivetrain|wec_shut_down:control->manual|high_yaw_load:yaw->external|cable_overload:converter->electrical,stop:Repeating error BP52->pitch|warning:Repeating error BP 0->pitch|warning:Comm.err. IEC server <- CMS drive tr.->drivetrain|warning:Comm.err. IEC client -> CMS drive tr.->drivetrain|warning:CMS drive train system error->drivetrain|stop:WEC shut down->manual|stop:High yaw load->external|warning:Cable overload->electrical,4213,9386.501584975991,84.92651573329496,8.901840134194867,6.171644132510185,15.073484266705055,1092,1414.8728396053766,799,579.3014743171462,977,1741.3485003248225,0.0,0,unwarned,False,,0,-1.3565253613451231,,False,False,False
joint_4slots,joint,4,bp_repeat:control->pitch|cms_drivetrain:comms->drivetrain|wec_shut_down:control->manual|no_speed_development:control->pitch,stop:Repeating error BP52->pitch|warning:Repeating error BP 0->pitch|warning:Comm.err. IEC server <- CMS drive tr.->drivetrain|warning:Comm.err. IEC client -> CMS drive tr.->drivetrain|warning:CMS drive train system error->drivetrain|stop:WEC shut down->manual|stop:No speed development->pitch,4213,9386.501584975991,84.8415213803818,8.901840134194867,6.2566384854233394,15.158478619618206,1093,1422.8508358887098,800,587.2794706004796,977,1741.3485003248225,0.0,0,unwarned,False,,0,-1.2715310084319684,,False,False,False
joint_5slots,joint,5,bp_repeat:control->pitch|cms_drivetrain:comms->drivetrain|wec_shut_down:control->manual|no_speed_development:control->pitch|cable_overload:converter->electrical,stop:Repeating error BP52->pitch|warning:Repeating error BP 0->pitch|warning:Comm.err. IEC server <- CMS drive tr.->drivetrain|warning:Comm.err. IEC client -> CMS drive tr.->drivetrain|warning:CMS drive train system error->drivetrain|stop:WEC shut down->manual|stop:No speed development->pitch|warning:Cable overload->electrical,4213,9386.501584975991,84.8415213803818,8.901840134194867,6.2566384854233394,15.158478619618206,1093,1422.8508358887098,800,587.2794706004796,977,1741.3485003248225,0.0,0,unwarned,False,,0,-1.2715310084319684,,False,False,False
joint_5slots,joint,5,bp_repeat:control->pitch|cms_drivetrain:comms->drivetrain|wec_shut_down:control->manual|no_speed_development:control->pitch|high_yaw_load:yaw->external,stop:Repeating error BP52->pitch|warning:Repeating error BP 0->pitch|warning:Comm.err. IEC server <- CMS drive tr.->drivetrain|warning:Comm.err. IEC client -> CMS drive tr.->drivetrain|warning:CMS drive train system error->drivetrain|stop:WEC shut down->manual|stop:No speed development->pitch|stop:High yaw load->external,4213,9386.501584975991,84.8415213803818,8.901840134194867,6.2566384854233394,15.158478619618206,1093,1422.8508358887098,800,587.2794706004796,977,1741.3485003248225,0.0,0,unwarned,False,,0,-1.2715310084319684,,False,False,False
joint_6slots,joint,6,bp_repeat:control->pitch|cms_drivetrain:comms->drivetrain|wec_shut_down:control->manual|no_speed_development:control->pitch|high_yaw_load:yaw->external|cable_overload:converter->electrical,stop:Repeating error BP52->pitch|warning:Repeating error BP 0->pitch|warning:Comm.err. IEC server <- CMS drive tr.->drivetrain|warning:Comm.err. IEC client -> CMS drive tr.->drivetrain|warning:CMS drive train system error->drivetrain|stop:WEC shut down->manual|stop:No speed development->pitch|stop:High yaw load->external|warning:Cable overload->electrical,4213,9386.501584975991,84.8415213803818,8.901840134194867,6.2566384854233394,15.158478619618206,1093,1422.8508358887098,800,587.2794706004796,977,1741.3485003248225,0.0,0,unwarned,False,,0,-1.2715310084319684,,False,False,False
joint_4slots,joint,4,bp_repeat:control->pitch|cms_drivetrain:comms->drivetrain|wec_shut_down:control->manual|no_speed_development:control->brake_hydraulic,stop:Repeating error BP52->pitch|warning:Repeating error BP 0->pitch|warning:Comm.err. IEC server <- CMS drive tr.->drivetrain|warning:Comm.err. IEC client -> CMS drive tr.->drivetrain|warning:CMS drive train system error->drivetrain|stop:WEC shut down->manual|stop:No speed development->brake_hydraulic,4213,9386.501584975991,84.83683899646246,8.903363265844426,6.259797737693121,15.163161003537548,1095,1423.2903479295132,801,587.576013864856,977,1741.3485003248225,0.0,0,unwarned,False,,0,-1.2683717561621872,,False,False,False
joint_5slots,joint,5,bp_repeat:control->pitch|cms_drivetrain:comms->drivetrain|wec_shut_down:control->manual|no_speed_development:control->brake_hydraulic|cable_overload:converter->electrical,stop:Repeating error BP52->pitch|warning:Repeating error BP 0->pitch|warning:Comm.err. IEC server <- CMS drive tr.->drivetrain|warning:Comm.err. IEC client -> CMS drive tr.->drivetrain|warning:CMS drive train system error->drivetrain|stop:WEC shut down->manual|stop:No speed development->brake_hydraulic|warning:Cable overload->electrical,4213,9386.501584975991,84.83683899646246,8.903363265844426,6.259797737693121,15.163161003537548,1095,1423.2903479295132,801,587.576013864856,977,1741.3485003248225,0.0,0,unwarned,False,,0,-1.2683717561621872,,False,False,False
joint_5slots,joint,5,bp_repeat:control->pitch|cms_drivetrain:comms->drivetrain|wec_shut_down:control->manual|no_speed_development:control->brake_hydraulic|high_yaw_load:yaw->external,stop:Repeating error BP52->pitch|warning:Repeating error BP 0->pitch|warning:Comm.err. IEC server <- CMS drive tr.->drivetrain|warning:Comm.err. IEC client -> CMS drive tr.->drivetrain|warning:CMS drive train system error->drivetrain|stop:WEC shut down->manual|stop:No speed development->brake_hydraulic|stop:High yaw load->external,4213,9386.501584975991,84.83683899646246,8.903363265844426,6.259797737693121,15.163161003537548,1095,1423.2903479295132,801,587.576013864856,977,1741.3485003248225,0.0,0,unwarned,False,,0,-1.2683717561621872,,False,False,False
joint_6slots,joint,6,bp_repeat:control->pitch|cms_drivetrain:comms->drivetrain|wec_shut_down:control->manual|no_speed_development:control->brake_hydraulic|high_yaw_load:yaw->external|cable_overload:converter->electrical,stop:Repeating error BP52->pitch|warning:Repeating error BP 0->pitch|warning:Comm.err. IEC server <- CMS drive tr.->drivetrain|warning:Comm.err. IEC client -> CMS drive tr.->drivetrain|warning:CMS drive train system error->drivetrain|stop:WEC shut down->manual|stop:No speed development->brake_hydraulic|stop:High yaw load->external|warning:Cable overload->electrical,4213,9386.501584975991,84.83683899646246,8.903363265844426,6.259797737693121,15.163161003537548,1095,1423.2903479295132,801,587.576013864856,977,1741.3485003248225,0.0,0,unwarned,False,,0,-1.2683717561621872,,False,False,False
joint_3slots,joint,3,bp_repeat:control->pitch|cms_drivetrain:comms->drivetrain|current_asymmetry:converter->generator,stop:Repeating error BP52->pitch|warning:Repeating error BP 0->pitch|warning:Comm.err. IEC server <- CMS drive tr.->drivetrain|warning:Comm.err. IEC client -> CMS drive tr.->drivetrain|warning:CMS drive train system error->drivetrain|stop:Current asymmetry->generator,4213,9386.501584975991,82.68766571670247,8.901840134194867,8.410494149102668,17.312334283297535,1093,1625.0225318980652,800,789.4511666098349,946,1696.3201041110958,0.0,0,actionable_unacted,True,20.788888888888888,2,0.88232465524736,,False,False,False
joint_4slots,joint,4,bp_repeat:control->pitch|cms_drivetrain:comms->drivetrain|current_asymmetry:converter->generator|cable_overload:converter->electrical,stop:Repeating error BP52->pitch|warning:Repeating error BP 0->pitch|warning:Comm.err. IEC server <- CMS drive tr.->drivetrain|warning:Comm.err. IEC client -> CMS drive tr.->drivetrain|warning:CMS drive train system error->drivetrain|stop:Current asymmetry->generator|warning:Cable overload->electrical,4213,9386.501584975991,82.68766571670247,8.901840134194867,8.410494149102668,17.312334283297535,1093,1625.0225318980652,800,789.4511666098349,946,1696.3201041110958,0.0,0,actionable_unacted,True,20.788888888888888,2,0.88232465524736,,False,False,False
joint_4slots,joint,4,bp_repeat:control->pitch|cms_drivetrain:comms->drivetrain|current_asymmetry:converter->generator|high_yaw_load:yaw->external,stop:Repeating error BP52->pitch|warning:Repeating error BP 0->pitch|warning:Comm.err. IEC server <- CMS drive tr.->drivetrain|warning:Comm.err. IEC client -> CMS drive tr.->drivetrain|warning:CMS drive train system error->drivetrain|stop:Current asymmetry->generator|stop:High yaw load->external,4213,9386.501584975991,82.68766571670247,8.901840134194867,8.410494149102668,17.312334283297535,1093,1625.0225318980652,800,789.4511666098349,946,1696.3201041110958,0.0,0,actionable_unacted,True,20.788888888888888,2,0.88232465524736,,False,False,False
joint_5slots,joint,5,bp_repeat:control->pitch|cms_drivetrain:comms->drivetrain|current_asymmetry:converter->generator|high_yaw_load:yaw->external|cable_overload:converter->electrical,stop:Repeating error BP52->pitch|warning:Repeating error BP 0->pitch|warning:Comm.err. IEC server <- CMS drive tr.->drivetrain|warning:Comm.err. IEC client -> CMS drive tr.->drivetrain|warning:CMS drive train system error->drivetrain|stop:Current asymmetry->generator|stop:High yaw load->external|warning:Cable overload->electrical,4213,9386.501584975991,82.68766571670247,8.901840134194867,8.410494149102668,17.312334283297535,1093,1625.0225318980652,800,789.4511666098349,946,1696.3201041110958,0.0,0,actionable_unacted,True,20.788888888888888,2,0.88232465524736,,False,False,False
joint_4slots,joint,4,bp_repeat:control->pitch|cms_drivetrain:comms->drivetrain|current_asymmetry:converter->generator|no_speed_development:control->pitch,stop:Repeating error BP52->pitch|warning:Repeating error BP 0->pitch|warning:Comm.err. IEC server <- CMS drive tr.->drivetrain|warning:Comm.err. IEC client -> CMS drive tr.->drivetrain|warning:CMS drive train system error->drivetrain|stop:Current asymmetry->generator|stop:No speed development->pitch,4213,9386.501584975991,82.60267136378933,8.901840134194867,8.495488502015823,17.39732863621069,1094,1633.0005281813983,801,797.4291628931683,946,1696.3201041110958,0.0,0,actionable_unacted,True,20.788888888888888,2,0.9673190081605147,,False,False,False
joint_5slots,joint,5,bp_repeat:control->pitch|cms_drivetrain:comms->drivetrain|current_asymmetry:converter->generator|no_speed_development:control->pitch|cable_overload:converter->electrical,stop:Repeating error BP52->pitch|warning:Repeating error BP 0->pitch|warning:Comm.err. IEC server <- CMS drive tr.->drivetrain|warning:Comm.err. IEC client -> CMS drive tr.->drivetrain|warning:CMS drive train system error->drivetrain|stop:Current asymmetry->generator|stop:No speed development->pitch|warning:Cable overload->electrical,4213,9386.501584975991,82.60267136378933,8.901840134194867,8.495488502015823,17.39732863621069,1094,1633.0005281813983,801,797.4291628931683,946,1696.3201041110958,0.0,0,actionable_unacted,True,20.788888888888888,2,0.9673190081605147,,False,False,False
joint_5slots,joint,5,bp_repeat:control->pitch|cms_drivetrain:comms->drivetrain|current_asymmetry:converter->generator|no_speed_development:control->pitch|high_yaw_load:yaw->external,stop:Repeating error BP52->pitch|warning:Repeating error BP 0->pitch|warning:Comm.err. IEC server <- CMS drive tr.->drivetrain|warning:Comm.err. IEC client -> CMS drive tr.->drivetrain|warning:CMS drive train system error->drivetrain|stop:Current asymmetry->generator|stop:No speed development->pitch|stop:High yaw load->external,4213,9386.501584975991,82.60267136378933,8.901840134194867,8.495488502015823,17.39732863621069,1094,1633.0005281813983,801,797.4291628931683,946,1696.3201041110958,0.0,0,actionable_unacted,True,20.788888888888888,2,0.9673190081605147,,False,False,False
joint_6slots,joint,6,bp_repeat:control->pitch|cms_drivetrain:comms->drivetrain|current_asymmetry:converter->generator|no_speed_development:control->pitch|high_yaw_load:yaw->external|cable_overload:converter->electrical,stop:Repeating error BP52->pitch|warning:Repeating error BP 0->pitch|warning:Comm.err. IEC server <- CMS drive tr.->drivetrain|warning:Comm.err. IEC client -> CMS drive tr.->drivetrain|warning:CMS drive train system error->drivetrain|stop:Current asymmetry->generator|stop:No speed development->pitch|stop:High yaw load->external|warning:Cable overload->electrical,4213,9386.501584975991,82.60267136378933,8.901840134194867,8.495488502015823,17.39732863621069,1094,1633.0005281813983,801,797.4291628931683,946,1696.3201041110958,0.0,0,actionable_unacted,True,20.788888888888888,2,0.9673190081605147,,False,False,False
joint_4slots,joint,4,bp_repeat:control->pitch|cms_drivetrain:comms->drivetrain|current_asymmetry:converter->generator|no_speed_development:control->brake_hydraulic,stop:Repeating error BP52->pitch|warning:Repeating error BP 0->pitch|warning:Comm.err. IEC server <- CMS drive tr.->drivetrain|warning:Comm.err. IEC client -> CMS drive tr.->drivetrain|warning:CMS drive train system error->drivetrain|stop:Current asymmetry->generator|stop:No speed development->brake_hydraulic,4213,9386.501584975991,82.59798897986998,8.903363265844426,8.498647754285603,17.40201102013003,1096,1633.4400402222018,802,797.7257061575447,946,1696.3201041110958,0.0,0,actionable_unacted,True,20.788888888888888,2,0.9704782604302951,,False,False,False
joint_5slots,joint,5,bp_repeat:control->pitch|cms_drivetrain:comms->drivetrain|current_asymmetry:converter->generator|no_speed_development:control->brake_hydraulic|cable_overload:converter->electrical,stop:Repeating error BP52->pitch|warning:Repeating error BP 0->pitch|warning:Comm.err. IEC server <- CMS drive tr.->drivetrain|warning:Comm.err. IEC client -> CMS drive tr.->drivetrain|warning:CMS drive train system error->drivetrain|stop:Current asymmetry->generator|stop:No speed development->brake_hydraulic|warning:Cable overload->electrical,4213,9386.501584975991,82.59798897986998,8.903363265844426,8.498647754285603,17.40201102013003,1096,1633.4400402222018,802,797.7257061575447,946,1696.3201041110958,0.0,0,actionable_unacted,True,20.788888888888888,2,0.9704782604302951,,False,False,False
joint_5slots,joint,5,bp_repeat:control->pitch|cms_drivetrain:comms->drivetrain|current_asymmetry:converter->generator|no_speed_development:control->brake_hydraulic|high_yaw_load:yaw->external,stop:Repeating error BP52->pitch|warning:Repeating error BP 0->pitch|warning:Comm.err. IEC server <- CMS drive tr.->drivetrain|warning:Comm.err. IEC client -> CMS drive tr.->drivetrain|warning:CMS drive train system error->drivetrain|stop:Current asymmetry->generator|stop:No speed development->brake_hydraulic|stop:High yaw load->external,4213,9386.501584975991,82.59798897986998,8.903363265844426,8.498647754285603,17.40201102013003,1096,1633.4400402222018,802,797.7257061575447,946,1696.3201041110958,0.0,0,actionable_unacted,True,20.788888888888888,2,0.9704782604302951,,False,False,False
joint_6slots,joint,6,bp_repeat:control->pitch|cms_drivetrain:comms->drivetrain|current_asymmetry:converter->generator|no_speed_development:control->brake_hydraulic|high_yaw_load:yaw->external|cable_overload:converter->electrical,stop:Repeating error BP52->pitch|warning:Repeating error BP 0->pitch|warning:Comm.err. IEC server <- CMS drive tr.->drivetrain|warning:Comm.err. IEC client -> CMS drive tr.->drivetrain|warning:CMS drive train system error->drivetrain|stop:Current asymmetry->generator|stop:No speed development->brake_hydraulic|stop:High yaw load->external|warning:Cable overload->electrical,4213,9386.501584975991,82.59798897986998,8.903363265844426,8.498647754285603,17.40201102013003,1096,1633.4400402222018,802,797.7257061575447,946,1696.3201041110958,0.0,0,actionable_unacted,True,20.788888888888888,2,0.9704782604302951,,False,False,False
joint_4slots,joint,4,bp_repeat:control->pitch|cms_drivetrain:comms->drivetrain|current_asymmetry:converter->generator|wec_shut_down:control->manual,stop:Repeating error BP52->pitch|warning:Repeating error BP 0->pitch|warning:Comm.err. IEC server <- CMS drive tr.->drivetrain|warning:Comm.err. IEC client -> CMS drive tr.->drivetrain|warning:CMS drive train system error->drivetrain|stop:Current asymmetry->generator|stop:WEC shut down->manual,4213,9386.501584975991,84.92651573329496,8.901840134194867,6.171644132510185,15.073484266705055,1092,1414.8728396053766,799,579.3014743171462,946,1696.3201041110958,0.0,0,unwarned,False,,0,-1.3565253613451231,,False,False,False
joint_5slots,joint,5,bp_repeat:control->pitch|cms_drivetrain:comms->drivetrain|current_asymmetry:converter->generator|wec_shut_down:control->manual|cable_overload:converter->electrical,stop:Repeating error BP52->pitch|warning:Repeating error BP 0->pitch|warning:Comm.err. IEC server <- CMS drive tr.->drivetrain|warning:Comm.err. IEC client -> CMS drive tr.->drivetrain|warning:CMS drive train system error->drivetrain|stop:Current asymmetry->generator|stop:WEC shut down->manual|warning:Cable overload->electrical,4213,9386.501584975991,84.92651573329496,8.901840134194867,6.171644132510185,15.073484266705055,1092,1414.8728396053766,799,579.3014743171462,946,1696.3201041110958,0.0,0,unwarned,False,,0,-1.3565253613451231,,False,False,False
joint_5slots,joint,5,bp_repeat:control->pitch|cms_drivetrain:comms->drivetrain|current_asymmetry:converter->generator|wec_shut_down:control->manual|high_yaw_load:yaw->external,stop:Repeating error BP52->pitch|warning:Repeating error BP 0->pitch|warning:Comm.err. IEC server <- CMS drive tr.->drivetrain|warning:Comm.err. IEC client -> CMS drive tr.->drivetrain|warning:CMS drive train system error->drivetrain|stop:Current asymmetry->generator|stop:WEC shut down->manual|stop:High yaw load->external,4213,9386.501584975991,84.92651573329496,8.901840134194867,6.171644132510185,15.073484266705055,1092,1414.8728396053766,799,579.3014743171462,946,1696.3201041110958,0.0,0,unwarned,False,,0,-1.3565253613451231,,False,False,False
joint_6slots,joint,6,bp_repeat:control->pitch|cms_drivetrain:comms->drivetrain|current_asymmetry:converter->generator|wec_shut_down:control->manual|high_yaw_load:yaw->external|cable_overload:converter->electrical,stop:Repeating error BP52->pitch|warning:Repeating error BP 0->pitch|warning:Comm.err. IEC server <- CMS drive tr.->drivetrain|warning:Comm.err. IEC client -> CMS drive tr.->drivetrain|warning:CMS drive train system error->drivetrain|stop:Current asymmetry->generator|stop:WEC shut down->manual|stop:High yaw load->external|warning:Cable overload->electrical,4213,9386.501584975991,84.92651573329496,8.901840134194867,6.171644132510185,15.073484266705055,1092,1414.8728396053766,799,579.3014743171462,946,1696.3201041110958,0.0,0,unwarned,False,,0,-1.3565253613451231,,False,False,False
joint_5slots,joint,5,bp_repeat:control->pitch|cms_drivetrain:comms->drivetrain|current_asymmetry:converter->generator|wec_shut_down:control->manual|no_speed_development:control->pitch,stop:Repeating error BP52->pitch|warning:Repeating error BP 0->pitch|warning:Comm.err. IEC server <- CMS drive tr.->drivetrain|warning:Comm.err. IEC client -> CMS drive tr.->drivetrain|warning:CMS drive train system error->drivetrain|stop:Current asymmetry->generator|stop:WEC shut down->manual|stop:No speed development->pitch,4213,9386.501584975991,84.8415213803818,8.901840134194867,6.2566384854233394,15.158478619618206,1093,1422.8508358887098,800,587.2794706004796,946,1696.3201041110958,0.0,0,unwarned,False,,0,-1.2715310084319684,,False,False,False
joint_6slots,joint,6,bp_repeat:control->pitch|cms_drivetrain:comms->drivetrain|current_asymmetry:converter->generator|wec_shut_down:control->manual|no_speed_development:control->pitch|cable_overload:converter->electrical,stop:Repeating error BP52->pitch|warning:Repeating error BP 0->pitch|warning:Comm.err. IEC server <- CMS drive tr.->drivetrain|warning:Comm.err. IEC client -> CMS drive tr.->drivetrain|warning:CMS drive train system error->drivetrain|stop:Current asymmetry->generator|stop:WEC shut down->manual|stop:No speed development->pitch|warning:Cable overload->electrical,4213,9386.501584975991,84.8415213803818,8.901840134194867,6.2566384854233394,15.158478619618206,1093,1422.8508358887098,800,587.2794706004796,946,1696.3201041110958,0.0,0,unwarned,False,,0,-1.2715310084319684,,False,False,False
joint_6slots,joint,6,bp_repeat:control->pitch|cms_drivetrain:comms->drivetrain|current_asymmetry:converter->generator|wec_shut_down:control->manual|no_speed_development:control->pitch|high_yaw_load:yaw->external,stop:Repeating error BP52->pitch|warning:Repeating error BP 0->pitch|warning:Comm.err. IEC server <- CMS drive tr.->drivetrain|warning:Comm.err. IEC client -> CMS drive tr.->drivetrain|warning:CMS drive train system error->drivetrain|stop:Current asymmetry->generator|stop:WEC shut down->manual|stop:No speed development->pitch|stop:High yaw load->external,4213,9386.501584975991,84.8415213803818,8.901840134194867,6.2566384854233394,15.158478619618206,1093,1422.8508358887098,800,587.2794706004796,946,1696.3201041110958,0.0,0,unwarned,False,,0,-1.2715310084319684,,False,False,False
joint_7slots,joint,7,bp_repeat:control->pitch|cms_drivetrain:comms->drivetrain|current_asymmetry:converter->generator|wec_shut_down:control->manual|no_speed_development:control->pitch|high_yaw_load:yaw->external|cable_overload:converter->electrical,stop:Repeating error BP52->pitch|warning:Repeating error BP 0->pitch|warning:Comm.err. IEC server <- CMS drive tr.->drivetrain|warning:Comm.err. IEC client -> CMS drive tr.->drivetrain|warning:CMS drive train system error->drivetrain|stop:Current asymmetry->generator|stop:WEC shut down->manual|stop:No speed development->pitch|stop:High yaw load->external|warning:Cable overload->electrical,4213,9386.501584975991,84.8415213803818,8.901840134194867,6.2566384854233394,15.158478619618206,1093,1422.8508358887098,800,587.2794706004796,946,1696.3201041110958,0.0,0,unwarned,False,,0,-1.2715310084319684,,False,False,False
joint_5slots,joint,5,bp_repeat:control->pitch|cms_drivetrain:comms->drivetrain|current_asymmetry:converter->generator|wec_shut_down:control->manual|no_speed_development:control->brake_hydraulic,stop:Repeating error BP52->pitch|warning:Repeating error BP 0->pitch|warning:Comm.err. IEC server <- CMS drive tr.->drivetrain|warning:Comm.err. IEC client -> CMS drive tr.->drivetrain|warning:CMS drive train system error->drivetrain|stop:Current asymmetry->generator|stop:WEC shut down->manual|stop:No speed development->brake_hydraulic,4213,9386.501584975991,84.83683899646246,8.903363265844426,6.259797737693121,15.163161003537548,1095,1423.2903479295132,801,587.576013864856,946,1696.3201041110958,0.0,0,unwarned,False,,0,-1.2683717561621872,,False,False,False
joint_6slots,joint,6,bp_repeat:control->pitch|cms_drivetrain:comms->drivetrain|current_asymmetry:converter->generator|wec_shut_down:control->manual|no_speed_development:control->brake_hydraulic|cable_overload:converter->electrical,stop:Repeating error BP52->pitch|warning:Repeating error BP 0->pitch|warning:Comm.err. IEC server <- CMS drive tr.->drivetrain|warning:Comm.err. IEC client -> CMS drive tr.->drivetrain|warning:CMS drive train system error->drivetrain|stop:Current asymmetry->generator|stop:WEC shut down->manual|stop:No speed development->brake_hydraulic|warning:Cable overload->electrical,4213,9386.501584975991,84.83683899646246,8.903363265844426,6.259797737693121,15.163161003537548,1095,1423.2903479295132,801,587.576013864856,946,1696.3201041110958,0.0,0,unwarned,False,,0,-1.2683717561621872,,False,False,False
joint_6slots,joint,6,bp_repeat:control->pitch|cms_drivetrain:comms->drivetrain|current_asymmetry:converter->generator|wec_shut_down:control->manual|no_speed_development:control->brake_hydraulic|high_yaw_load:yaw->external,stop:Repeating error BP52->pitch|warning:Repeating error BP 0->pitch|warning:Comm.err. IEC server <- CMS drive tr.->drivetrain|warning:Comm.err. IEC client -> CMS drive tr.->drivetrain|warning:CMS drive train system error->drivetrain|stop:Current asymmetry->generator|stop:WEC shut down->manual|stop:No speed development->brake_hydraulic|stop:High yaw load->external,4213,9386.501584975991,84.83683899646246,8.903363265844426,6.259797737693121,15.163161003537548,1095,1423.2903479295132,801,587.576013864856,946,1696.3201041110958,0.0,0,unwarned,False,,0,-1.2683717561621872,,False,False,False
joint_7slots,joint,7,bp_repeat:control->pitch|cms_drivetrain:comms->drivetrain|current_asymmetry:converter->generator|wec_shut_down:control->manual|no_speed_development:control->brake_hydraulic|high_yaw_load:yaw->external|cable_overload:converter->electrical,stop:Repeating error BP52->pitch|warning:Repeating error BP 0->pitch|warning:Comm.err. IEC server <- CMS drive tr.->drivetrain|warning:Comm.err. IEC client -> CMS drive tr.->drivetrain|warning:CMS drive train system error->drivetrain|stop:Current asymmetry->generator|stop:WEC shut down->manual|stop:No speed development->brake_hydraulic|stop:High yaw load->external|warning:Cable overload->electrical,4213,9386.501584975991,84.83683899646246,8.903363265844426,6.259797737693121,15.163161003537548,1095,1423.2903479295132,801,587.576013864856,946,1696.3201041110958,0.0,0,unwarned,False,,0,-1.2683717561621872,,False,False,False
bp_repeat:control->pitch+time_sync:external->control,joint,2,bp_repeat:control->pitch|time_sync:external->control,stop:Repeating error BP52->pitch|warning:Repeating error BP 0->pitch|warning:Check time synchronization->control|warning:Time sync. failed (SNTP error)->control,4213,9386.501584975991,82.72215074151194,8.9009597724184,8.376889486069672,17.27784925848807,1079,1621.7855944977453,790,786.2968643816168,977,1741.3485003248225,0.0,0,actionable_unacted,True,46.393055555555556,3,0.848719992214364,,False,False,False
joint_3slots,joint,3,bp_repeat:control->pitch|time_sync:external->control|cable_overload:converter->electrical,stop:Repeating error BP52->pitch|warning:Repeating error BP 0->pitch|warning:Check time synchronization->control|warning:Time sync. failed (SNTP error)->control|warning:Cable overload->electrical,4213,9386.501584975991,82.72215074151194,8.9009597724184,8.376889486069672,17.27784925848807,1079,1621.7855944977453,790,786.2968643816168,977,1741.3485003248225,0.0,0,actionable_unacted,True,46.393055555555556,3,0.848719992214364,,False,False,False
joint_3slots,joint,3,bp_repeat:control->pitch|time_sync:external->control|high_yaw_load:yaw->external,stop:Repeating error BP52->pitch|warning:Repeating error BP 0->pitch|warning:Check time synchronization->control|warning:Time sync. failed (SNTP error)->control|stop:High yaw load->external,4213,9386.501584975991,82.72215074151194,8.9009597724184,8.376889486069672,17.27784925848807,1079,1621.7855944977453,790,786.2968643816168,977,1741.3485003248225,0.0,0,actionable_unacted,True,46.393055555555556,3,0.848719992214364,,False,False,False
joint_4slots,joint,4,bp_repeat:control->pitch|time_sync:external->control|high_yaw_load:yaw->external|cable_overload:converter->electrical,stop:Repeating error BP52->pitch|warning:Repeating error BP 0->pitch|warning:Check time synchronization->control|warning:Time sync. failed (SNTP error)->control|stop:High yaw load->external|warning:Cable overload->electrical,4213,9386.501584975991,82.72215074151194,8.9009597724184,8.376889486069672,17.27784925848807,1079,1621.7855944977453,790,786.2968643816168,977,1741.3485003248225,0.0,0,actionable_unacted,True,46.393055555555556,3,0.848719992214364,,False,False,False
joint_3slots,joint,3,bp_repeat:control->pitch|time_sync:external->control|no_speed_development:control->pitch,stop:Repeating error BP52->pitch|warning:Repeating error BP 0->pitch|warning:Check time synchronization->control|warning:Time sync. failed (SNTP error)->control|stop:No speed development->pitch,4213,9386.501584975991,82.6371563885988,8.9009597724184,8.461883838982827,17.362843611401225,1080,1629.7635907810786,791,794.2748606649502,977,1741.3485003248225,0.0,0,actionable_unacted,True,46.393055555555556,3,0.9337143451275187,,False,False,False
joint_4slots,joint,4,bp_repeat:control->pitch|time_sync:external->control|no_speed_development:control->pitch|cable_overload:converter->electrical,stop:Repeating error BP52->pitch|warning:Repeating error BP 0->pitch|warning:Check time synchronization->control|warning:Time sync. failed (SNTP error)->control|stop:No speed development->pitch|warning:Cable overload->electrical,4213,9386.501584975991,82.6371563885988,8.9009597724184,8.461883838982827,17.362843611401225,1080,1629.7635907810786,791,794.2748606649502,977,1741.3485003248225,0.0,0,actionable_unacted,True,46.393055555555556,3,0.9337143451275187,,False,False,False
joint_4slots,joint,4,bp_repeat:control->pitch|time_sync:external->control|no_speed_development:control->pitch|high_yaw_load:yaw->external,stop:Repeating error BP52->pitch|warning:Repeating error BP 0->pitch|warning:Check time synchronization->control|warning:Time sync. failed (SNTP error)->control|stop:No speed development->pitch|stop:High yaw load->external,4213,9386.501584975991,82.6371563885988,8.9009597724184,8.461883838982827,17.362843611401225,1080,1629.7635907810786,791,794.2748606649502,977,1741.3485003248225,0.0,0,actionable_unacted,True,46.393055555555556,3,0.9337143451275187,,False,False,False
joint_5slots,joint,5,bp_repeat:control->pitch|time_sync:external->control|no_speed_development:control->pitch|high_yaw_load:yaw->external|cable_overload:converter->electrical,stop:Repeating error BP52->pitch|warning:Repeating error BP 0->pitch|warning:Check time synchronization->control|warning:Time sync. failed (SNTP error)->control|stop:No speed development->pitch|stop:High yaw load->external|warning:Cable overload->electrical,4213,9386.501584975991,82.6371563885988,8.9009597724184,8.461883838982827,17.362843611401225,1080,1629.7635907810786,791,794.2748606649502,977,1741.3485003248225,0.0,0,actionable_unacted,True,46.393055555555556,3,0.9337143451275187,,False,False,False
joint_3slots,joint,3,bp_repeat:control->pitch|time_sync:external->control|no_speed_development:control->brake_hydraulic,stop:Repeating error BP52->pitch|warning:Repeating error BP 0->pitch|warning:Check time synchronization->control|warning:Time sync. failed (SNTP error)->control|stop:No speed development->brake_hydraulic,4213,9386.501584975991,82.63247400467945,8.902482904067961,8.465043091252605,17.367525995320566,1082,1630.2031028218823,792,794.5714039293264,977,1741.3485003248225,0.0,0,actionable_unacted,True,46.393055555555556,3,0.9368735973972973,,False,False,False
joint_4slots,joint,4,bp_repeat:control->pitch|time_sync:external->control|no_speed_development:control->brake_hydraulic|cable_overload:converter->electrical,stop:Repeating error BP52->pitch|warning:Repeating error BP 0->pitch|warning:Check time synchronization->control|warning:Time sync. failed (SNTP error)->control|stop:No speed development->brake_hydraulic|warning:Cable overload->electrical,4213,9386.501584975991,82.63247400467945,8.902482904067961,8.465043091252605,17.367525995320566,1082,1630.2031028218823,792,794.5714039293264,977,1741.3485003248225,0.0,0,actionable_unacted,True,46.393055555555556,3,0.9368735973972973,,False,False,False
joint_4slots,joint,4,bp_repeat:control->pitch|time_sync:external->control|no_speed_development:control->brake_hydraulic|high_yaw_load:yaw->external,stop:Repeating error BP52->pitch|warning:Repeating error BP 0->pitch|warning:Check time synchronization->control|warning:Time sync. failed (SNTP error)->control|stop:No speed development->brake_hydraulic|stop:High yaw load->external,4213,9386.501584975991,82.63247400467945,8.902482904067961,8.465043091252605,17.367525995320566,1082,1630.2031028218823,792,794.5714039293264,977,1741.3485003248225,0.0,0,actionable_unacted,True,46.393055555555556,3,0.9368735973972973,,False,False,False
joint_5slots,joint,5,bp_repeat:control->pitch|time_sync:external->control|no_speed_development:control->brake_hydraulic|high_yaw_load:yaw->external|cable_overload:converter->electrical,stop:Repeating error BP52->pitch|warning:Repeating error BP 0->pitch|warning:Check time synchronization->control|warning:Time sync. failed (SNTP error)->control|stop:No speed development->brake_hydraulic|stop:High yaw load->external|warning:Cable overload->electrical,4213,9386.501584975991,82.63247400467945,8.902482904067961,8.465043091252605,17.367525995320566,1082,1630.2031028218823,792,794.5714039293264,977,1741.3485003248225,0.0,0,actionable_unacted,True,46.393055555555556,3,0.9368735973972973,,False,False,False
joint_3slots,joint,3,bp_repeat:control->pitch|time_sync:external->control|wec_shut_down:control->manual,stop:Repeating error BP52->pitch|warning:Repeating error BP 0->pitch|warning:Check time synchronization->control|warning:Time sync. failed (SNTP error)->control|stop:WEC shut down->manual,4213,9386.501584975991,84.96100075810443,8.9009597724184,6.138039469477187,15.038999241895588,1078,1411.6359022050565,789,576.1471720889281,977,1741.3485003248225,0.0,0,unwarned,False,,0,-1.390130024378121,,False,False,False
joint_4slots,joint,4,bp_repeat:control->pitch|time_sync:external->control|wec_shut_down:control->manual|cable_overload:converter->electrical,stop:Repeating error BP52->pitch|warning:Repeating error BP 0->pitch|warning:Check time synchronization->control|warning:Time sync. failed (SNTP error)->control|stop:WEC shut down->manual|warning:Cable overload->electrical,4213,9386.501584975991,84.96100075810443,8.9009597724184,6.138039469477187,15.038999241895588,1078,1411.6359022050565,789,576.1471720889281,977,1741.3485003248225,0.0,0,unwarned,False,,0,-1.390130024378121,,False,False,False
joint_4slots,joint,4,bp_repeat:control->pitch|time_sync:external->control|wec_shut_down:control->manual|high_yaw_load:yaw->external,stop:Repeating error BP52->pitch|warning:Repeating error BP 0->pitch|warning:Check time synchronization->control|warning:Time sync. failed (SNTP error)->control|stop:WEC shut down->manual|stop:High yaw load->external,4213,9386.501584975991,84.96100075810443,8.9009597724184,6.138039469477187,15.038999241895588,1078,1411.6359022050565,789,576.1471720889281,977,1741.3485003248225,0.0,0,unwarned,False,,0,-1.390130024378121,,False,False,False
joint_5slots,joint,5,bp_repeat:control->pitch|time_sync:external->control|wec_shut_down:control->manual|high_yaw_load:yaw->external|cable_overload:converter->electrical,stop:Repeating error BP52->pitch|warning:Repeating error BP 0->pitch|warning:Check time synchronization->control|warning:Time sync. failed (SNTP error)->control|stop:WEC shut down->manual|stop:High yaw load->external|warning:Cable overload->electrical,4213,9386.501584975991,84.96100075810443,8.9009597724184,6.138039469477187,15.038999241895588,1078,1411.6359022050565,789,576.1471720889281,977,1741.3485003248225,0.0,0,unwarned,False,,0,-1.390130024378121,,False,False,False
joint_4slots,joint,4,bp_repeat:control->pitch|time_sync:external->control|wec_shut_down:control->manual|no_speed_development:control->pitch,stop:Repeating error BP52->pitch|warning:Repeating error BP 0->pitch|warning:Check time synchronization->control|warning:Time sync. failed (SNTP error)->control|stop:WEC shut down->manual|stop:No speed development->pitch,4213,9386.501584975991,84.87600640519126,8.9009597724184,6.2230338223903425,15.12399359480874,1079,1419.6138984883896,790,584.1251683722614,977,1741.3485003248225,0.0,0,unwarned,False,,0,-1.3051356714649653,,False,False,False
joint_5slots,joint,5,bp_repeat:control->pitch|time_sync:external->control|wec_shut_down:control->manual|no_speed_development:control->pitch|cable_overload:converter->electrical,stop:Repeating error BP52->pitch|warning:Repeating error BP 0->pitch|warning:Check time synchronization->control|warning:Time sync. failed (SNTP error)->control|stop:WEC shut down->manual|stop:No speed development->pitch|warning:Cable overload->electrical,4213,9386.501584975991,84.87600640519126,8.9009597724184,6.2230338223903425,15.12399359480874,1079,1419.6138984883896,790,584.1251683722614,977,1741.3485003248225,0.0,0,unwarned,False,,0,-1.3051356714649653,,False,False,False
joint_5slots,joint,5,bp_repeat:control->pitch|time_sync:external->control|wec_shut_down:control->manual|no_speed_development:control->pitch|high_yaw_load:yaw->external,stop:Repeating error BP52->pitch|warning:Repeating error BP 0->pitch|warning:Check time synchronization->control|warning:Time sync. failed (SNTP error)->control|stop:WEC shut down->manual|stop:No speed development->pitch|stop:High yaw load->external,4213,9386.501584975991,84.87600640519126,8.9009597724184,6.2230338223903425,15.12399359480874,1079,1419.6138984883896,790,584.1251683722614,977,1741.3485003248225,0.0,0,unwarned,False,,0,-1.3051356714649653,,False,False,False
joint_6slots,joint,6,bp_repeat:control->pitch|time_sync:external->control|wec_shut_down:control->manual|no_speed_development:control->pitch|high_yaw_load:yaw->external|cable_overload:converter->electrical,stop:Repeating error BP52->pitch|warning:Repeating error BP 0->pitch|warning:Check time synchronization->control|warning:Time sync. failed (SNTP error)->control|stop:WEC shut down->manual|stop:No speed development->pitch|stop:High yaw load->external|warning:Cable overload->electrical,4213,9386.501584975991,84.87600640519126,8.9009597724184,6.2230338223903425,15.12399359480874,1079,1419.6138984883896,790,584.1251683722614,977,1741.3485003248225,0.0,0,unwarned,False,,0,-1.3051356714649653,,False,False,False
joint_4slots,joint,4,bp_repeat:control->pitch|time_sync:external->control|wec_shut_down:control->manual|no_speed_development:control->brake_hydraulic,stop:Repeating error BP52->pitch|warning:Repeating error BP 0->pitch|warning:Check time synchronization->control|warning:Time sync. failed (SNTP error)->control|stop:WEC shut down->manual|stop:No speed development->brake_hydraulic,4213,9386.501584975991,84.87132402127193,8.902482904067961,6.226193074660122,15.128675978728085,1081,1420.0534105291936,791,584.4217116366377,977,1741.3485003248225,0.0,0,unwarned,False,,0,-1.301976419195186,,False,False,False
joint_5slots,joint,5,bp_repeat:control->pitch|time_sync:external->control|wec_shut_down:control->manual|no_speed_development:control->brake_hydraulic|cable_overload:converter->electrical,stop:Repeating error BP52->pitch|warning:Repeating error BP 0->pitch|warning:Check time synchronization->control|warning:Time sync. failed (SNTP error)->control|stop:WEC shut down->manual|stop:No speed development->brake_hydraulic|warning:Cable overload->electrical,4213,9386.501584975991,84.87132402127193,8.902482904067961,6.226193074660122,15.128675978728085,1081,1420.0534105291936,791,584.4217116366377,977,1741.3485003248225,0.0,0,unwarned,False,,0,-1.301976419195186,,False,False,False
joint_5slots,joint,5,bp_repeat:control->pitch|time_sync:external->control|wec_shut_down:control->manual|no_speed_development:control->brake_hydraulic|high_yaw_load:yaw->external,stop:Repeating error BP52->pitch|warning:Repeating error BP 0->pitch|warning:Check time synchronization->control|warning:Time sync. failed (SNTP error)->control|stop:WEC shut down->manual|stop:No speed development->brake_hydraulic|stop:High yaw load->external,4213,9386.501584975991,84.87132402127193,8.902482904067961,6.226193074660122,15.128675978728085,1081,1420.0534105291936,791,584.4217116366377,977,1741.3485003248225,0.0,0,unwarned,False,,0,-1.301976419195186,,False,False,False
joint_6slots,joint,6,bp_repeat:control->pitch|time_sync:external->control|wec_shut_down:control->manual|no_speed_development:control->brake_hydraulic|high_yaw_load:yaw->external|cable_overload:converter->electrical,stop:Repeating error BP52->pitch|warning:Repeating error BP 0->pitch|warning:Check time synchronization->control|warning:Time sync. failed (SNTP error)->control|stop:WEC shut down->manual|stop:No speed development->brake_hydraulic|stop:High yaw load->external|warning:Cable overload->electrical,4213,9386.501584975991,84.87132402127193,8.902482904067961,6.226193074660122,15.128675978728085,1081,1420.0534105291936,791,584.4217116366377,977,1741.3485003248225,0.0,0,unwarned,False,,0,-1.301976419195186,,False,False,False
joint_3slots,joint,3,bp_repeat:control->pitch|time_sync:external->control|current_asymmetry:converter->generator,stop:Repeating error BP52->pitch|warning:Repeating error BP 0->pitch|warning:Check time synchronization->control|warning:Time sync. failed (SNTP error)->control|stop:Current asymmetry->generator,4213,9386.501584975991,82.72215074151194,8.9009597724184,8.376889486069672,17.27784925848807,1079,1621.7855944977453,790,786.2968643816168,946,1696.3201041110958,0.0,0,actionable_unacted,True,46.393055555555556,3,0.848719992214364,,False,False,False
joint_4slots,joint,4,bp_repeat:control->pitch|time_sync:external->control|current_asymmetry:converter->generator|cable_overload:converter->electrical,stop:Repeating error BP52->pitch|warning:Repeating error BP 0->pitch|warning:Check time synchronization->control|warning:Time sync. failed (SNTP error)->control|stop:Current asymmetry->generator|warning:Cable overload->electrical,4213,9386.501584975991,82.72215074151194,8.9009597724184,8.376889486069672,17.27784925848807,1079,1621.7855944977453,790,786.2968643816168,946,1696.3201041110958,0.0,0,actionable_unacted,True,46.393055555555556,3,0.848719992214364,,False,False,False
joint_4slots,joint,4,bp_repeat:control->pitch|time_sync:external->control|current_asymmetry:converter->generator|high_yaw_load:yaw->external,stop:Repeating error BP52->pitch|warning:Repeating error BP 0->pitch|warning:Check time synchronization->control|warning:Time sync. failed (SNTP error)->control|stop:Current asymmetry->generator|stop:High yaw load->external,4213,9386.501584975991,82.72215074151194,8.9009597724184,8.376889486069672,17.27784925848807,1079,1621.7855944977453,790,786.2968643816168,946,1696.3201041110958,0.0,0,actionable_unacted,True,46.393055555555556,3,0.848719992214364,,False,False,False
joint_5slots,joint,5,bp_repeat:control->pitch|time_sync:external->control|current_asymmetry:converter->generator|high_yaw_load:yaw->external|cable_overload:converter->electrical,stop:Repeating error BP52->pitch|warning:Repeating error BP 0->pitch|warning:Check time synchronization->control|warning:Time sync. failed (SNTP error)->control|stop:Current asymmetry->generator|stop:High yaw load->external|warning:Cable overload->electrical,4213,9386.501584975991,82.72215074151194,8.9009597724184,8.376889486069672,17.27784925848807,1079,1621.7855944977453,790,786.2968643816168,946,1696.3201041110958,0.0,0,actionable_unacted,True,46.393055555555556,3,0.848719992214364,,False,False,False
joint_4slots,joint,4,bp_repeat:control->pitch|time_sync:external->control|current_asymmetry:converter->generator|no_speed_development:control->pitch,stop:Repeating error BP52->pitch|warning:Repeating error BP 0->pitch|warning:Check time synchronization->control|warning:Time sync. failed (SNTP error)->control|stop:Current asymmetry->generator|stop:No speed development->pitch,4213,9386.501584975991,82.6371563885988,8.9009597724184,8.461883838982827,17.362843611401225,1080,1629.7635907810786,791,794.2748606649502,946,1696.3201041110958,0.0,0,actionable_unacted,True,46.393055555555556,3,0.9337143451275187,,False,False,False
joint_5slots,joint,5,bp_repeat:control->pitch|time_sync:external->control|current_asymmetry:converter->generator|no_speed_development:control->pitch|cable_overload:converter->electrical,stop:Repeating error BP52->pitch|warning:Repeating error BP 0->pitch|warning:Check time synchronization->control|warning:Time sync. failed (SNTP error)->control|stop:Current asymmetry->generator|stop:No speed development->pitch|warning:Cable overload->electrical,4213,9386.501584975991,82.6371563885988,8.9009597724184,8.461883838982827,17.362843611401225,1080,1629.7635907810786,791,794.2748606649502,946,1696.3201041110958,0.0,0,actionable_unacted,True,46.393055555555556,3,0.9337143451275187,,False,False,False
joint_5slots,joint,5,bp_repeat:control->pitch|time_sync:external->control|current_asymmetry:converter->generator|no_speed_development:control->pitch|high_yaw_load:yaw->external,stop:Repeating error BP52->pitch|warning:Repeating error BP 0->pitch|warning:Check time synchronization->control|warning:Time sync. failed (SNTP error)->control|stop:Current asymmetry->generator|stop:No speed development->pitch|stop:High yaw load->external,4213,9386.501584975991,82.6371563885988,8.9009597724184,8.461883838982827,17.362843611401225,1080,1629.7635907810786,791,794.2748606649502,946,1696.3201041110958,0.0,0,actionable_unacted,True,46.393055555555556,3,0.9337143451275187,,False,False,False
joint_6slots,joint,6,bp_repeat:control->pitch|time_sync:external->control|current_asymmetry:converter->generator|no_speed_development:control->pitch|high_yaw_load:yaw->external|cable_overload:converter->electrical,stop:Repeating error BP52->pitch|warning:Repeating error BP 0->pitch|warning:Check time synchronization->control|warning:Time sync. failed (SNTP error)->control|stop:Current asymmetry->generator|stop:No speed development->pitch|stop:High yaw load->external|warning:Cable overload->electrical,4213,9386.501584975991,82.6371563885988,8.9009597724184,8.461883838982827,17.362843611401225,1080,1629.7635907810786,791,794.2748606649502,946,1696.3201041110958,0.0,0,actionable_unacted,True,46.393055555555556,3,0.9337143451275187,,False,False,False
joint_4slots,joint,4,bp_repeat:control->pitch|time_sync:external->control|current_asymmetry:converter->generator|no_speed_development:control->brake_hydraulic,stop:Repeating error BP52->pitch|warning:Repeating error BP 0->pitch|warning:Check time synchronization->control|warning:Time sync. failed (SNTP error)->control|stop:Current asymmetry->generator|stop:No speed development->brake_hydraulic,4213,9386.501584975991,82.63247400467945,8.902482904067961,8.465043091252605,17.367525995320566,1082,1630.2031028218823,792,794.5714039293264,946,1696.3201041110958,0.0,0,actionable_unacted,True,46.393055555555556,3,0.9368735973972973,,False,False,False
joint_5slots,joint,5,bp_repeat:control->pitch|time_sync:external->control|current_asymmetry:converter->generator|no_speed_development:control->brake_hydraulic|cable_overload:converter->electrical,stop:Repeating error BP52->pitch|warning:Repeating error BP 0->pitch|warning:Check time synchronization->control|warning:Time sync. failed (SNTP error)->control|stop:Current asymmetry->generator|stop:No speed development->brake_hydraulic|warning:Cable overload->electrical,4213,9386.501584975991,82.63247400467945,8.902482904067961,8.465043091252605,17.367525995320566,1082,1630.2031028218823,792,794.5714039293264,946,1696.3201041110958,0.0,0,actionable_unacted,True,46.393055555555556,3,0.9368735973972973,,False,False,False
joint_5slots,joint,5,bp_repeat:control->pitch|time_sync:external->control|current_asymmetry:converter->generator|no_speed_development:control->brake_hydraulic|high_yaw_load:yaw->external,stop:Repeating error BP52->pitch|warning:Repeating error BP 0->pitch|warning:Check time synchronization->control|warning:Time sync. failed (SNTP error)->control|stop:Current asymmetry->generator|stop:No speed development->brake_hydraulic|stop:High yaw load->external,4213,9386.501584975991,82.63247400467945,8.902482904067961,8.465043091252605,17.367525995320566,1082,1630.2031028218823,792,794.5714039293264,946,1696.3201041110958,0.0,0,actionable_unacted,True,46.393055555555556,3,0.9368735973972973,,False,False,False
joint_6slots,joint,6,bp_repeat:control->pitch|time_sync:external->control|current_asymmetry:converter->generator|no_speed_development:control->brake_hydraulic|high_yaw_load:yaw->external|cable_overload:converter->electrical,stop:Repeating error BP52->pitch|warning:Repeating error BP 0->pitch|warning:Check time synchronization->control|warning:Time sync. failed (SNTP error)->control|stop:Current asymmetry->generator|stop:No speed development->brake_hydraulic|stop:High yaw load->external|warning:Cable overload->electrical,4213,9386.501584975991,82.63247400467945,8.902482904067961,8.465043091252605,17.367525995320566,1082,1630.2031028218823,792,794.5714039293264,946,1696.3201041110958,0.0,0,actionable_unacted,True,46.393055555555556,3,0.9368735973972973,,False,False,False
joint_4slots,joint,4,bp_repeat:control->pitch|time_sync:external->control|current_asymmetry:converter->generator|wec_shut_down:control->manual,stop:Repeating error BP52->pitch|warning:Repeating error BP 0->pitch|warning:Check time synchronization->control|warning:Time sync. failed (SNTP error)->control|stop:Current asymmetry->generator|stop:WEC shut down->manual,4213,9386.501584975991,84.96100075810443,8.9009597724184,6.138039469477187,15.038999241895588,1078,1411.6359022050565,789,576.1471720889281,946,1696.3201041110958,0.0,0,unwarned,False,,0,-1.390130024378121,,False,False,False
joint_5slots,joint,5,bp_repeat:control->pitch|time_sync:external->control|current_asymmetry:converter->generator|wec_shut_down:control->manual|cable_overload:converter->electrical,stop:Repeating error BP52->pitch|warning:Repeating error BP 0->pitch|warning:Check time synchronization->control|warning:Time sync. failed (SNTP error)->control|stop:Current asymmetry->generator|stop:WEC shut down->manual|warning:Cable overload->electrical,4213,9386.501584975991,84.96100075810443,8.9009597724184,6.138039469477187,15.038999241895588,1078,1411.6359022050565,789,576.1471720889281,946,1696.3201041110958,0.0,0,unwarned,False,,0,-1.390130024378121,,False,False,False
joint_5slots,joint,5,bp_repeat:control->pitch|time_sync:external->control|current_asymmetry:converter->generator|wec_shut_down:control->manual|high_yaw_load:yaw->external,stop:Repeating error BP52->pitch|warning:Repeating error BP 0->pitch|warning:Check time synchronization->control|warning:Time sync. failed (SNTP error)->control|stop:Current asymmetry->generator|stop:WEC shut down->manual|stop:High yaw load->external,4213,9386.501584975991,84.96100075810443,8.9009597724184,6.138039469477187,15.038999241895588,1078,1411.6359022050565,789,576.1471720889281,946,1696.3201041110958,0.0,0,unwarned,False,,0,-1.390130024378121,,False,False,False
joint_6slots,joint,6,bp_repeat:control->pitch|time_sync:external->control|current_asymmetry:converter->generator|wec_shut_down:control->manual|high_yaw_load:yaw->external|cable_overload:converter->electrical,stop:Repeating error BP52->pitch|warning:Repeating error BP 0->pitch|warning:Check time synchronization->control|warning:Time sync. failed (SNTP error)->control|stop:Current asymmetry->generator|stop:WEC shut down->manual|stop:High yaw load->external|warning:Cable overload->electrical,4213,9386.501584975991,84.96100075810443,8.9009597724184,6.138039469477187,15.038999241895588,1078,1411.6359022050565,789,576.1471720889281,946,1696.3201041110958,0.0,0,unwarned,False,,0,-1.390130024378121,,False,False,False
joint_5slots,joint,5,bp_repeat:control->pitch|time_sync:external->control|current_asymmetry:converter->generator|wec_shut_down:control->manual|no_speed_development:control->pitch,stop:Repeating error BP52->pitch|warning:Repeating error BP 0->pitch|warning:Check time synchronization->control|warning:Time sync. failed (SNTP error)->control|stop:Current asymmetry->generator|stop:WEC shut down->manual|stop:No speed development->pitch,4213,9386.501584975991,84.87600640519126,8.9009597724184,6.2230338223903425,15.12399359480874,1079,1419.6138984883896,790,584.1251683722614,946,1696.3201041110958,0.0,0,unwarned,False,,0,-1.3051356714649653,,False,False,False
joint_6slots,joint,6,bp_repeat:control->pitch|time_sync:external->control|current_asymmetry:converter->generator|wec_shut_down:control->manual|no_speed_development:control->pitch|cable_overload:converter->electrical,stop:Repeating error BP52->pitch|warning:Repeating error BP 0->pitch|warning:Check time synchronization->control|warning:Time sync. failed (SNTP error)->control|stop:Current asymmetry->generator|stop:WEC shut down->manual|stop:No speed development->pitch|warning:Cable overload->electrical,4213,9386.501584975991,84.87600640519126,8.9009597724184,6.2230338223903425,15.12399359480874,1079,1419.6138984883896,790,584.1251683722614,946,1696.3201041110958,0.0,0,unwarned,False,,0,-1.3051356714649653,,False,False,False
joint_6slots,joint,6,bp_repeat:control->pitch|time_sync:external->control|current_asymmetry:converter->generator|wec_shut_down:control->manual|no_speed_development:control->pitch|high_yaw_load:yaw->external,stop:Repeating error BP52->pitch|warning:Repeating error BP 0->pitch|warning:Check time synchronization->control|warning:Time sync. failed (SNTP error)->control|stop:Current asymmetry->generator|stop:WEC shut down->manual|stop:No speed development->pitch|stop:High yaw load->external,4213,9386.501584975991,84.87600640519126,8.9009597724184,6.2230338223903425,15.12399359480874,1079,1419.6138984883896,790,584.1251683722614,946,1696.3201041110958,0.0,0,unwarned,False,,0,-1.3051356714649653,,False,False,False
joint_7slots,joint,7,bp_repeat:control->pitch|time_sync:external->control|current_asymmetry:converter->generator|wec_shut_down:control->manual|no_speed_development:control->pitch|high_yaw_load:yaw->external|cable_overload:converter->electrical,stop:Repeating error BP52->pitch|warning:Repeating error BP 0->pitch|warning:Check time synchronization->control|warning:Time sync. failed (SNTP error)->control|stop:Current asymmetry->generator|stop:WEC shut down->manual|stop:No speed development->pitch|stop:High yaw load->external|warning:Cable overload->electrical,4213,9386.501584975991,84.87600640519126,8.9009597724184,6.2230338223903425,15.12399359480874,1079,1419.6138984883896,790,584.1251683722614,946,1696.3201041110958,0.0,0,unwarned,False,,0,-1.3051356714649653,,False,False,False
joint_5slots,joint,5,bp_repeat:control->pitch|time_sync:external->control|current_asymmetry:converter->generator|wec_shut_down:control->manual|no_speed_development:control->brake_hydraulic,stop:Repeating error BP52->pitch|warning:Repeating error BP 0->pitch|warning:Check time synchronization->control|warning:Time sync. failed (SNTP error)->control|stop:Current asymmetry->generator|stop:WEC shut down->manual|stop:No speed development->brake_hydraulic,4213,9386.501584975991,84.87132402127193,8.902482904067961,6.226193074660122,15.128675978728085,1081,1420.0534105291936,791,584.4217116366377,946,1696.3201041110958,0.0,0,unwarned,False,,0,-1.301976419195186,,False,False,False
joint_6slots,joint,6,bp_repeat:control->pitch|time_sync:external->control|current_asymmetry:converter->generator|wec_shut_down:control->manual|no_speed_development:control->brake_hydraulic|cable_overload:converter->electrical,stop:Repeating error BP52->pitch|warning:Repeating error BP 0->pitch|warning:Check time synchronization->control|warning:Time sync. failed (SNTP error)->control|stop:Current asymmetry->generator|stop:WEC shut down->manual|stop:No speed development->brake_hydraulic|warning:Cable overload->electrical,4213,9386.501584975991,84.87132402127193,8.902482904067961,6.226193074660122,15.128675978728085,1081,1420.0534105291936,791,584.4217116366377,946,1696.3201041110958,0.0,0,unwarned,False,,0,-1.301976419195186,,False,False,False
joint_6slots,joint,6,bp_repeat:control->pitch|time_sync:external->control|current_asymmetry:converter->generator|wec_shut_down:control->manual|no_speed_development:control->brake_hydraulic|high_yaw_load:yaw->external,stop:Repeating error BP52->pitch|warning:Repeating error BP 0->pitch|warning:Check time synchronization->control|warning:Time sync. failed (SNTP error)->control|stop:Current asymmetry->generator|stop:WEC shut down->manual|stop:No speed development->brake_hydraulic|stop:High yaw load->external,4213,9386.501584975991,84.87132402127193,8.902482904067961,6.226193074660122,15.128675978728085,1081,1420.0534105291936,791,584.4217116366377,946,1696.3201041110958,0.0,0,unwarned,False,,0,-1.301976419195186,,False,False,False
joint_7slots,joint,7,bp_repeat:control->pitch|time_sync:external->control|current_asymmetry:converter->generator|wec_shut_down:control->manual|no_speed_development:control->brake_hydraulic|high_yaw_load:yaw->external|cable_overload:converter->electrical,stop:Repeating error BP52->pitch|warning:Repeating error BP 0->pitch|warning:Check time synchronization->control|warning:Time sync. failed (SNTP error)->control|stop:Current asymmetry->generator|stop:WEC shut down->manual|stop:No speed development->brake_hydraulic|stop:High yaw load->external|warning:Cable overload->electrical,4213,9386.501584975991,84.87132402127193,8.902482904067961,6.226193074660122,15.128675978728085,1081,1420.0534105291936,791,584.4217116366377,946,1696.3201041110958,0.0,0,unwarned,False,,0,-1.301976419195186,,False,False,False
joint_3slots,joint,3,bp_repeat:control->pitch|time_sync:external->control|cms_drivetrain:comms->drivetrain,stop:Repeating error BP52->pitch|warning:Repeating error BP 0->pitch|warning:Check time synchronization->control|warning:Time sync. failed (SNTP error)->control|warning:Comm.err. IEC server <- CMS drive tr.->drivetrain|warning:Comm.err. IEC client -> CMS drive tr.->drivetrain|warning:CMS drive train system error->drivetrain,4213,9386.501584975991,82.68766571670247,8.901840134194867,8.410494149102668,17.312334283297535,1093,1625.0225318980652,800,789.4511666098349,977,1741.3485003248225,0.0,0,actionable_unacted,True,46.393055555555556,3,0.88232465524736,,False,False,False
joint_4slots,joint,4,bp_repeat:control->pitch|time_sync:external->control|cms_drivetrain:comms->drivetrain|cable_overload:converter->electrical,stop:Repeating error BP52->pitch|warning:Repeating error BP 0->pitch|warning:Check time synchronization->control|warning:Time sync. failed (SNTP error)->control|warning:Comm.err. IEC server <- CMS drive tr.->drivetrain|warning:Comm.err. IEC client -> CMS drive tr.->drivetrain|warning:CMS drive train system error->drivetrain|warning:Cable overload->electrical,4213,9386.501584975991,82.68766571670247,8.901840134194867,8.410494149102668,17.312334283297535,1093,1625.0225318980652,800,789.4511666098349,977,1741.3485003248225,0.0,0,actionable_unacted,True,46.393055555555556,3,0.88232465524736,,False,False,False
joint_4slots,joint,4,bp_repeat:control->pitch|time_sync:external->control|cms_drivetrain:comms->drivetrain|high_yaw_load:yaw->external,stop:Repeating error BP52->pitch|warning:Repeating error BP 0->pitch|warning:Check time synchronization->control|warning:Time sync. failed (SNTP error)->control|warning:Comm.err. IEC server <- CMS drive tr.->drivetrain|warning:Comm.err. IEC client -> CMS drive tr.->drivetrain|warning:CMS drive train system error->drivetrain|stop:High yaw load->external,4213,9386.501584975991,82.68766571670247,8.901840134194867,8.410494149102668,17.312334283297535,1093,1625.0225318980652,800,789.4511666098349,977,1741.3485003248225,0.0,0,actionable_unacted,True,46.393055555555556,3,0.88232465524736,,False,False,False
joint_5slots,joint,5,bp_repeat:control->pitch|time_sync:external->control|cms_drivetrain:comms->drivetrain|high_yaw_load:yaw->external|cable_overload:converter->electrical,stop:Repeating error BP52->pitch|warning:Repeating error BP 0->pitch|warning:Check time synchronization->control|warning:Time sync. failed (SNTP error)->control|warning:Comm.err. IEC server <- CMS drive tr.->drivetrain|warning:Comm.err. IEC client -> CMS drive tr.->drivetrain|warning:CMS drive train system error->drivetrain|stop:High yaw load->external|warning:Cable overload->electrical,4213,9386.501584975991,82.68766571670247,8.901840134194867,8.410494149102668,17.312334283297535,1093,1625.0225318980652,800,789.4511666098349,977,1741.3485003248225,0.0,0,actionable_unacted,True,46.393055555555556,3,0.88232465524736,,False,False,False
joint_4slots,joint,4,bp_repeat:control->pitch|time_sync:external->control|cms_drivetrain:comms->drivetrain|no_speed_development:control->pitch,stop:Repeating error BP52->pitch|warning:Repeating error BP 0->pitch|warning:Check time synchronization->control|warning:Time sync. failed (SNTP error)->control|warning:Comm.err. IEC server <- CMS drive tr.->drivetrain|warning:Comm.err. IEC client -> CMS drive tr.->drivetrain|warning:CMS drive train system error->drivetrain|stop:No speed development->pitch,4213,9386.501584975991,82.60267136378933,8.901840134194867,8.495488502015823,17.39732863621069,1094,1633.0005281813983,801,797.4291628931683,977,1741.3485003248225,0.0,0,actionable_unacted,True,46.393055555555556,3,0.9673190081605147,,False,False,False
joint_5slots,joint,5,bp_repeat:control->pitch|time_sync:external->control|cms_drivetrain:comms->drivetrain|no_speed_development:control->pitch|cable_overload:converter->electrical,stop:Repeating error BP52->pitch|warning:Repeating error BP 0->pitch|warning:Check time synchronization->control|warning:Time sync. failed (SNTP error)->control|warning:Comm.err. IEC server <- CMS drive tr.->drivetrain|warning:Comm.err. IEC client -> CMS drive tr.->drivetrain|warning:CMS drive train system error->drivetrain|stop:No speed development->pitch|warning:Cable overload->electrical,4213,9386.501584975991,82.60267136378933,8.901840134194867,8.495488502015823,17.39732863621069,1094,1633.0005281813983,801,797.4291628931683,977,1741.3485003248225,0.0,0,actionable_unacted,True,46.393055555555556,3,0.9673190081605147,,False,False,False
joint_5slots,joint,5,bp_repeat:control->pitch|time_sync:external->control|cms_drivetrain:comms->drivetrain|no_speed_development:control->pitch|high_yaw_load:yaw->external,stop:Repeating error BP52->pitch|warning:Repeating error BP 0->pitch|warning:Check time synchronization->control|warning:Time sync. failed (SNTP error)->control|warning:Comm.err. IEC server <- CMS drive tr.->drivetrain|warning:Comm.err. IEC client -> CMS drive tr.->drivetrain|warning:CMS drive train system error->drivetrain|stop:No speed development->pitch|stop:High yaw load->external,4213,9386.501584975991,82.60267136378933,8.901840134194867,8.495488502015823,17.39732863621069,1094,1633.0005281813983,801,797.4291628931683,977,1741.3485003248225,0.0,0,actionable_unacted,True,46.393055555555556,3,0.9673190081605147,,False,False,False
joint_6slots,joint,6,bp_repeat:control->pitch|time_sync:external->control|cms_drivetrain:comms->drivetrain|no_speed_development:control->pitch|high_yaw_load:yaw->external|cable_overload:converter->electrical,stop:Repeating error BP52->pitch|warning:Repeating error BP 0->pitch|warning:Check time synchronization->control|warning:Time sync. failed (SNTP error)->control|warning:Comm.err. IEC server <- CMS drive tr.->drivetrain|warning:Comm.err. IEC client -> CMS drive tr.->drivetrain|warning:CMS drive train system error->drivetrain|stop:No speed development->pitch|stop:High yaw load->external|warning:Cable overload->electrical,4213,9386.501584975991,82.60267136378933,8.901840134194867,8.495488502015823,17.39732863621069,1094,1633.0005281813983,801,797.4291628931683,977,1741.3485003248225,0.0,0,actionable_unacted,True,46.393055555555556,3,0.9673190081605147,,False,False,False
joint_4slots,joint,4,bp_repeat:control->pitch|time_sync:external->control|cms_drivetrain:comms->drivetrain|no_speed_development:control->brake_hydraulic,stop:Repeating error BP52->pitch|warning:Repeating error BP 0->pitch|warning:Check time synchronization->control|warning:Time sync. failed (SNTP error)->control|warning:Comm.err. IEC server <- CMS drive tr.->drivetrain|warning:Comm.err. IEC client -> CMS drive tr.->drivetrain|warning:CMS drive train system error->drivetrain|stop:No speed development->brake_hydraulic,4213,9386.501584975991,82.59798897986998,8.903363265844426,8.498647754285603,17.40201102013003,1096,1633.4400402222018,802,797.7257061575447,977,1741.3485003248225,0.0,0,actionable_unacted,True,46.393055555555556,3,0.9704782604302951,,False,False,False
joint_5slots,joint,5,bp_repeat:control->pitch|time_sync:external->control|cms_drivetrain:comms->drivetrain|no_speed_development:control->brake_hydraulic|cable_overload:converter->electrical,stop:Repeating error BP52->pitch|warning:Repeating error BP 0->pitch|warning:Check time synchronization->control|warning:Time sync. failed (SNTP error)->control|warning:Comm.err. IEC server <- CMS drive tr.->drivetrain|warning:Comm.err. IEC client -> CMS drive tr.->drivetrain|warning:CMS drive train system error->drivetrain|stop:No speed development->brake_hydraulic|warning:Cable overload->electrical,4213,9386.501584975991,82.59798897986998,8.903363265844426,8.498647754285603,17.40201102013003,1096,1633.4400402222018,802,797.7257061575447,977,1741.3485003248225,0.0,0,actionable_unacted,True,46.393055555555556,3,0.9704782604302951,,False,False,False
joint_5slots,joint,5,bp_repeat:control->pitch|time_sync:external->control|cms_drivetrain:comms->drivetrain|no_speed_development:control->brake_hydraulic|high_yaw_load:yaw->external,stop:Repeating error BP52->pitch|warning:Repeating error BP 0->pitch|warning:Check time synchronization->control|warning:Time sync. failed (SNTP error)->control|warning:Comm.err. IEC server <- CMS drive tr.->drivetrain|warning:Comm.err. IEC client -> CMS drive tr.->drivetrain|warning:CMS drive train system error->drivetrain|stop:No speed development->brake_hydraulic|stop:High yaw load->external,4213,9386.501584975991,82.59798897986998,8.903363265844426,8.498647754285603,17.40201102013003,1096,1633.4400402222018,802,797.7257061575447,977,1741.3485003248225,0.0,0,actionable_unacted,True,46.393055555555556,3,0.9704782604302951,,False,False,False
joint_6slots,joint,6,bp_repeat:control->pitch|time_sync:external->control|cms_drivetrain:comms->drivetrain|no_speed_development:control->brake_hydraulic|high_yaw_load:yaw->external|cable_overload:converter->electrical,stop:Repeating error BP52->pitch|warning:Repeating error BP 0->pitch|warning:Check time synchronization->control|warning:Time sync. failed (SNTP error)->control|warning:Comm.err. IEC server <- CMS drive tr.->drivetrain|warning:Comm.err. IEC client -> CMS drive tr.->drivetrain|warning:CMS drive train system error->drivetrain|stop:No speed development->brake_hydraulic|stop:High yaw load->external|warning:Cable overload->electrical,4213,9386.501584975991,82.59798897986998,8.903363265844426,8.498647754285603,17.40201102013003,1096,1633.4400402222018,802,797.7257061575447,977,1741.3485003248225,0.0,0,actionable_unacted,True,46.393055555555556,3,0.9704782604302951,,False,False,False
joint_4slots,joint,4,bp_repeat:control->pitch|time_sync:external->control|cms_drivetrain:comms->drivetrain|wec_shut_down:control->manual,stop:Repeating error BP52->pitch|warning:Repeating error BP 0->pitch|warning:Check time synchronization->control|warning:Time sync. failed (SNTP error)->control|warning:Comm.err. IEC server <- CMS drive tr.->drivetrain|warning:Comm.err. IEC client -> CMS drive tr.->drivetrain|warning:CMS drive train system error->drivetrain|stop:WEC shut down->manual,4213,9386.501584975991,84.92651573329496,8.901840134194867,6.171644132510185,15.073484266705055,1092,1414.8728396053766,799,579.3014743171462,977,1741.3485003248225,0.0,0,unwarned,False,,0,-1.3565253613451231,,False,False,False
joint_5slots,joint,5,bp_repeat:control->pitch|time_sync:external->control|cms_drivetrain:comms->drivetrain|wec_shut_down:control->manual|cable_overload:converter->electrical,stop:Repeating error BP52->pitch|warning:Repeating error BP 0->pitch|warning:Check time synchronization->control|warning:Time sync. failed (SNTP error)->control|warning:Comm.err. IEC server <- CMS drive tr.->drivetrain|warning:Comm.err. IEC client -> CMS drive tr.->drivetrain|warning:CMS drive train system error->drivetrain|stop:WEC shut down->manual|warning:Cable overload->electrical,4213,9386.501584975991,84.92651573329496,8.901840134194867,6.171644132510185,15.073484266705055,1092,1414.8728396053766,799,579.3014743171462,977,1741.3485003248225,0.0,0,unwarned,False,,0,-1.3565253613451231,,False,False,False
joint_5slots,joint,5,bp_repeat:control->pitch|time_sync:external->control|cms_drivetrain:comms->drivetrain|wec_shut_down:control->manual|high_yaw_load:yaw->external,stop:Repeating error BP52->pitch|warning:Repeating error BP 0->pitch|warning:Check time synchronization->control|warning:Time sync. failed (SNTP error)->control|warning:Comm.err. IEC server <- CMS drive tr.->drivetrain|warning:Comm.err. IEC client -> CMS drive tr.->drivetrain|warning:CMS drive train system error->drivetrain|stop:WEC shut down->manual|stop:High yaw load->external,4213,9386.501584975991,84.92651573329496,8.901840134194867,6.171644132510185,15.073484266705055,1092,1414.8728396053766,799,579.3014743171462,977,1741.3485003248225,0.0,0,unwarned,False,,0,-1.3565253613451231,,False,False,False
joint_6slots,joint,6,bp_repeat:control->pitch|time_sync:external->control|cms_drivetrain:comms->drivetrain|wec_shut_down:control->manual|high_yaw_load:yaw->external|cable_overload:converter->electrical,stop:Repeating error BP52->pitch|warning:Repeating error BP 0->pitch|warning:Check time synchronization->control|warning:Time sync. failed (SNTP error)->control|warning:Comm.err. IEC server <- CMS drive tr.->drivetrain|warning:Comm.err. IEC client -> CMS drive tr.->drivetrain|warning:CMS drive train system error->drivetrain|stop:WEC shut down->manual|stop:High yaw load->external|warning:Cable overload->electrical,4213,9386.501584975991,84.92651573329496,8.901840134194867,6.171644132510185,15.073484266705055,1092,1414.8728396053766,799,579.3014743171462,977,1741.3485003248225,0.0,0,unwarned,False,,0,-1.3565253613451231,,False,False,False
joint_5slots,joint,5,bp_repeat:control->pitch|time_sync:external->control|cms_drivetrain:comms->drivetrain|wec_shut_down:control->manual|no_speed_development:control->pitch,stop:Repeating error BP52->pitch|warning:Repeating error BP 0->pitch|warning:Check time synchronization->control|warning:Time sync. failed (SNTP error)->control|warning:Comm.err. IEC server <- CMS drive tr.->drivetrain|warning:Comm.err. IEC client -> CMS drive tr.->drivetrain|warning:CMS drive train system error->drivetrain|stop:WEC shut down->manual|stop:No speed development->pitch,4213,9386.501584975991,84.8415213803818,8.901840134194867,6.2566384854233394,15.158478619618206,1093,1422.8508358887098,800,587.2794706004796,977,1741.3485003248225,0.0,0,unwarned,False,,0,-1.2715310084319684,,False,False,False
joint_6slots,joint,6,bp_repeat:control->pitch|time_sync:external->control|cms_drivetrain:comms->drivetrain|wec_shut_down:control->manual|no_speed_development:control->pitch|cable_overload:converter->electrical,stop:Repeating error BP52->pitch|warning:Repeating error BP 0->pitch|warning:Check time synchronization->control|warning:Time sync. failed (SNTP error)->control|warning:Comm.err. IEC server <- CMS drive tr.->drivetrain|warning:Comm.err. IEC client -> CMS drive tr.->drivetrain|warning:CMS drive train system error->drivetrain|stop:WEC shut down->manual|stop:No speed development->pitch|warning:Cable overload->electrical,4213,9386.501584975991,84.8415213803818,8.901840134194867,6.2566384854233394,15.158478619618206,1093,1422.8508358887098,800,587.2794706004796,977,1741.3485003248225,0.0,0,unwarned,False,,0,-1.2715310084319684,,False,False,False
joint_6slots,joint,6,bp_repeat:control->pitch|time_sync:external->control|cms_drivetrain:comms->drivetrain|wec_shut_down:control->manual|no_speed_development:control->pitch|high_yaw_load:yaw->external,stop:Repeating error BP52->pitch|warning:Repeating error BP 0->pitch|warning:Check time synchronization->control|warning:Time sync. failed (SNTP error)->control|warning:Comm.err. IEC server <- CMS drive tr.->drivetrain|warning:Comm.err. IEC client -> CMS drive tr.->drivetrain|warning:CMS drive train system error->drivetrain|stop:WEC shut down->manual|stop:No speed development->pitch|stop:High yaw load->external,4213,9386.501584975991,84.8415213803818,8.901840134194867,6.2566384854233394,15.158478619618206,1093,1422.8508358887098,800,587.2794706004796,977,1741.3485003248225,0.0,0,unwarned,False,,0,-1.2715310084319684,,False,False,False
joint_7slots,joint,7,bp_repeat:control->pitch|time_sync:external->control|cms_drivetrain:comms->drivetrain|wec_shut_down:control->manual|no_speed_development:control->pitch|high_yaw_load:yaw->external|cable_overload:converter->electrical,stop:Repeating error BP52->pitch|warning:Repeating error BP 0->pitch|warning:Check time synchronization->control|warning:Time sync. failed (SNTP error)->control|warning:Comm.err. IEC server <- CMS drive tr.->drivetrain|warning:Comm.err. IEC client -> CMS drive tr.->drivetrain|warning:CMS drive train system error->drivetrain|stop:WEC shut down->manual|stop:No speed development->pitch|stop:High yaw load->external|warning:Cable overload->electrical,4213,9386.501584975991,84.8415213803818,8.901840134194867,6.2566384854233394,15.158478619618206,1093,1422.8508358887098,800,587.2794706004796,977,1741.3485003248225,0.0,0,unwarned,False,,0,-1.2715310084319684,,False,False,False
joint_5slots,joint,5,bp_repeat:control->pitch|time_sync:external->control|cms_drivetrain:comms->drivetrain|wec_shut_down:control->manual|no_speed_development:control->brake_hydraulic,stop:Repeating error BP52->pitch|warning:Repeating error BP 0->pitch|warning:Check time synchronization->control|warning:Time sync. failed (SNTP error)->control|warning:Comm.err. IEC server <- CMS drive tr.->drivetrain|warning:Comm.err. IEC client -> CMS drive tr.->drivetrain|warning:CMS drive train system error->drivetrain|stop:WEC shut down->manual|stop:No speed development->brake_hydraulic,4213,9386.501584975991,84.83683899646246,8.903363265844426,6.259797737693121,15.163161003537548,1095,1423.2903479295132,801,587.576013864856,977,1741.3485003248225,0.0,0,unwarned,False,,0,-1.2683717561621872,,False,False,False
joint_6slots,joint,6,bp_repeat:control->pitch|time_sync:external->control|cms_drivetrain:comms->drivetrain|wec_shut_down:control->manual|no_speed_development:control->brake_hydraulic|cable_overload:converter->electrical,stop:Repeating error BP52->pitch|warning:Repeating error BP 0->pitch|warning:Check time synchronization->control|warning:Time sync. failed (SNTP error)->control|warning:Comm.err. IEC server <- CMS drive tr.->drivetrain|warning:Comm.err. IEC client -> CMS drive tr.->drivetrain|warning:CMS drive train system error->drivetrain|stop:WEC shut down->manual|stop:No speed development->brake_hydraulic|warning:Cable overload->electrical,4213,9386.501584975991,84.83683899646246,8.903363265844426,6.259797737693121,15.163161003537548,1095,1423.2903479295132,801,587.576013864856,977,1741.3485003248225,0.0,0,unwarned,False,,0,-1.2683717561621872,,False,False,False
joint_6slots,joint,6,bp_repeat:control->pitch|time_sync:external->control|cms_drivetrain:comms->drivetrain|wec_shut_down:control->manual|no_speed_development:control->brake_hydraulic|high_yaw_load:yaw->external,stop:Repeating error BP52->pitch|warning:Repeating error BP 0->pitch|warning:Check time synchronization->control|warning:Time sync. failed (SNTP error)->control|warning:Comm.err. IEC server <- CMS drive tr.->drivetrain|warning:Comm.err. IEC client -> CMS drive tr.->drivetrain|warning:CMS drive train system error->drivetrain|stop:WEC shut down->manual|stop:No speed development->brake_hydraulic|stop:High yaw load->external,4213,9386.501584975991,84.83683899646246,8.903363265844426,6.259797737693121,15.163161003537548,1095,1423.2903479295132,801,587.576013864856,977,1741.3485003248225,0.0,0,unwarned,False,,0,-1.2683717561621872,,False,False,False
joint_7slots,joint,7,bp_repeat:control->pitch|time_sync:external->control|cms_drivetrain:comms->drivetrain|wec_shut_down:control->manual|no_speed_development:control->brake_hydraulic|high_yaw_load:yaw->external|cable_overload:converter->electrical,stop:Repeating error BP52->pitch|warning:Repeating error BP 0->pitch|warning:Check time synchronization->control|warning:Time sync. failed (SNTP error)->control|warning:Comm.err. IEC server <- CMS drive tr.->drivetrain|warning:Comm.err. IEC client -> CMS drive tr.->drivetrain|warning:CMS drive train system error->drivetrain|stop:WEC shut down->manual|stop:No speed development->brake_hydraulic|stop:High yaw load->external|warning:Cable overload->electrical,4213,9386.501584975991,84.83683899646246,8.903363265844426,6.259797737693121,15.163161003537548,1095,1423.2903479295132,801,587.576013864856,977,1741.3485003248225,0.0,0,unwarned,False,,0,-1.2683717561621872,,False,False,False
joint_4slots,joint,4,bp_repeat:control->pitch|time_sync:external->control|cms_drivetrain:comms->drivetrain|current_asymmetry:converter->generator,stop:Repeating error BP52->pitch|warning:Repeating error BP 0->pitch|warning:Check time synchronization->control|warning:Time sync. failed (SNTP error)->control|warning:Comm.err. IEC server <- CMS drive tr.->drivetrain|warning:Comm.err. IEC client -> CMS drive tr.->drivetrain|warning:CMS drive train system error->drivetrain|stop:Current asymmetry->generator,4213,9386.501584975991,82.68766571670247,8.901840134194867,8.410494149102668,17.312334283297535,1093,1625.0225318980652,800,789.4511666098349,946,1696.3201041110958,0.0,0,actionable_unacted,True,46.393055555555556,3,0.88232465524736,,False,False,False
joint_5slots,joint,5,bp_repeat:control->pitch|time_sync:external->control|cms_drivetrain:comms->drivetrain|current_asymmetry:converter->generator|cable_overload:converter->electrical,stop:Repeating error BP52->pitch|warning:Repeating error BP 0->pitch|warning:Check time synchronization->control|warning:Time sync. failed (SNTP error)->control|warning:Comm.err. IEC server <- CMS drive tr.->drivetrain|warning:Comm.err. IEC client -> CMS drive tr.->drivetrain|warning:CMS drive train system error->drivetrain|stop:Current asymmetry->generator|warning:Cable overload->electrical,4213,9386.501584975991,82.68766571670247,8.901840134194867,8.410494149102668,17.312334283297535,1093,1625.0225318980652,800,789.4511666098349,946,1696.3201041110958,0.0,0,actionable_unacted,True,46.393055555555556,3,0.88232465524736,,False,False,False
joint_5slots,joint,5,bp_repeat:control->pitch|time_sync:external->control|cms_drivetrain:comms->drivetrain|current_asymmetry:converter->generator|high_yaw_load:yaw->external,stop:Repeating error BP52->pitch|warning:Repeating error BP 0->pitch|warning:Check time synchronization->control|warning:Time sync. failed (SNTP error)->control|warning:Comm.err. IEC server <- CMS drive tr.->drivetrain|warning:Comm.err. IEC client -> CMS drive tr.->drivetrain|warning:CMS drive train system error->drivetrain|stop:Current asymmetry->generator|stop:High yaw load->external,4213,9386.501584975991,82.68766571670247,8.901840134194867,8.410494149102668,17.312334283297535,1093,1625.0225318980652,800,789.4511666098349,946,1696.3201041110958,0.0,0,actionable_unacted,True,46.393055555555556,3,0.88232465524736,,False,False,False
joint_6slots,joint,6,bp_repeat:control->pitch|time_sync:external->control|cms_drivetrain:comms->drivetrain|current_asymmetry:converter->generator|high_yaw_load:yaw->external|cable_overload:converter->electrical,stop:Repeating error BP52->pitch|warning:Repeating error BP 0->pitch|warning:Check time synchronization->control|warning:Time sync. failed (SNTP error)->control|warning:Comm.err. IEC server <- CMS drive tr.->drivetrain|warning:Comm.err. IEC client -> CMS drive tr.->drivetrain|warning:CMS drive train system error->drivetrain|stop:Current asymmetry->generator|stop:High yaw load->external|warning:Cable overload->electrical,4213,9386.501584975991,82.68766571670247,8.901840134194867,8.410494149102668,17.312334283297535,1093,1625.0225318980652,800,789.4511666098349,946,1696.3201041110958,0.0,0,actionable_unacted,True,46.393055555555556,3,0.88232465524736,,False,False,False
joint_5slots,joint,5,bp_repeat:control->pitch|time_sync:external->control|cms_drivetrain:comms->drivetrain|current_asymmetry:converter->generator|no_speed_development:control->pitch,stop:Repeating error BP52->pitch|warning:Repeating error BP 0->pitch|warning:Check time synchronization->control|warning:Time sync. failed (SNTP error)->control|warning:Comm.err. IEC server <- CMS drive tr.->drivetrain|warning:Comm.err. IEC client -> CMS drive tr.->drivetrain|warning:CMS drive train system error->drivetrain|stop:Current asymmetry->generator|stop:No speed development->pitch,4213,9386.501584975991,82.60267136378933,8.901840134194867,8.495488502015823,17.39732863621069,1094,1633.0005281813983,801,797.4291628931683,946,1696.3201041110958,0.0,0,actionable_unacted,True,46.393055555555556,3,0.9673190081605147,,False,False,False
joint_6slots,joint,6,bp_repeat:control->pitch|time_sync:external->control|cms_drivetrain:comms->drivetrain|current_asymmetry:converter->generator|no_speed_development:control->pitch|cable_overload:converter->electrical,stop:Repeating error BP52->pitch|warning:Repeating error BP 0->pitch|warning:Check time synchronization->control|warning:Time sync. failed (SNTP error)->control|warning:Comm.err. IEC server <- CMS drive tr.->drivetrain|warning:Comm.err. IEC client -> CMS drive tr.->drivetrain|warning:CMS drive train system error->drivetrain|stop:Current asymmetry->generator|stop:No speed development->pitch|warning:Cable overload->electrical,4213,9386.501584975991,82.60267136378933,8.901840134194867,8.495488502015823,17.39732863621069,1094,1633.0005281813983,801,797.4291628931683,946,1696.3201041110958,0.0,0,actionable_unacted,True,46.393055555555556,3,0.9673190081605147,,False,False,False
joint_6slots,joint,6,bp_repeat:control->pitch|time_sync:external->control|cms_drivetrain:comms->drivetrain|current_asymmetry:converter->generator|no_speed_development:control->pitch|high_yaw_load:yaw->external,stop:Repeating error BP52->pitch|warning:Repeating error BP 0->pitch|warning:Check time synchronization->control|warning:Time sync. failed (SNTP error)->control|warning:Comm.err. IEC server <- CMS drive tr.->drivetrain|warning:Comm.err. IEC client -> CMS drive tr.->drivetrain|warning:CMS drive train system error->drivetrain|stop:Current asymmetry->generator|stop:No speed development->pitch|stop:High yaw load->external,4213,9386.501584975991,82.60267136378933,8.901840134194867,8.495488502015823,17.39732863621069,1094,1633.0005281813983,801,797.4291628931683,946,1696.3201041110958,0.0,0,actionable_unacted,True,46.393055555555556,3,0.9673190081605147,,False,False,False
joint_7slots,joint,7,bp_repeat:control->pitch|time_sync:external->control|cms_drivetrain:comms->drivetrain|current_asymmetry:converter->generator|no_speed_development:control->pitch|high_yaw_load:yaw->external|cable_overload:converter->electrical,stop:Repeating error BP52->pitch|warning:Repeating error BP 0->pitch|warning:Check time synchronization->control|warning:Time sync. failed (SNTP error)->control|warning:Comm.err. IEC server <- CMS drive tr.->drivetrain|warning:Comm.err. IEC client -> CMS drive tr.->drivetrain|warning:CMS drive train system error->drivetrain|stop:Current asymmetry->generator|stop:No speed development->pitch|stop:High yaw load->external|warning:Cable overload->electrical,4213,9386.501584975991,82.60267136378933,8.901840134194867,8.495488502015823,17.39732863621069,1094,1633.0005281813983,801,797.4291628931683,946,1696.3201041110958,0.0,0,actionable_unacted,True,46.393055555555556,3,0.9673190081605147,,False,False,False
joint_5slots,joint,5,bp_repeat:control->pitch|time_sync:external->control|cms_drivetrain:comms->drivetrain|current_asymmetry:converter->generator|no_speed_development:control->brake_hydraulic,stop:Repeating error BP52->pitch|warning:Repeating error BP 0->pitch|warning:Check time synchronization->control|warning:Time sync. failed (SNTP error)->control|warning:Comm.err. IEC server <- CMS drive tr.->drivetrain|warning:Comm.err. IEC client -> CMS drive tr.->drivetrain|warning:CMS drive train system error->drivetrain|stop:Current asymmetry->generator|stop:No speed development->brake_hydraulic,4213,9386.501584975991,82.59798897986998,8.903363265844426,8.498647754285603,17.40201102013003,1096,1633.4400402222018,802,797.7257061575447,946,1696.3201041110958,0.0,0,actionable_unacted,True,46.393055555555556,3,0.9704782604302951,,False,False,False
joint_6slots,joint,6,bp_repeat:control->pitch|time_sync:external->control|cms_drivetrain:comms->drivetrain|current_asymmetry:converter->generator|no_speed_development:control->brake_hydraulic|cable_overload:converter->electrical,stop:Repeating error BP52->pitch|warning:Repeating error BP 0->pitch|warning:Check time synchronization->control|warning:Time sync. failed (SNTP error)->control|warning:Comm.err. IEC server <- CMS drive tr.->drivetrain|warning:Comm.err. IEC client -> CMS drive tr.->drivetrain|warning:CMS drive train system error->drivetrain|stop:Current asymmetry->generator|stop:No speed development->brake_hydraulic|warning:Cable overload->electrical,4213,9386.501584975991,82.59798897986998,8.903363265844426,8.498647754285603,17.40201102013003,1096,1633.4400402222018,802,797.7257061575447,946,1696.3201041110958,0.0,0,actionable_unacted,True,46.393055555555556,3,0.9704782604302951,,False,False,False
joint_6slots,joint,6,bp_repeat:control->pitch|time_sync:external->control|cms_drivetrain:comms->drivetrain|current_asymmetry:converter->generator|no_speed_development:control->brake_hydraulic|high_yaw_load:yaw->external,stop:Repeating error BP52->pitch|warning:Repeating error BP 0->pitch|warning:Check time synchronization->control|warning:Time sync. failed (SNTP error)->control|warning:Comm.err. IEC server <- CMS drive tr.->drivetrain|warning:Comm.err. IEC client -> CMS drive tr.->drivetrain|warning:CMS drive train system error->drivetrain|stop:Current asymmetry->generator|stop:No speed development->brake_hydraulic|stop:High yaw load->external,4213,9386.501584975991,82.59798897986998,8.903363265844426,8.498647754285603,17.40201102013003,1096,1633.4400402222018,802,797.7257061575447,946,1696.3201041110958,0.0,0,actionable_unacted,True,46.393055555555556,3,0.9704782604302951,,False,False,False
joint_7slots,joint,7,bp_repeat:control->pitch|time_sync:external->control|cms_drivetrain:comms->drivetrain|current_asymmetry:converter->generator|no_speed_development:control->brake_hydraulic|high_yaw_load:yaw->external|cable_overload:converter->electrical,stop:Repeating error BP52->pitch|warning:Repeating error BP 0->pitch|warning:Check time synchronization->control|warning:Time sync. failed (SNTP error)->control|warning:Comm.err. IEC server <- CMS drive tr.->drivetrain|warning:Comm.err. IEC client -> CMS drive tr.->drivetrain|warning:CMS drive train system error->drivetrain|stop:Current asymmetry->generator|stop:No speed development->brake_hydraulic|stop:High yaw load->external|warning:Cable overload->electrical,4213,9386.501584975991,82.59798897986998,8.903363265844426,8.498647754285603,17.40201102013003,1096,1633.4400402222018,802,797.7257061575447,946,1696.3201041110958,0.0,0,actionable_unacted,True,46.393055555555556,3,0.9704782604302951,,False,False,False
joint_5slots,joint,5,bp_repeat:control->pitch|time_sync:external->control|cms_drivetrain:comms->drivetrain|current_asymmetry:converter->generator|wec_shut_down:control->manual,stop:Repeating error BP52->pitch|warning:Repeating error BP 0->pitch|warning:Check time synchronization->control|warning:Time sync. failed (SNTP error)->control|warning:Comm.err. IEC server <- CMS drive tr.->drivetrain|warning:Comm.err. IEC client -> CMS drive tr.->drivetrain|warning:CMS drive train system error->drivetrain|stop:Current asymmetry->generator|stop:WEC shut down->manual,4213,9386.501584975991,84.92651573329496,8.901840134194867,6.171644132510185,15.073484266705055,1092,1414.8728396053766,799,579.3014743171462,946,1696.3201041110958,0.0,0,unwarned,False,,0,-1.3565253613451231,,False,False,False
joint_6slots,joint,6,bp_repeat:control->pitch|time_sync:external->control|cms_drivetrain:comms->drivetrain|current_asymmetry:converter->generator|wec_shut_down:control->manual|cable_overload:converter->electrical,stop:Repeating error BP52->pitch|warning:Repeating error BP 0->pitch|warning:Check time synchronization->control|warning:Time sync. failed (SNTP error)->control|warning:Comm.err. IEC server <- CMS drive tr.->drivetrain|warning:Comm.err. IEC client -> CMS drive tr.->drivetrain|warning:CMS drive train system error->drivetrain|stop:Current asymmetry->generator|stop:WEC shut down->manual|warning:Cable overload->electrical,4213,9386.501584975991,84.92651573329496,8.901840134194867,6.171644132510185,15.073484266705055,1092,1414.8728396053766,799,579.3014743171462,946,1696.3201041110958,0.0,0,unwarned,False,,0,-1.3565253613451231,,False,False,False
joint_6slots,joint,6,bp_repeat:control->pitch|time_sync:external->control|cms_drivetrain:comms->drivetrain|current_asymmetry:converter->generator|wec_shut_down:control->manual|high_yaw_load:yaw->external,stop:Repeating error BP52->pitch|warning:Repeating error BP 0->pitch|warning:Check time synchronization->control|warning:Time sync. failed (SNTP error)->control|warning:Comm.err. IEC server <- CMS drive tr.->drivetrain|warning:Comm.err. IEC client -> CMS drive tr.->drivetrain|warning:CMS drive train system error->drivetrain|stop:Current asymmetry->generator|stop:WEC shut down->manual|stop:High yaw load->external,4213,9386.501584975991,84.92651573329496,8.901840134194867,6.171644132510185,15.073484266705055,1092,1414.8728396053766,799,579.3014743171462,946,1696.3201041110958,0.0,0,unwarned,False,,0,-1.3565253613451231,,False,False,False
joint_7slots,joint,7,bp_repeat:control->pitch|time_sync:external->control|cms_drivetrain:comms->drivetrain|current_asymmetry:converter->generator|wec_shut_down:control->manual|high_yaw_load:yaw->external|cable_overload:converter->electrical,stop:Repeating error BP52->pitch|warning:Repeating error BP 0->pitch|warning:Check time synchronization->control|warning:Time sync. failed (SNTP error)->control|warning:Comm.err. IEC server <- CMS drive tr.->drivetrain|warning:Comm.err. IEC client -> CMS drive tr.->drivetrain|warning:CMS drive train system error->drivetrain|stop:Current asymmetry->generator|stop:WEC shut down->manual|stop:High yaw load->external|warning:Cable overload->electrical,4213,9386.501584975991,84.92651573329496,8.901840134194867,6.171644132510185,15.073484266705055,1092,1414.8728396053766,799,579.3014743171462,946,1696.3201041110958,0.0,0,unwarned,False,,0,-1.3565253613451231,,False,False,False
joint_6slots,joint,6,bp_repeat:control->pitch|time_sync:external->control|cms_drivetrain:comms->drivetrain|current_asymmetry:converter->generator|wec_shut_down:control->manual|no_speed_development:control->pitch,stop:Repeating error BP52->pitch|warning:Repeating error BP 0->pitch|warning:Check time synchronization->control|warning:Time sync. failed (SNTP error)->control|warning:Comm.err. IEC server <- CMS drive tr.->drivetrain|warning:Comm.err. IEC client -> CMS drive tr.->drivetrain|warning:CMS drive train system error->drivetrain|stop:Current asymmetry->generator|stop:WEC shut down->manual|stop:No speed development->pitch,4213,9386.501584975991,84.8415213803818,8.901840134194867,6.2566384854233394,15.158478619618206,1093,1422.8508358887098,800,587.2794706004796,946,1696.3201041110958,0.0,0,unwarned,False,,0,-1.2715310084319684,,False,False,False
joint_7slots,joint,7,bp_repeat:control->pitch|time_sync:external->control|cms_drivetrain:comms->drivetrain|current_asymmetry:converter->generator|wec_shut_down:control->manual|no_speed_development:control->pitch|cable_overload:converter->electrical,stop:Repeating error BP52->pitch|warning:Repeating error BP 0->pitch|warning:Check time synchronization->control|warning:Time sync. failed (SNTP error)->control|warning:Comm.err. IEC server <- CMS drive tr.->drivetrain|warning:Comm.err. IEC client -> CMS drive tr.->drivetrain|warning:CMS drive train system error->drivetrain|stop:Current asymmetry->generator|stop:WEC shut down->manual|stop:No speed development->pitch|warning:Cable overload->electrical,4213,9386.501584975991,84.8415213803818,8.901840134194867,6.2566384854233394,15.158478619618206,1093,1422.8508358887098,800,587.2794706004796,946,1696.3201041110958,0.0,0,unwarned,False,,0,-1.2715310084319684,,False,False,False
joint_7slots,joint,7,bp_repeat:control->pitch|time_sync:external->control|cms_drivetrain:comms->drivetrain|current_asymmetry:converter->generator|wec_shut_down:control->manual|no_speed_development:control->pitch|high_yaw_load:yaw->external,stop:Repeating error BP52->pitch|warning:Repeating error BP 0->pitch|warning:Check time synchronization->control|warning:Time sync. failed (SNTP error)->control|warning:Comm.err. IEC server <- CMS drive tr.->drivetrain|warning:Comm.err. IEC client -> CMS drive tr.->drivetrain|warning:CMS drive train system error->drivetrain|stop:Current asymmetry->generator|stop:WEC shut down->manual|stop:No speed development->pitch|stop:High yaw load->external,4213,9386.501584975991,84.8415213803818,8.901840134194867,6.2566384854233394,15.158478619618206,1093,1422.8508358887098,800,587.2794706004796,946,1696.3201041110958,0.0,0,unwarned,False,,0,-1.2715310084319684,,False,False,False
joint_8slots,joint,8,bp_repeat:control->pitch|time_sync:external->control|cms_drivetrain:comms->drivetrain|current_asymmetry:converter->generator|wec_shut_down:control->manual|no_speed_development:control->pitch|high_yaw_load:yaw->external|cable_overload:converter->electrical,stop:Repeating error BP52->pitch|warning:Repeating error BP 0->pitch|warning:Check time synchronization->control|warning:Time sync. failed (SNTP error)->control|warning:Comm.err. IEC server <- CMS drive tr.->drivetrain|warning:Comm.err. IEC client -> CMS drive tr.->drivetrain|warning:CMS drive train system error->drivetrain|stop:Current asymmetry->generator|stop:WEC shut down->manual|stop:No speed development->pitch|stop:High yaw load->external|warning:Cable overload->electrical,4213,9386.501584975991,84.8415213803818,8.901840134194867,6.2566384854233394,15.158478619618206,1093,1422.8508358887098,800,587.2794706004796,946,1696.3201041110958,0.0,0,unwarned,False,,0,-1.2715310084319684,,False,False,False
joint_6slots,joint,6,bp_repeat:control->pitch|time_sync:external->control|cms_drivetrain:comms->drivetrain|current_asymmetry:converter->generator|wec_shut_down:control->manual|no_speed_development:control->brake_hydraulic,stop:Repeating error BP52->pitch|warning:Repeating error BP 0->pitch|warning:Check time synchronization->control|warning:Time sync. failed (SNTP error)->control|warning:Comm.err. IEC server <- CMS drive tr.->drivetrain|warning:Comm.err. IEC client -> CMS drive tr.->drivetrain|warning:CMS drive train system error->drivetrain|stop:Current asymmetry->generator|stop:WEC shut down->manual|stop:No speed development->brake_hydraulic,4213,9386.501584975991,84.83683899646246,8.903363265844426,6.259797737693121,15.163161003537548,1095,1423.2903479295132,801,587.576013864856,946,1696.3201041110958,0.0,0,unwarned,False,,0,-1.2683717561621872,,False,False,False
joint_7slots,joint,7,bp_repeat:control->pitch|time_sync:external->control|cms_drivetrain:comms->drivetrain|current_asymmetry:converter->generator|wec_shut_down:control->manual|no_speed_development:control->brake_hydraulic|cable_overload:converter->electrical,stop:Repeating error BP52->pitch|warning:Repeating error BP 0->pitch|warning:Check time synchronization->control|warning:Time sync. failed (SNTP error)->control|warning:Comm.err. IEC server <- CMS drive tr.->drivetrain|warning:Comm.err. IEC client -> CMS drive tr.->drivetrain|warning:CMS drive train system error->drivetrain|stop:Current asymmetry->generator|stop:WEC shut down->manual|stop:No speed development->brake_hydraulic|warning:Cable overload->electrical,4213,9386.501584975991,84.83683899646246,8.903363265844426,6.259797737693121,15.163161003537548,1095,1423.2903479295132,801,587.576013864856,946,1696.3201041110958,0.0,0,unwarned,False,,0,-1.2683717561621872,,False,False,False
joint_7slots,joint,7,bp_repeat:control->pitch|time_sync:external->control|cms_drivetrain:comms->drivetrain|current_asymmetry:converter->generator|wec_shut_down:control->manual|no_speed_development:control->brake_hydraulic|high_yaw_load:yaw->external,stop:Repeating error BP52->pitch|warning:Repeating error BP 0->pitch|warning:Check time synchronization->control|warning:Time sync. failed (SNTP error)->control|warning:Comm.err. IEC server <- CMS drive tr.->drivetrain|warning:Comm.err. IEC client -> CMS drive tr.->drivetrain|warning:CMS drive train system error->drivetrain|stop:Current asymmetry->generator|stop:WEC shut down->manual|stop:No speed development->brake_hydraulic|stop:High yaw load->external,4213,9386.501584975991,84.83683899646246,8.903363265844426,6.259797737693121,15.163161003537548,1095,1423.2903479295132,801,587.576013864856,946,1696.3201041110958,0.0,0,unwarned,False,,0,-1.2683717561621872,,False,False,False
joint_8slots,joint,8,bp_repeat:control->pitch|time_sync:external->control|cms_drivetrain:comms->drivetrain|current_asymmetry:converter->generator|wec_shut_down:control->manual|no_speed_development:control->brake_hydraulic|high_yaw_load:yaw->external|cable_overload:converter->electrical,stop:Repeating error BP52->pitch|warning:Repeating error BP 0->pitch|warning:Check time synchronization->control|warning:Time sync. failed (SNTP error)->control|warning:Comm.err. IEC server <- CMS drive tr.->drivetrain|warning:Comm.err. IEC client -> CMS drive tr.->drivetrain|warning:CMS drive train system error->drivetrain|stop:Current asymmetry->generator|stop:WEC shut down->manual|stop:No speed development->brake_hydraulic|stop:High yaw load->external|warning:Cable overload->electrical,4213,9386.501584975991,84.83683899646246,8.903363265844426,6.259797737693121,15.163161003537548,1095,1423.2903479295132,801,587.576013864856,946,1696.3201041110958,0.0,0,unwarned,False,,0,-1.2683717561621872,,False,False,False
bp_repeat:control->pitch+brake_resistor_chp:pitch->converter,joint,2,bp_repeat:control->pitch|brake_resistor_chp:pitch->converter,stop:Repeating error BP52->pitch|warning:Repeating error BP 0->pitch|warning:Error brake resistor CHP->converter,4213,9386.501584975991,82.56376568188062,8.636887486170757,8.79934683194864,17.4362343181194,1102,1636.652410630405,799,825.9508298483938,977,1741.3485003248225,4.327733408394787,28,actionable_unacted,True,20.788888888888888,2,1.2711773380933318,,False,False,False
joint_3slots,joint,3,bp_repeat:control->pitch|brake_resistor_chp:pitch->converter|cable_overload:converter->electrical,stop:Repeating error BP52->pitch|warning:Repeating error BP 0->pitch|warning:Error brake resistor CHP->converter|warning:Cable overload->electrical,4213,9386.501584975991,82.56376568188062,8.636887486170757,8.79934683194864,17.4362343181194,1102,1636.652410630405,799,825.9508298483938,977,1741.3485003248225,4.327733408394787,28,actionable_unacted,True,20.788888888888888,2,1.2711773380933318,,False,False,False
joint_3slots,joint,3,bp_repeat:control->pitch|brake_resistor_chp:pitch->converter|high_yaw_load:yaw->external,stop:Repeating error BP52->pitch|warning:Repeating error BP 0->pitch|warning:Error brake resistor CHP->converter|stop:High yaw load->external,4213,9386.501584975991,82.56376568188062,8.636887486170757,8.79934683194864,17.4362343181194,1102,1636.652410630405,799,825.9508298483938,977,1741.3485003248225,4.327733408394787,28,actionable_unacted,True,20.788888888888888,2,1.2711773380933318,,False,False,False
joint_4slots,joint,4,bp_repeat:control->pitch|brake_resistor_chp:pitch->converter|high_yaw_load:yaw->external|cable_overload:converter->electrical,stop:Repeating error BP52->pitch|warning:Repeating error BP 0->pitch|warning:Error brake resistor CHP->converter|stop:High yaw load->external|warning:Cable overload->electrical,4213,9386.501584975991,82.56376568188062,8.636887486170757,8.79934683194864,17.4362343181194,1102,1636.652410630405,799,825.9508298483938,977,1741.3485003248225,4.327733408394787,28,actionable_unacted,True,20.788888888888888,2,1.2711773380933318,,False,False,False
joint_3slots,joint,3,bp_repeat:control->pitch|brake_resistor_chp:pitch->converter|no_speed_development:control->pitch,stop:Repeating error BP52->pitch|warning:Repeating error BP 0->pitch|warning:Error brake resistor CHP->converter|stop:No speed development->pitch,4213,9386.501584975991,82.47877132896748,8.636887486170757,8.884341184861796,17.52122867103255,1103,1644.6304069137382,800,833.9288261317272,977,1741.3485003248225,4.327733408394787,28,actionable_unacted,True,20.788888888888888,2,1.3561716910064883,,False,False,False
joint_4slots,joint,4,bp_repeat:control->pitch|brake_resistor_chp:pitch->converter|no_speed_development:control->pitch|cable_overload:converter->electrical,stop:Repeating error BP52->pitch|warning:Repeating error BP 0->pitch|warning:Error brake resistor CHP->converter|stop:No speed development->pitch|warning:Cable overload->electrical,4213,9386.501584975991,82.47877132896748,8.636887486170757,8.884341184861796,17.52122867103255,1103,1644.6304069137382,800,833.9288261317272,977,1741.3485003248225,4.327733408394787,28,actionable_unacted,True,20.788888888888888,2,1.3561716910064883,,False,False,False
joint_4slots,joint,4,bp_repeat:control->pitch|brake_resistor_chp:pitch->converter|no_speed_development:control->pitch|high_yaw_load:yaw->external,stop:Repeating error BP52->pitch|warning:Repeating error BP 0->pitch|warning:Error brake resistor CHP->converter|stop:No speed development->pitch|stop:High yaw load->external,4213,9386.501584975991,82.47877132896748,8.636887486170757,8.884341184861796,17.52122867103255,1103,1644.6304069137382,800,833.9288261317272,977,1741.3485003248225,4.327733408394787,28,actionable_unacted,True,20.788888888888888,2,1.3561716910064883,,False,False,False
joint_5slots,joint,5,bp_repeat:control->pitch|brake_resistor_chp:pitch->converter|no_speed_development:control->pitch|high_yaw_load:yaw->external|cable_overload:converter->electrical,stop:Repeating error BP52->pitch|warning:Repeating error BP 0->pitch|warning:Error brake resistor CHP->converter|stop:No speed development->pitch|stop:High yaw load->external|warning:Cable overload->electrical,4213,9386.501584975991,82.47877132896748,8.636887486170757,8.884341184861796,17.52122867103255,1103,1644.6304069137382,800,833.9288261317272,977,1741.3485003248225,4.327733408394787,28,actionable_unacted,True,20.788888888888888,2,1.3561716910064883,,False,False,False
joint_3slots,joint,3,bp_repeat:control->pitch|brake_resistor_chp:pitch->converter|no_speed_development:control->brake_hydraulic,stop:Repeating error BP52->pitch|warning:Repeating error BP 0->pitch|warning:Error brake resistor CHP->converter|stop:No speed development->brake_hydraulic,4213,9386.501584975991,82.47408894504812,8.63841061782032,8.887500437131576,17.525911054951894,1105,1645.0699189545421,801,834.2253693961036,977,1741.3485003248225,4.327733408394787,28,actionable_unacted,True,20.788888888888888,2,1.3593309432762686,,False,False,False
joint_4slots,joint,4,bp_repeat:control->pitch|brake_resistor_chp:pitch->converter|no_speed_development:control->brake_hydraulic|cable_overload:converter->electrical,stop:Repeating error BP52->pitch|warning:Repeating error BP 0->pitch|warning:Error brake resistor CHP->converter|stop:No speed development->brake_hydraulic|warning:Cable overload->electrical,4213,9386.501584975991,82.47408894504812,8.63841061782032,8.887500437131576,17.525911054951894,1105,1645.0699189545421,801,834.2253693961036,977,1741.3485003248225,4.327733408394787,28,actionable_unacted,True,20.788888888888888,2,1.3593309432762686,,False,False,False
joint_4slots,joint,4,bp_repeat:control->pitch|brake_resistor_chp:pitch->converter|no_speed_development:control->brake_hydraulic|high_yaw_load:yaw->external,stop:Repeating error BP52->pitch|warning:Repeating error BP 0->pitch|warning:Error brake resistor CHP->converter|stop:No speed development->brake_hydraulic|stop:High yaw load->external,4213,9386.501584975991,82.47408894504812,8.63841061782032,8.887500437131576,17.525911054951894,1105,1645.0699189545421,801,834.2253693961036,977,1741.3485003248225,4.327733408394787,28,actionable_unacted,True,20.788888888888888,2,1.3593309432762686,,False,False,False
joint_5slots,joint,5,bp_repeat:control->pitch|brake_resistor_chp:pitch->converter|no_speed_development:control->brake_hydraulic|high_yaw_load:yaw->external|cable_overload:converter->electrical,stop:Repeating error BP52->pitch|warning:Repeating error BP 0->pitch|warning:Error brake resistor CHP->converter|stop:No speed development->brake_hydraulic|stop:High yaw load->external|warning:Cable overload->electrical,4213,9386.501584975991,82.47408894504812,8.63841061782032,8.887500437131576,17.525911054951894,1105,1645.0699189545421,801,834.2253693961036,977,1741.3485003248225,4.327733408394787,28,actionable_unacted,True,20.788888888888888,2,1.3593309432762686,,False,False,False
joint_3slots,joint,3,bp_repeat:control->pitch|brake_resistor_chp:pitch->converter|wec_shut_down:control->manual,stop:Repeating error BP52->pitch|warning:Repeating error BP 0->pitch|warning:Error brake resistor CHP->converter|stop:WEC shut down->manual,4213,9386.501584975991,84.8026156984731,8.636887486170757,6.5604968153561565,15.197384301526911,1101,1426.502718337716,798,615.801137555705,977,1741.3485003248225,4.327733408394787,28,unwarned,False,,0,-0.9676726784991514,,False,False,False
joint_4slots,joint,4,bp_repeat:control->pitch|brake_resistor_chp:pitch->converter|wec_shut_down:control->manual|cable_overload:converter->electrical,stop:Repeating error BP52->pitch|warning:Repeating error BP 0->pitch|warning:Error brake resistor CHP->converter|stop:WEC shut down->manual|warning:Cable overload->electrical,4213,9386.501584975991,84.8026156984731,8.636887486170757,6.5604968153561565,15.197384301526911,1101,1426.502718337716,798,615.801137555705,977,1741.3485003248225,4.327733408394787,28,unwarned,False,,0,-0.9676726784991514,,False,False,False
joint_4slots,joint,4,bp_repeat:control->pitch|brake_resistor_chp:pitch->converter|wec_shut_down:control->manual|high_yaw_load:yaw->external,stop:Repeating error BP52->pitch|warning:Repeating error BP 0->pitch|warning:Error brake resistor CHP->converter|stop:WEC shut down->manual|stop:High yaw load->external,4213,9386.501584975991,84.8026156984731,8.636887486170757,6.5604968153561565,15.197384301526911,1101,1426.502718337716,798,615.801137555705,977,1741.3485003248225,4.327733408394787,28,unwarned,False,,0,-0.9676726784991514,,False,False,False
joint_5slots,joint,5,bp_repeat:control->pitch|brake_resistor_chp:pitch->converter|wec_shut_down:control->manual|high_yaw_load:yaw->external|cable_overload:converter->electrical,stop:Repeating error BP52->pitch|warning:Repeating error BP 0->pitch|warning:Error brake resistor CHP->converter|stop:WEC shut down->manual|stop:High yaw load->external|warning:Cable overload->electrical,4213,9386.501584975991,84.8026156984731,8.636887486170757,6.5604968153561565,15.197384301526911,1101,1426.502718337716,798,615.801137555705,977,1741.3485003248225,4.327733408394787,28,unwarned,False,,0,-0.9676726784991514,,False,False,False
joint_4slots,joint,4,bp_repeat:control->pitch|brake_resistor_chp:pitch->converter|wec_shut_down:control->manual|no_speed_development:control->pitch,stop:Repeating error BP52->pitch|warning:Repeating error BP 0->pitch|warning:Error brake resistor CHP->converter|stop:WEC shut down->manual|stop:No speed development->pitch,4213,9386.501584975991,84.71762134555996,8.636887486170757,6.645491168269311,15.28237865444007,1102,1434.4807146210496,799,623.7791338390384,977,1741.3485003248225,4.327733408394787,28,unwarned,False,,0,-0.8826783255859967,,False,False,False
joint_5slots,joint,5,bp_repeat:control->pitch|brake_resistor_chp:pitch->converter|wec_shut_down:control->manual|no_speed_development:control->pitch|cable_overload:converter->electrical,stop:Repeating error BP52->pitch|warning:Repeating error BP 0->pitch|warning:Error brake resistor CHP->converter|stop:WEC shut down->manual|stop:No speed development->pitch|warning:Cable overload->electrical,4213,9386.501584975991,84.71762134555996,8.636887486170757,6.645491168269311,15.28237865444007,1102,1434.4807146210496,799,623.7791338390384,977,1741.3485003248225,4.327733408394787,28,unwarned,False,,0,-0.8826783255859967,,False,False,False
joint_5slots,joint,5,bp_repeat:control->pitch|brake_resistor_chp:pitch->converter|wec_shut_down:control->manual|no_speed_development:control->pitch|high_yaw_load:yaw->external,stop:Repeating error BP52->pitch|warning:Repeating error BP 0->pitch|warning:Error brake resistor CHP->converter|stop:WEC shut down->manual|stop:No speed development->pitch|stop:High yaw load->external,4213,9386.501584975991,84.71762134555996,8.636887486170757,6.645491168269311,15.28237865444007,1102,1434.4807146210496,799,623.7791338390384,977,1741.3485003248225,4.327733408394787,28,unwarned,False,,0,-0.8826783255859967,,False,False,False
joint_6slots,joint,6,bp_repeat:control->pitch|brake_resistor_chp:pitch->converter|wec_shut_down:control->manual|no_speed_development:control->pitch|high_yaw_load:yaw->external|cable_overload:converter->electrical,stop:Repeating error BP52->pitch|warning:Repeating error BP 0->pitch|warning:Error brake resistor CHP->converter|stop:WEC shut down->manual|stop:No speed development->pitch|stop:High yaw load->external|warning:Cable overload->electrical,4213,9386.501584975991,84.71762134555996,8.636887486170757,6.645491168269311,15.28237865444007,1102,1434.4807146210496,799,623.7791338390384,977,1741.3485003248225,4.327733408394787,28,unwarned,False,,0,-0.8826783255859967,,False,False,False
joint_4slots,joint,4,bp_repeat:control->pitch|brake_resistor_chp:pitch->converter|wec_shut_down:control->manual|no_speed_development:control->brake_hydraulic,stop:Repeating error BP52->pitch|warning:Repeating error BP 0->pitch|warning:Error brake resistor CHP->converter|stop:WEC shut down->manual|stop:No speed development->brake_hydraulic,4213,9386.501584975991,84.7129389616406,8.63841061782032,6.648650420539092,15.287061038359408,1104,1434.9202266618531,800,624.0756771034148,977,1741.3485003248225,4.327733408394787,28,unwarned,False,,0,-0.8795190733162155,,False,False,False
joint_5slots,joint,5,bp_repeat:control->pitch|brake_resistor_chp:pitch->converter|wec_shut_down:control->manual|no_speed_development:control->brake_hydraulic|cable_overload:converter->electrical,stop:Repeating error BP52->pitch|warning:Repeating error BP 0->pitch|warning:Error brake resistor CHP->converter|stop:WEC shut down->manual|stop:No speed development->brake_hydraulic|warning:Cable overload->electrical,4213,9386.501584975991,84.7129389616406,8.63841061782032,6.648650420539092,15.287061038359408,1104,1434.9202266618531,800,624.0756771034148,977,1741.3485003248225,4.327733408394787,28,unwarned,False,,0,-0.8795190733162155,,False,False,False
joint_5slots,joint,5,bp_repeat:control->pitch|brake_resistor_chp:pitch->converter|wec_shut_down:control->manual|no_speed_development:control->brake_hydraulic|high_yaw_load:yaw->external,stop:Repeating error BP52->pitch|warning:Repeating error BP 0->pitch|warning:Error brake resistor CHP->converter|stop:WEC shut down->manual|stop:No speed development->brake_hydraulic|stop:High yaw load->external,4213,9386.501584975991,84.7129389616406,8.63841061782032,6.648650420539092,15.287061038359408,1104,1434.9202266618531,800,624.0756771034148,977,1741.3485003248225,4.327733408394787,28,unwarned,False,,0,-0.8795190733162155,,False,False,False
joint_6slots,joint,6,bp_repeat:control->pitch|brake_resistor_chp:pitch->converter|wec_shut_down:control->manual|no_speed_development:control->brake_hydraulic|high_yaw_load:yaw->external|cable_overload:converter->electrical,stop:Repeating error BP52->pitch|warning:Repeating error BP 0->pitch|warning:Error brake resistor CHP->converter|stop:WEC shut down->manual|stop:No speed development->brake_hydraulic|stop:High yaw load->external|warning:Cable overload->electrical,4213,9386.501584975991,84.7129389616406,8.63841061782032,6.648650420539092,15.287061038359408,1104,1434.9202266618531,800,624.0756771034148,977,1741.3485003248225,4.327733408394787,28,unwarned,False,,0,-0.8795190733162155,,False,False,False
joint_3slots,joint,3,bp_repeat:control->pitch|brake_resistor_chp:pitch->converter|current_asymmetry:converter->generator,stop:Repeating error BP52->pitch|warning:Repeating error BP 0->pitch|warning:Error brake resistor CHP->converter|stop:Current asymmetry->generator,4213,9386.501584975991,82.91946478983371,8.628961752940592,8.451573457225717,17.08053521016631,1090,1603.2647082246428,791,793.307076517902,946,1696.3201041110958,2.4743689765659806,16,actionable_unacted,True,20.788888888888888,2,0.9234039633704088,,False,False,False
joint_4slots,joint,4,bp_repeat:control->pitch|brake_resistor_chp:pitch->converter|current_asymmetry:converter->generator|cable_overload:converter->electrical,stop:Repeating error BP52->pitch|warning:Repeating error BP 0->pitch|warning:Error brake resistor CHP->converter|stop:Current asymmetry->generator|warning:Cable overload->electrical,4213,9386.501584975991,82.91946478983371,8.628961752940592,8.451573457225717,17.08053521016631,1090,1603.2647082246428,791,793.307076517902,946,1696.3201041110958,2.4743689765659806,16,actionable_unacted,True,20.788888888888888,2,0.9234039633704088,,False,False,False
joint_4slots,joint,4,bp_repeat:control->pitch|brake_resistor_chp:pitch->converter|current_asymmetry:converter->generator|high_yaw_load:yaw->external,stop:Repeating error BP52->pitch|warning:Repeating error BP 0->pitch|warning:Error brake resistor CHP->converter|stop:Current asymmetry->generator|stop:High yaw load->external,4213,9386.501584975991,82.91946478983371,8.628961752940592,8.451573457225717,17.08053521016631,1090,1603.2647082246428,791,793.307076517902,946,1696.3201041110958,2.4743689765659806,16,actionable_unacted,True,20.788888888888888,2,0.9234039633704088,,False,False,False
joint_5slots,joint,5,bp_repeat:control->pitch|brake_resistor_chp:pitch->converter|current_asymmetry:converter->generator|high_yaw_load:yaw->external|cable_overload:converter->electrical,stop:Repeating error BP52->pitch|warning:Repeating error BP 0->pitch|warning:Error brake resistor CHP->converter|stop:Current asymmetry->generator|stop:High yaw load->external|warning:Cable overload->electrical,4213,9386.501584975991,82.91946478983371,8.628961752940592,8.451573457225717,17.08053521016631,1090,1603.2647082246428,791,793.307076517902,946,1696.3201041110958,2.4743689765659806,16,actionable_unacted,True,20.788888888888888,2,0.9234039633704088,,False,False,False
joint_4slots,joint,4,bp_repeat:control->pitch|brake_resistor_chp:pitch->converter|current_asymmetry:converter->generator|no_speed_development:control->pitch,stop:Repeating error BP52->pitch|warning:Repeating error BP 0->pitch|warning:Error brake resistor CHP->converter|stop:Current asymmetry->generator|stop:No speed development->pitch,4213,9386.501584975991,82.83447043692055,8.628961752940592,8.53656781013887,17.165529563079463,1091,1611.2427045079762,792,801.2850728012353,946,1696.3201041110958,2.4743689765659806,16,actionable_unacted,True,20.788888888888888,2,1.0083983162835617,,False,False,False
joint_5slots,joint,5,bp_repeat:control->pitch|brake_resistor_chp:pitch->converter|current_asymmetry:converter->generator|no_speed_development:control->pitch|cable_overload:converter->electrical,stop:Repeating error BP52->pitch|warning:Repeating error BP 0->pitch|warning:Error brake resistor CHP->converter|stop:Current asymmetry->generator|stop:No speed development->pitch|warning:Cable overload->electrical,4213,9386.501584975991,82.83447043692055,8.628961752940592,8.53656781013887,17.165529563079463,1091,1611.2427045079762,792,801.2850728012353,946,1696.3201041110958,2.4743689765659806,16,actionable_unacted,True,20.788888888888888,2,1.0083983162835617,,False,False,False
joint_5slots,joint,5,bp_repeat:control->pitch|brake_resistor_chp:pitch->converter|current_asymmetry:converter->generator|no_speed_development:control->pitch|high_yaw_load:yaw->external,stop:Repeating error BP52->pitch|warning:Repeating error BP 0->pitch|warning:Error brake resistor CHP->converter|stop:Current asymmetry->generator|stop:No speed development->pitch|stop:High yaw load->external,4213,9386.501584975991,82.83447043692055,8.628961752940592,8.53656781013887,17.165529563079463,1091,1611.2427045079762,792,801.2850728012353,946,1696.3201041110958,2.4743689765659806,16,actionable_unacted,True,20.788888888888888,2,1.0083983162835617,,False,False,False
joint_6slots,joint,6,bp_repeat:control->pitch|brake_resistor_chp:pitch->converter|current_asymmetry:converter->generator|no_speed_development:control->pitch|high_yaw_load:yaw->external|cable_overload:converter->electrical,stop:Repeating error BP52->pitch|warning:Repeating error BP 0->pitch|warning:Error brake resistor CHP->converter|stop:Current asymmetry->generator|stop:No speed development->pitch|stop:High yaw load->external|warning:Cable overload->electrical,4213,9386.501584975991,82.83447043692055,8.628961752940592,8.53656781013887,17.165529563079463,1091,1611.2427045079762,792,801.2850728012353,946,1696.3201041110958,2.4743689765659806,16,actionable_unacted,True,20.788888888888888,2,1.0083983162835617,,False,False,False
joint_4slots,joint,4,bp_repeat:control->pitch|brake_resistor_chp:pitch->converter|current_asymmetry:converter->generator|no_speed_development:control->brake_hydraulic,stop:Repeating error BP52->pitch|warning:Repeating error BP 0->pitch|warning:Error brake resistor CHP->converter|stop:Current asymmetry->generator|stop:No speed development->brake_hydraulic,4213,9386.501584975991,82.82978805300121,8.630484884590153,8.539727062408652,17.170211946998805,1093,1611.6822165487797,793,801.5816160656117,946,1696.3201041110958,2.4743689765659806,16,actionable_unacted,True,20.788888888888888,2,1.0115575685533438,,False,False,False
joint_5slots,joint,5,bp_repeat:control->pitch|brake_resistor_chp:pitch->converter|current_asymmetry:converter->generator|no_speed_development:control->brake_hydraulic|cable_overload:converter->electrical,stop:Repeating error BP52->pitch|warning:Repeating error BP 0->pitch|warning:Error brake resistor CHP->converter|stop:Current asymmetry->generator|stop:No speed development->brake_hydraulic|warning:Cable overload->electrical,4213,9386.501584975991,82.82978805300121,8.630484884590153,8.539727062408652,17.170211946998805,1093,1611.6822165487797,793,801.5816160656117,946,1696.3201041110958,2.4743689765659806,16,actionable_unacted,True,20.788888888888888,2,1.0115575685533438,,False,False,False
joint_5slots,joint,5,bp_repeat:control->pitch|brake_resistor_chp:pitch->converter|current_asymmetry:converter->generator|no_speed_development:control->brake_hydraulic|high_yaw_load:yaw->external,stop:Repeating error BP52->pitch|warning:Repeating error BP 0->pitch|warning:Error brake resistor CHP->converter|stop:Current asymmetry->generator|stop:No speed development->brake_hydraulic|stop:High yaw load->external,4213,9386.501584975991,82.82978805300121,8.630484884590153,8.539727062408652,17.170211946998805,1093,1611.6822165487797,793,801.5816160656117,946,1696.3201041110958,2.4743689765659806,16,actionable_unacted,True,20.788888888888888,2,1.0115575685533438,,False,False,False
joint_6slots,joint,6,bp_repeat:control->pitch|brake_resistor_chp:pitch->converter|current_asymmetry:converter->generator|no_speed_development:control->brake_hydraulic|high_yaw_load:yaw->external|cable_overload:converter->electrical,stop:Repeating error BP52->pitch|warning:Repeating error BP 0->pitch|warning:Error brake resistor CHP->converter|stop:Current asymmetry->generator|stop:No speed development->brake_hydraulic|stop:High yaw load->external|warning:Cable overload->electrical,4213,9386.501584975991,82.82978805300121,8.630484884590153,8.539727062408652,17.170211946998805,1093,1611.6822165487797,793,801.5816160656117,946,1696.3201041110958,2.4743689765659806,16,actionable_unacted,True,20.788888888888888,2,1.0115575685533438,,False,False,False
joint_4slots,joint,4,bp_repeat:control->pitch|brake_resistor_chp:pitch->converter|current_asymmetry:converter->generator|wec_shut_down:control->manual,stop:Repeating error BP52->pitch|warning:Repeating error BP 0->pitch|warning:Error brake resistor CHP->converter|stop:Current asymmetry->generator|stop:WEC shut down->manual,4213,9386.501584975991,85.1583148064262,8.628961752940592,6.212723440633232,14.841685193573824,1089,1393.115015931954,790,583.1573842252133,946,1696.3201041110958,2.4743689765659806,16,unwarned,False,,0,-1.3154460532220762,,False,False,False
joint_5slots,joint,5,bp_repeat:control->pitch|brake_resistor_chp:pitch->converter|current_asymmetry:converter->generator|wec_shut_down:control->manual|cable_overload:converter->electrical,stop:Repeating error BP52->pitch|warning:Repeating error BP 0->pitch|warning:Error brake resistor CHP->converter|stop:Current asymmetry->generator|stop:WEC shut down->manual|warning:Cable overload->electrical,4213,9386.501584975991,85.1583148064262,8.628961752940592,6.212723440633232,14.841685193573824,1089,1393.115015931954,790,583.1573842252133,946,1696.3201041110958,2.4743689765659806,16,unwarned,False,,0,-1.3154460532220762,,False,False,False
joint_5slots,joint,5,bp_repeat:control->pitch|brake_resistor_chp:pitch->converter|current_asymmetry:converter->generator|wec_shut_down:control->manual|high_yaw_load:yaw->external,stop:Repeating error BP52->pitch|warning:Repeating error BP 0->pitch|warning:Error brake resistor CHP->converter|stop:Current asymmetry->generator|stop:WEC shut down->manual|stop:High yaw load->external,4213,9386.501584975991,85.1583148064262,8.628961752940592,6.212723440633232,14.841685193573824,1089,1393.115015931954,790,583.1573842252133,946,1696.3201041110958,2.4743689765659806,16,unwarned,False,,0,-1.3154460532220762,,False,False,False
joint_6slots,joint,6,bp_repeat:control->pitch|brake_resistor_chp:pitch->converter|current_asymmetry:converter->generator|wec_shut_down:control->manual|high_yaw_load:yaw->external|cable_overload:converter->electrical,stop:Repeating error BP52->pitch|warning:Repeating error BP 0->pitch|warning:Error brake resistor CHP->converter|stop:Current asymmetry->generator|stop:WEC shut down->manual|stop:High yaw load->external|warning:Cable overload->electrical,4213,9386.501584975991,85.1583148064262,8.628961752940592,6.212723440633232,14.841685193573824,1089,1393.115015931954,790,583.1573842252133,946,1696.3201041110958,2.4743689765659806,16,unwarned,False,,0,-1.3154460532220762,,False,False,False
joint_5slots,joint,5,bp_repeat:control->pitch|brake_resistor_chp:pitch->converter|current_asymmetry:converter->generator|wec_shut_down:control->manual|no_speed_development:control->pitch,stop:Repeating error BP52->pitch|warning:Repeating error BP 0->pitch|warning:Error brake resistor CHP->converter|stop:Current asymmetry->generator|stop:WEC shut down->manual|stop:No speed development->pitch,4213,9386.501584975991,85.07332045351303,8.628961752940592,6.297717793546387,14.926679546486978,1090,1401.0930122152872,791,591.1353805085466,946,1696.3201041110958,2.4743689765659806,16,unwarned,False,,0,-1.2304517003089206,,False,False,False
joint_6slots,joint,6,bp_repeat:control->pitch|brake_resistor_chp:pitch->converter|current_asymmetry:converter->generator|wec_shut_down:control->manual|no_speed_development:control->pitch|cable_overload:converter->electrical,stop:Repeating error BP52->pitch|warning:Repeating error BP 0->pitch|warning:Error brake resistor CHP->converter|stop:Current asymmetry->generator|stop:WEC shut down->manual|stop:No speed development->pitch|warning:Cable overload->electrical,4213,9386.501584975991,85.07332045351303,8.628961752940592,6.297717793546387,14.926679546486978,1090,1401.0930122152872,791,591.1353805085466,946,1696.3201041110958,2.4743689765659806,16,unwarned,False,,0,-1.2304517003089206,,False,False,False
joint_6slots,joint,6,bp_repeat:control->pitch|brake_resistor_chp:pitch->converter|current_asymmetry:converter->generator|wec_shut_down:control->manual|no_speed_development:control->pitch|high_yaw_load:yaw->external,stop:Repeating error BP52->pitch|warning:Repeating error BP 0->pitch|warning:Error brake resistor CHP->converter|stop:Current asymmetry->generator|stop:WEC shut down->manual|stop:No speed development->pitch|stop:High yaw load->external,4213,9386.501584975991,85.07332045351303,8.628961752940592,6.297717793546387,14.926679546486978,1090,1401.0930122152872,791,591.1353805085466,946,1696.3201041110958,2.4743689765659806,16,unwarned,False,,0,-1.2304517003089206,,False,False,False
joint_7slots,joint,7,bp_repeat:control->pitch|brake_resistor_chp:pitch->converter|current_asymmetry:converter->generator|wec_shut_down:control->manual|no_speed_development:control->pitch|high_yaw_load:yaw->external|cable_overload:converter->electrical,stop:Repeating error BP52->pitch|warning:Repeating error BP 0->pitch|warning:Error brake resistor CHP->converter|stop:Current asymmetry->generator|stop:WEC shut down->manual|stop:No speed development->pitch|stop:High yaw load->external|warning:Cable overload->electrical,4213,9386.501584975991,85.07332045351303,8.628961752940592,6.297717793546387,14.926679546486978,1090,1401.0930122152872,791,591.1353805085466,946,1696.3201041110958,2.4743689765659806,16,unwarned,False,,0,-1.2304517003089206,,False,False,False
joint_5slots,joint,5,bp_repeat:control->pitch|brake_resistor_chp:pitch->converter|current_asymmetry:converter->generator|wec_shut_down:control->manual|no_speed_development:control->brake_hydraulic,stop:Repeating error BP52->pitch|warning:Repeating error BP 0->pitch|warning:Error brake resistor CHP->converter|stop:Current asymmetry->generator|stop:WEC shut down->manual|stop:No speed development->brake_hydraulic,4213,9386.501584975991,85.06863806959367,8.630484884590153,6.300877045816167,14.931361930406323,1092,1401.5325242560912,792,591.4319237729229,946,1696.3201041110958,2.4743689765659806,16,unwarned,False,,0,-1.2272924480391412,,False,False,False
joint_6slots,joint,6,bp_repeat:control->pitch|brake_resistor_chp:pitch->converter|current_asymmetry:converter->generator|wec_shut_down:control->manual|no_speed_development:control->brake_hydraulic|cable_overload:converter->electrical,stop:Repeating error BP52->pitch|warning:Repeating error BP 0->pitch|warning:Error brake resistor CHP->converter|stop:Current asymmetry->generator|stop:WEC shut down->manual|stop:No speed development->brake_hydraulic|warning:Cable overload->electrical,4213,9386.501584975991,85.06863806959367,8.630484884590153,6.300877045816167,14.931361930406323,1092,1401.5325242560912,792,591.4319237729229,946,1696.3201041110958,2.4743689765659806,16,unwarned,False,,0,-1.2272924480391412,,False,False,False
joint_6slots,joint,6,bp_repeat:control->pitch|brake_resistor_chp:pitch->converter|current_asymmetry:converter->generator|wec_shut_down:control->manual|no_speed_development:control->brake_hydraulic|high_yaw_load:yaw->external,stop:Repeating error BP52->pitch|warning:Repeating error BP 0->pitch|warning:Error brake resistor CHP->converter|stop:Current asymmetry->generator|stop:WEC shut down->manual|stop:No speed development->brake_hydraulic|stop:High yaw load->external,4213,9386.501584975991,85.06863806959367,8.630484884590153,6.300877045816167,14.931361930406323,1092,1401.5325242560912,792,591.4319237729229,946,1696.3201041110958,2.4743689765659806,16,unwarned,False,,0,-1.2272924480391412,,False,False,False
joint_7slots,joint,7,bp_repeat:control->pitch|brake_resistor_chp:pitch->converter|current_asymmetry:converter->generator|wec_shut_down:control->manual|no_speed_development:control->brake_hydraulic|high_yaw_load:yaw->external|cable_overload:converter->electrical,stop:Repeating error BP52->pitch|warning:Repeating error BP 0->pitch|warning:Error brake resistor CHP->converter|stop:Current asymmetry->generator|stop:WEC shut down->manual|stop:No speed development->brake_hydraulic|stop:High yaw load->external|warning:Cable overload->electrical,4213,9386.501584975991,85.06863806959367,8.630484884590153,6.300877045816167,14.931361930406323,1092,1401.5325242560912,792,591.4319237729229,946,1696.3201041110958,2.4743689765659806,16,unwarned,False,,0,-1.2272924480391412,,False,False,False
joint_3slots,joint,3,bp_repeat:control->pitch|brake_resistor_chp:pitch->converter|cms_drivetrain:comms->drivetrain,stop:Repeating error BP52->pitch|warning:Repeating error BP 0->pitch|warning:Error brake resistor CHP->converter|warning:Comm.err. IEC server <- CMS drive tr.->drivetrain|warning:Comm.err. IEC client -> CMS drive tr.->drivetrain|warning:CMS drive train system error->drivetrain,4213,9386.501584975991,82.52928065707115,8.637767847947224,8.83295149498164,17.470719342928863,1116,1639.8893480307247,809,829.1051320766121,977,1741.3485003248225,4.327733408394787,28,actionable_unacted,True,20.788888888888888,2,1.3047820011263314,,False,False,False
joint_4slots,joint,4,bp_repeat:control->pitch|brake_resistor_chp:pitch->converter|cms_drivetrain:comms->drivetrain|cable_overload:converter->electrical,stop:Repeating error BP52->pitch|warning:Repeating error BP 0->pitch|warning:Error brake resistor CHP->converter|warning:Comm.err. IEC server <- CMS drive tr.->drivetrain|warning:Comm.err. IEC client -> CMS drive tr.->drivetrain|warning:CMS drive train system error->drivetrain|warning:Cable overload->electrical,4213,9386.501584975991,82.52928065707115,8.637767847947224,8.83295149498164,17.470719342928863,1116,1639.8893480307247,809,829.1051320766121,977,1741.3485003248225,4.327733408394787,28,actionable_unacted,True,20.788888888888888,2,1.3047820011263314,,False,False,False
joint_4slots,joint,4,bp_repeat:control->pitch|brake_resistor_chp:pitch->converter|cms_drivetrain:comms->drivetrain|high_yaw_load:yaw->external,stop:Repeating error BP52->pitch|warning:Repeating error BP 0->pitch|warning:Error brake resistor CHP->converter|warning:Comm.err. IEC server <- CMS drive tr.->drivetrain|warning:Comm.err. IEC client -> CMS drive tr.->drivetrain|warning:CMS drive train system error->drivetrain|stop:High yaw load->external,4213,9386.501584975991,82.52928065707115,8.637767847947224,8.83295149498164,17.470719342928863,1116,1639.8893480307247,809,829.1051320766121,977,1741.3485003248225,4.327733408394787,28,actionable_unacted,True,20.788888888888888,2,1.3047820011263314,,False,False,False
joint_5slots,joint,5,bp_repeat:control->pitch|brake_resistor_chp:pitch->converter|cms_drivetrain:comms->drivetrain|high_yaw_load:yaw->external|cable_overload:converter->electrical,stop:Repeating error BP52->pitch|warning:Repeating error BP 0->pitch|warning:Error brake resistor CHP->converter|warning:Comm.err. IEC server <- CMS drive tr.->drivetrain|warning:Comm.err. IEC client -> CMS drive tr.->drivetrain|warning:CMS drive train system error->drivetrain|stop:High yaw load->external|warning:Cable overload->electrical,4213,9386.501584975991,82.52928065707115,8.637767847947224,8.83295149498164,17.470719342928863,1116,1639.8893480307247,809,829.1051320766121,977,1741.3485003248225,4.327733408394787,28,actionable_unacted,True,20.788888888888888,2,1.3047820011263314,,False,False,False
joint_4slots,joint,4,bp_repeat:control->pitch|brake_resistor_chp:pitch->converter|cms_drivetrain:comms->drivetrain|no_speed_development:control->pitch,stop:Repeating error BP52->pitch|warning:Repeating error BP 0->pitch|warning:Error brake resistor CHP->converter|warning:Comm.err. IEC server <- CMS drive tr.->drivetrain|warning:Comm.err. IEC client -> CMS drive tr.->drivetrain|warning:CMS drive train system error->drivetrain|stop:No speed development->pitch,4213,9386.501584975991,82.444286304158,8.637767847947224,8.917945847894794,17.555713695842016,1117,1647.867344314058,810,837.0831283599454,977,1741.3485003248225,4.327733408394787,28,actionable_unacted,True,20.788888888888888,2,1.389776354039486,,False,False,False
joint_5slots,joint,5,bp_repeat:control->pitch|brake_resistor_chp:pitch->converter|cms_drivetrain:comms->drivetrain|no_speed_development:control->pitch|cable_overload:converter->electrical,stop:Repeating error BP52->pitch|warning:Repeating error BP 0->pitch|warning:Error brake resistor CHP->converter|warning:Comm.err. IEC server <- CMS drive tr.->drivetrain|warning:Comm.err. IEC client -> CMS drive tr.->drivetrain|warning:CMS drive train system error->drivetrain|stop:No speed development->pitch|warning:Cable overload->electrical,4213,9386.501584975991,82.444286304158,8.637767847947224,8.917945847894794,17.555713695842016,1117,1647.867344314058,810,837.0831283599454,977,1741.3485003248225,4.327733408394787,28,actionable_unacted,True,20.788888888888888,2,1.389776354039486,,False,False,False
joint_5slots,joint,5,bp_repeat:control->pitch|brake_resistor_chp:pitch->converter|cms_drivetrain:comms->drivetrain|no_speed_development:control->pitch|high_yaw_load:yaw->external,stop:Repeating error BP52->pitch|warning:Repeating error BP 0->pitch|warning:Error brake resistor CHP->converter|warning:Comm.err. IEC server <- CMS drive tr.->drivetrain|warning:Comm.err. IEC client -> CMS drive tr.->drivetrain|warning:CMS drive train system error->drivetrain|stop:No speed development->pitch|stop:High yaw load->external,4213,9386.501584975991,82.444286304158,8.637767847947224,8.917945847894794,17.555713695842016,1117,1647.867344314058,810,837.0831283599454,977,1741.3485003248225,4.327733408394787,28,actionable_unacted,True,20.788888888888888,2,1.389776354039486,,False,False,False
joint_6slots,joint,6,bp_repeat:control->pitch|brake_resistor_chp:pitch->converter|cms_drivetrain:comms->drivetrain|no_speed_development:control->pitch|high_yaw_load:yaw->external|cable_overload:converter->electrical,stop:Repeating error BP52->pitch|warning:Repeating error BP 0->pitch|warning:Error brake resistor CHP->converter|warning:Comm.err. IEC server <- CMS drive tr.->drivetrain|warning:Comm.err. IEC client -> CMS drive tr.->drivetrain|warning:CMS drive train system error->drivetrain|stop:No speed development->pitch|stop:High yaw load->external|warning:Cable overload->electrical,4213,9386.501584975991,82.444286304158,8.637767847947224,8.917945847894794,17.555713695842016,1117,1647.867344314058,810,837.0831283599454,977,1741.3485003248225,4.327733408394787,28,actionable_unacted,True,20.788888888888888,2,1.389776354039486,,False,False,False
joint_4slots,joint,4,bp_repeat:control->pitch|brake_resistor_chp:pitch->converter|cms_drivetrain:comms->drivetrain|no_speed_development:control->brake_hydraulic,stop:Repeating error BP52->pitch|warning:Repeating error BP 0->pitch|warning:Error brake resistor CHP->converter|warning:Comm.err. IEC server <- CMS drive tr.->drivetrain|warning:Comm.err. IEC client -> CMS drive tr.->drivetrain|warning:CMS drive train system error->drivetrain|stop:No speed development->brake_hydraulic,4213,9386.501584975991,82.43960392023865,8.639290979596787,8.921105100164572,17.56039607976136,1119,1648.3068563548618,811,837.3796716243216,977,1741.3485003248225,4.327733408394787,28,actionable_unacted,True,20.788888888888888,2,1.3929356063092646,"[bp_repeat] stop `Repeating error BP52`: ""AMBIGUOUS and high-volume (251 stops). Service category 'Repeated error (25)' names a trip-count supervisor, not a component; 'BP' also prefixes pitch messages ('Pitch too slow BP180'), so a pitch reading is possible. ... Alternative: pitch.""  warning `Repeating error BP 0`: ""AMBIGUOUS. Pairs with the stop message 'Repeating error BP52'; both are assigned to `control` so that they can match each other ... Alternative: pitch.""  The pair is flipped together because the frozen rationale assigns them together. || [brake_resistor_chp] ""AMBIGUOUS and high-volume (235 warnings). 'CHP' = chopper brake resistor. Code 785 sits between the pitch battery block (700-735) and the pitch lubrication pump (850), and the MM82/92 pitch drives have their own braking chopper, so assigned to `pitch`. A converter DC-link chopper reading is equally defensible. Alternatives: converter, brake_hydraulic. FLAGGED for orchestrator review."" || [cms_drivetrain] ""AMBIGUOUS: the condition-monitoring (CMS) link for the drivetrain. Assigned to `comms` because the message reports the monitoring channel failing, not a drivetrain fault - the conservative reading. Alternative: drivetrain.""  The other two rows read ""As above. Alternative: drivetrain."" / ""As above - the CMS itself errors. Alternative: drivetrain."" || [no_speed_development] ""AMBIGUOUS: rotor fails to spin up on start; the physical cause could be pitch, brake or drivetrain. Assigned to `control` (start-up supervisor) precisely because it does not identify a component; n=4. Alternatives: pitch, brake_hydraulic.""",False,False,True
joint_5slots,joint,5,bp_repeat:control->pitch|brake_resistor_chp:pitch->converter|cms_drivetrain:comms->drivetrain|no_speed_development:control->brake_hydraulic|cable_overload:converter->electrical,stop:Repeating error BP52->pitch|warning:Repeating error BP 0->pitch|warning:Error brake resistor CHP->converter|warning:Comm.err. IEC server <- CMS drive tr.->drivetrain|warning:Comm.err. IEC client -> CMS drive tr.->drivetrain|warning:CMS drive train system error->drivetrain|stop:No speed development->brake_hydraulic|warning:Cable overload->electrical,4213,9386.501584975991,82.43960392023865,8.639290979596787,8.921105100164572,17.56039607976136,1119,1648.3068563548618,811,837.3796716243216,977,1741.3485003248225,4.327733408394787,28,actionable_unacted,True,20.788888888888888,2,1.3929356063092646,,False,False,False
joint_5slots,joint,5,bp_repeat:control->pitch|brake_resistor_chp:pitch->converter|cms_drivetrain:comms->drivetrain|no_speed_development:control->brake_hydraulic|high_yaw_load:yaw->external,stop:Repeating error BP52->pitch|warning:Repeating error BP 0->pitch|warning:Error brake resistor CHP->converter|warning:Comm.err. IEC server <- CMS drive tr.->drivetrain|warning:Comm.err. IEC client -> CMS drive tr.->drivetrain|warning:CMS drive train system error->drivetrain|stop:No speed development->brake_hydraulic|stop:High yaw load->external,4213,9386.501584975991,82.43960392023865,8.639290979596787,8.921105100164572,17.56039607976136,1119,1648.3068563548618,811,837.3796716243216,977,1741.3485003248225,4.327733408394787,28,actionable_unacted,True,20.788888888888888,2,1.3929356063092646,,False,False,False
joint_6slots,joint,6,bp_repeat:control->pitch|brake_resistor_chp:pitch->converter|cms_drivetrain:comms->drivetrain|no_speed_development:control->brake_hydraulic|high_yaw_load:yaw->external|cable_overload:converter->electrical,stop:Repeating error BP52->pitch|warning:Repeating error BP 0->pitch|warning:Error brake resistor CHP->converter|warning:Comm.err. IEC server <- CMS drive tr.->drivetrain|warning:Comm.err. IEC client -> CMS drive tr.->drivetrain|warning:CMS drive train system error->drivetrain|stop:No speed development->brake_hydraulic|stop:High yaw load->external|warning:Cable overload->electrical,4213,9386.501584975991,82.43960392023865,8.639290979596787,8.921105100164572,17.56039607976136,1119,1648.3068563548618,811,837.3796716243216,977,1741.3485003248225,4.327733408394787,28,actionable_unacted,True,20.788888888888888,2,1.3929356063092646,,False,False,False
joint_4slots,joint,4,bp_repeat:control->pitch|brake_resistor_chp:pitch->converter|cms_drivetrain:comms->drivetrain|wec_shut_down:control->manual,stop:Repeating error BP52->pitch|warning:Repeating error BP 0->pitch|warning:Error brake resistor CHP->converter|warning:Comm.err. IEC server <- CMS drive tr.->drivetrain|warning:Comm.err. IEC client -> CMS drive tr.->drivetrain|warning:CMS drive train system error->drivetrain|stop:WEC shut down->manual,4213,9386.501584975991,84.76813067366363,8.637767847947224,6.594101478389156,15.231869326336376,1115,1429.739655738036,808,618.9554397839235,977,1741.3485003248225,4.327733408394787,28,unwarned,False,,0,-0.9340680154661518,,False,False,False
joint_5slots,joint,5,bp_repeat:control->pitch|brake_resistor_chp:pitch->converter|cms_drivetrain:comms->drivetrain|wec_shut_down:control->manual|cable_overload:converter->electrical,stop:Repeating error BP52->pitch|warning:Repeating error BP 0->pitch|warning:Error brake resistor CHP->converter|warning:Comm.err. IEC server <- CMS drive tr.->drivetrain|warning:Comm.err. IEC client -> CMS drive tr.->drivetrain|warning:CMS drive train system error->drivetrain|stop:WEC shut down->manual|warning:Cable overload->electrical,4213,9386.501584975991,84.76813067366363,8.637767847947224,6.594101478389156,15.231869326336376,1115,1429.739655738036,808,618.9554397839235,977,1741.3485003248225,4.327733408394787,28,unwarned,False,,0,-0.9340680154661518,,False,False,False
joint_5slots,joint,5,bp_repeat:control->pitch|brake_resistor_chp:pitch->converter|cms_drivetrain:comms->drivetrain|wec_shut_down:control->manual|high_yaw_load:yaw->external,stop:Repeating error BP52->pitch|warning:Repeating error BP 0->pitch|warning:Error brake resistor CHP->converter|warning:Comm.err. IEC server <- CMS drive tr.->drivetrain|warning:Comm.err. IEC client -> CMS drive tr.->drivetrain|warning:CMS drive train system error->drivetrain|stop:WEC shut down->manual|stop:High yaw load->external,4213,9386.501584975991,84.76813067366363,8.637767847947224,6.594101478389156,15.231869326336376,1115,1429.739655738036,808,618.9554397839235,977,1741.3485003248225,4.327733408394787,28,unwarned,False,,0,-0.9340680154661518,,False,False,False
joint_6slots,joint,6,bp_repeat:control->pitch|brake_resistor_chp:pitch->converter|cms_drivetrain:comms->drivetrain|wec_shut_down:control->manual|high_yaw_load:yaw->external|cable_overload:converter->electrical,stop:Repeating error BP52->pitch|warning:Repeating error BP 0->pitch|warning:Error brake resistor CHP->converter|warning:Comm.err. IEC server <- CMS drive tr.->drivetrain|warning:Comm.err. IEC client -> CMS drive tr.->drivetrain|warning:CMS drive train system error->drivetrain|stop:WEC shut down->manual|stop:High yaw load->external|warning:Cable overload->electrical,4213,9386.501584975991,84.76813067366363,8.637767847947224,6.594101478389156,15.231869326336376,1115,1429.739655738036,808,618.9554397839235,977,1741.3485003248225,4.327733408394787,28,unwarned,False,,0,-0.9340680154661518,,False,False,False
joint_5slots,joint,5,bp_repeat:control->pitch|brake_resistor_chp:pitch->converter|cms_drivetrain:comms->drivetrain|wec_shut_down:control->manual|no_speed_development:control->pitch,stop:Repeating error BP52->pitch|warning:Repeating error BP 0->pitch|warning:Error brake resistor CHP->converter|warning:Comm.err. IEC server <- CMS drive tr.->drivetrain|warning:Comm.err. IEC client -> CMS drive tr.->drivetrain|warning:CMS drive train system error->drivetrain|stop:WEC shut down->manual|stop:No speed development->pitch,4213,9386.501584975991,84.68313632075049,8.637767847947224,6.67909583130231,15.316863679249535,1116,1437.7176520213693,809,626.9334360672567,977,1741.3485003248225,4.327733408394787,28,unwarned,False,,0,-0.849073662552998,,False,False,False
joint_6slots,joint,6,bp_repeat:control->pitch|brake_resistor_chp:pitch->converter|cms_drivetrain:comms->drivetrain|wec_shut_down:control->manual|no_speed_development:control->pitch|cable_overload:converter->electrical,stop:Repeating error BP52->pitch|warning:Repeating error BP 0->pitch|warning:Error brake resistor CHP->converter|warning:Comm.err. IEC server <- CMS drive tr.->drivetrain|warning:Comm.err. IEC client -> CMS drive tr.->drivetrain|warning:CMS drive train system error->drivetrain|stop:WEC shut down->manual|stop:No speed development->pitch|warning:Cable overload->electrical,4213,9386.501584975991,84.68313632075049,8.637767847947224,6.67909583130231,15.316863679249535,1116,1437.7176520213693,809,626.9334360672567,977,1741.3485003248225,4.327733408394787,28,unwarned,False,,0,-0.849073662552998,,False,False,False
joint_6slots,joint,6,bp_repeat:control->pitch|brake_resistor_chp:pitch->converter|cms_drivetrain:comms->drivetrain|wec_shut_down:control->manual|no_speed_development:control->pitch|high_yaw_load:yaw->external,stop:Repeating error BP52->pitch|warning:Repeating error BP 0->pitch|warning:Error brake resistor CHP->converter|warning:Comm.err. IEC server <- CMS drive tr.->drivetrain|warning:Comm.err. IEC client -> CMS drive tr.->drivetrain|warning:CMS drive train system error->drivetrain|stop:WEC shut down->manual|stop:No speed development->pitch|stop:High yaw load->external,4213,9386.501584975991,84.68313632075049,8.637767847947224,6.67909583130231,15.316863679249535,1116,1437.7176520213693,809,626.9334360672567,977,1741.3485003248225,4.327733408394787,28,unwarned,False,,0,-0.849073662552998,,False,False,False
joint_7slots,joint,7,bp_repeat:control->pitch|brake_resistor_chp:pitch->converter|cms_drivetrain:comms->drivetrain|wec_shut_down:control->manual|no_speed_development:control->pitch|high_yaw_load:yaw->external|cable_overload:converter->electrical,stop:Repeating error BP52->pitch|warning:Repeating error BP 0->pitch|warning:Error brake resistor CHP->converter|warning:Comm.err. IEC server <- CMS drive tr.->drivetrain|warning:Comm.err. IEC client -> CMS drive tr.->drivetrain|warning:CMS drive train system error->drivetrain|stop:WEC shut down->manual|stop:No speed development->pitch|stop:High yaw load->external|warning:Cable overload->electrical,4213,9386.501584975991,84.68313632075049,8.637767847947224,6.67909583130231,15.316863679249535,1116,1437.7176520213693,809,626.9334360672567,977,1741.3485003248225,4.327733408394787,28,unwarned,False,,0,-0.849073662552998,,False,False,False
joint_5slots,joint,5,bp_repeat:control->pitch|brake_resistor_chp:pitch->converter|cms_drivetrain:comms->drivetrain|wec_shut_down:control->manual|no_speed_development:control->brake_hydraulic,stop:Repeating error BP52->pitch|warning:Repeating error BP 0->pitch|warning:Error brake resistor CHP->converter|warning:Comm.err. IEC server <- CMS drive tr.->drivetrain|warning:Comm.err. IEC client -> CMS drive tr.->drivetrain|warning:CMS drive train system error->drivetrain|stop:WEC shut down->manual|stop:No speed development->brake_hydraulic,4213,9386.501584975991,84.67845393683116,8.639290979596787,6.68225508357209,15.321546063168876,1118,1438.157164062173,810,627.229979331633,977,1741.3485003248225,4.327733408394787,28,unwarned,False,,0,-0.8459144102832177,,False,False,False
joint_6slots,joint,6,bp_repeat:control->pitch|brake_resistor_chp:pitch->converter|cms_drivetrain:comms->drivetrain|wec_shut_down:control->manual|no_speed_development:control->brake_hydraulic|cable_overload:converter->electrical,stop:Repeating error BP52->pitch|warning:Repeating error BP 0->pitch|warning:Error brake resistor CHP->converter|warning:Comm.err. IEC server <- CMS drive tr.->drivetrain|warning:Comm.err. IEC client -> CMS drive tr.->drivetrain|warning:CMS drive train system error->drivetrain|stop:WEC shut down->manual|stop:No speed development->brake_hydraulic|warning:Cable overload->electrical,4213,9386.501584975991,84.67845393683116,8.639290979596787,6.68225508357209,15.321546063168876,1118,1438.157164062173,810,627.229979331633,977,1741.3485003248225,4.327733408394787,28,unwarned,False,,0,-0.8459144102832177,,False,False,False
joint_6slots,joint,6,bp_repeat:control->pitch|brake_resistor_chp:pitch->converter|cms_drivetrain:comms->drivetrain|wec_shut_down:control->manual|no_speed_development:control->brake_hydraulic|high_yaw_load:yaw->external,stop:Repeating error BP52->pitch|warning:Repeating error BP 0->pitch|warning:Error brake resistor CHP->converter|warning:Comm.err. IEC server <- CMS drive tr.->drivetrain|warning:Comm.err. IEC client -> CMS drive tr.->drivetrain|warning:CMS drive train system error->drivetrain|stop:WEC shut down->manual|stop:No speed development->brake_hydraulic|stop:High yaw load->external,4213,9386.501584975991,84.67845393683116,8.639290979596787,6.68225508357209,15.321546063168876,1118,1438.157164062173,810,627.229979331633,977,1741.3485003248225,4.327733408394787,28,unwarned,False,,0,-0.8459144102832177,,False,False,False
joint_7slots,joint,7,bp_repeat:control->pitch|brake_resistor_chp:pitch->converter|cms_drivetrain:comms->drivetrain|wec_shut_down:control->manual|no_speed_development:control->brake_hydraulic|high_yaw_load:yaw->external|cable_overload:converter->electrical,stop:Repeating error BP52->pitch|warning:Repeating error BP 0->pitch|warning:Error brake resistor CHP->converter|warning:Comm.err. IEC server <- CMS drive tr.->drivetrain|warning:Comm.err. IEC client -> CMS drive tr.->drivetrain|warning:CMS drive train system error->drivetrain|stop:WEC shut down->manual|stop:No speed development->brake_hydraulic|stop:High yaw load->external|warning:Cable overload->electrical,4213,9386.501584975991,84.67845393683116,8.639290979596787,6.68225508357209,15.321546063168876,1118,1438.157164062173,810,627.229979331633,977,1741.3485003248225,4.327733408394787,28,unwarned,False,,0,-0.8459144102832177,,False,False,False
joint_4slots,joint,4,bp_repeat:control->pitch|brake_resistor_chp:pitch->converter|cms_drivetrain:comms->drivetrain|current_asymmetry:converter->generator,stop:Repeating error BP52->pitch|warning:Repeating error BP 0->pitch|warning:Error brake resistor CHP->converter|warning:Comm.err. IEC server <- CMS drive tr.->drivetrain|warning:Comm.err. IEC client -> CMS drive tr.->drivetrain|warning:CMS drive train system error->drivetrain|stop:Current asymmetry->generator,4213,9386.501584975991,82.88497976502424,8.629842114717059,8.485178120258713,17.11502023497577,1104,1606.5016456249625,801,796.4613787461201,946,1696.3201041110958,2.4743689765659806,16,actionable_unacted,True,20.788888888888888,2,0.9570086264034048,,False,False,False
joint_5slots,joint,5,bp_repeat:control->pitch|brake_resistor_chp:pitch->converter|cms_drivetrain:comms->drivetrain|current_asymmetry:converter->generator|cable_overload:converter->electrical,stop:Repeating error BP52->pitch|warning:Repeating error BP 0->pitch|warning:Error brake resistor CHP->converter|warning:Comm.err. IEC server <- CMS drive tr.->drivetrain|warning:Comm.err. IEC client -> CMS drive tr.->drivetrain|warning:CMS drive train system error->drivetrain|stop:Current asymmetry->generator|warning:Cable overload->electrical,4213,9386.501584975991,82.88497976502424,8.629842114717059,8.485178120258713,17.11502023497577,1104,1606.5016456249625,801,796.4613787461201,946,1696.3201041110958,2.4743689765659806,16,actionable_unacted,True,20.788888888888888,2,0.9570086264034048,,False,False,False
joint_5slots,joint,5,bp_repeat:control->pitch|brake_resistor_chp:pitch->converter|cms_drivetrain:comms->drivetrain|current_asymmetry:converter->generator|high_yaw_load:yaw->external,stop:Repeating error BP52->pitch|warning:Repeating error BP 0->pitch|warning:Error brake resistor CHP->converter|warning:Comm.err. IEC server <- CMS drive tr.->drivetrain|warning:Comm.err. IEC client -> CMS drive tr.->drivetrain|warning:CMS drive train system error->drivetrain|stop:Current asymmetry->generator|stop:High yaw load->external,4213,9386.501584975991,82.88497976502424,8.629842114717059,8.485178120258713,17.11502023497577,1104,1606.5016456249625,801,796.4613787461201,946,1696.3201041110958,2.4743689765659806,16,actionable_unacted,True,20.788888888888888,2,0.9570086264034048,,False,False,False
joint_6slots,joint,6,bp_repeat:control->pitch|brake_resistor_chp:pitch->converter|cms_drivetrain:comms->drivetrain|current_asymmetry:converter->generator|high_yaw_load:yaw->external|cable_overload:converter->electrical,stop:Repeating error BP52->pitch|warning:Repeating error BP 0->pitch|warning:Error brake resistor CHP->converter|warning:Comm.err. IEC server <- CMS drive tr.->drivetrain|warning:Comm.err. IEC client -> CMS drive tr.->drivetrain|warning:CMS drive train system error->drivetrain|stop:Current asymmetry->generator|stop:High yaw load->external|warning:Cable overload->electrical,4213,9386.501584975991,82.88497976502424,8.629842114717059,8.485178120258713,17.11502023497577,1104,1606.5016456249625,801,796.4613787461201,946,1696.3201041110958,2.4743689765659806,16,actionable_unacted,True,20.788888888888888,2,0.9570086264034048,,False,False,False
joint_5slots,joint,5,bp_repeat:control->pitch|brake_resistor_chp:pitch->converter|cms_drivetrain:comms->drivetrain|current_asymmetry:converter->generator|no_speed_development:control->pitch,stop:Repeating error BP52->pitch|warning:Repeating error BP 0->pitch|warning:Error brake resistor CHP->converter|warning:Comm.err. IEC server <- CMS drive tr.->drivetrain|warning:Comm.err. IEC client -> CMS drive tr.->drivetrain|warning:CMS drive train system error->drivetrain|stop:Current asymmetry->generator|stop:No speed development->pitch,4213,9386.501584975991,82.7999854121111,8.629842114717059,8.57017247317187,17.20001458788893,1105,1614.479641908296,802,804.4393750294535,946,1696.3201041110958,2.4743689765659806,16,actionable_unacted,True,20.788888888888888,2,1.0420029793165613,,False,False,False
joint_6slots,joint,6,bp_repeat:control->pitch|brake_resistor_chp:pitch->converter|cms_drivetrain:comms->drivetrain|current_asymmetry:converter->generator|no_speed_development:control->pitch|cable_overload:converter->electrical,stop:Repeating error BP52->pitch|warning:Repeating error BP 0->pitch|warning:Error brake resistor CHP->converter|warning:Comm.err. IEC server <- CMS drive tr.->drivetrain|warning:Comm.err. IEC client -> CMS drive tr.->drivetrain|warning:CMS drive train system error->drivetrain|stop:Current asymmetry->generator|stop:No speed development->pitch|warning:Cable overload->electrical,4213,9386.501584975991,82.7999854121111,8.629842114717059,8.57017247317187,17.20001458788893,1105,1614.479641908296,802,804.4393750294535,946,1696.3201041110958,2.4743689765659806,16,actionable_unacted,True,20.788888888888888,2,1.0420029793165613,,False,False,False
joint_6slots,joint,6,bp_repeat:control->pitch|brake_resistor_chp:pitch->converter|cms_drivetrain:comms->drivetrain|current_asymmetry:converter->generator|no_speed_development:control->pitch|high_yaw_load:yaw->external,stop:Repeating error BP52->pitch|warning:Repeating error BP 0->pitch|warning:Error brake resistor CHP->converter|warning:Comm.err. IEC server <- CMS drive tr.->drivetrain|warning:Comm.err. IEC client -> CMS drive tr.->drivetrain|warning:CMS drive train system error->drivetrain|stop:Current asymmetry->generator|stop:No speed development->pitch|stop:High yaw load->external,4213,9386.501584975991,82.7999854121111,8.629842114717059,8.57017247317187,17.20001458788893,1105,1614.479641908296,802,804.4393750294535,946,1696.3201041110958,2.4743689765659806,16,actionable_unacted,True,20.788888888888888,2,1.0420029793165613,,False,False,False
joint_7slots,joint,7,bp_repeat:control->pitch|brake_resistor_chp:pitch->converter|cms_drivetrain:comms->drivetrain|current_asymmetry:converter->generator|no_speed_development:control->pitch|high_yaw_load:yaw->external|cable_overload:converter->electrical,stop:Repeating error BP52->pitch|warning:Repeating error BP 0->pitch|warning:Error brake resistor CHP->converter|warning:Comm.err. IEC server <- CMS drive tr.->drivetrain|warning:Comm.err. IEC client -> CMS drive tr.->drivetrain|warning:CMS drive train system error->drivetrain|stop:Current asymmetry->generator|stop:No speed development->pitch|stop:High yaw load->external|warning:Cable overload->electrical,4213,9386.501584975991,82.7999854121111,8.629842114717059,8.57017247317187,17.20001458788893,1105,1614.479641908296,802,804.4393750294535,946,1696.3201041110958,2.4743689765659806,16,actionable_unacted,True,20.788888888888888,2,1.0420029793165613,,False,False,False
joint_5slots,joint,5,bp_repeat:control->pitch|brake_resistor_chp:pitch->converter|cms_drivetrain:comms->drivetrain|current_asymmetry:converter->generator|no_speed_development:control->brake_hydraulic,stop:Repeating error BP52->pitch|warning:Repeating error BP 0->pitch|warning:Error brake resistor CHP->converter|warning:Comm.err. IEC server <- CMS drive tr.->drivetrain|warning:Comm.err. IEC client -> CMS drive tr.->drivetrain|warning:CMS drive train system error->drivetrain|stop:Current asymmetry->generator|stop:No speed development->brake_hydraulic,4213,9386.501584975991,82.79530302819174,8.631365246366622,8.573331725441648,17.20469697180827,1107,1614.9191539490996,803,804.7359182938297,946,1696.3201041110958,2.4743689765659806,16,actionable_unacted,True,20.788888888888888,2,1.0451622315863398,,False,False,False
joint_6slots,joint,6,bp_repeat:control->pitch|brake_resistor_chp:pitch->converter|cms_drivetrain:comms->drivetrain|current_asymmetry:converter->generator|no_speed_development:control->brake_hydraulic|cable_overload:converter->electrical,stop:Repeating error BP52->pitch|warning:Repeating error BP 0->pitch|warning:Error brake resistor CHP->converter|warning:Comm.err. IEC server <- CMS drive tr.->drivetrain|warning:Comm.err. IEC client -> CMS drive tr.->drivetrain|warning:CMS drive train system error->drivetrain|stop:Current asymmetry->generator|stop:No speed development->brake_hydraulic|warning:Cable overload->electrical,4213,9386.501584975991,82.79530302819174,8.631365246366622,8.573331725441648,17.20469697180827,1107,1614.9191539490996,803,804.7359182938297,946,1696.3201041110958,2.4743689765659806,16,actionable_unacted,True,20.788888888888888,2,1.0451622315863398,,False,False,False
joint_6slots,joint,6,bp_repeat:control->pitch|brake_resistor_chp:pitch->converter|cms_drivetrain:comms->drivetrain|current_asymmetry:converter->generator|no_speed_development:control->brake_hydraulic|high_yaw_load:yaw->external,stop:Repeating error BP52->pitch|warning:Repeating error BP 0->pitch|warning:Error brake resistor CHP->converter|warning:Comm.err. IEC server <- CMS drive tr.->drivetrain|warning:Comm.err. IEC client -> CMS drive tr.->drivetrain|warning:CMS drive train system error->drivetrain|stop:Current asymmetry->generator|stop:No speed development->brake_hydraulic|stop:High yaw load->external,4213,9386.501584975991,82.79530302819174,8.631365246366622,8.573331725441648,17.20469697180827,1107,1614.9191539490996,803,804.7359182938297,946,1696.3201041110958,2.4743689765659806,16,actionable_unacted,True,20.788888888888888,2,1.0451622315863398,,False,False,False
joint_7slots,joint,7,bp_repeat:control->pitch|brake_resistor_chp:pitch->converter|cms_drivetrain:comms->drivetrain|current_asymmetry:converter->generator|no_speed_development:control->brake_hydraulic|high_yaw_load:yaw->external|cable_overload:converter->electrical,stop:Repeating error BP52->pitch|warning:Repeating error BP 0->pitch|warning:Error brake resistor CHP->converter|warning:Comm.err. IEC server <- CMS drive tr.->drivetrain|warning:Comm.err. IEC client -> CMS drive tr.->drivetrain|warning:CMS drive train system error->drivetrain|stop:Current asymmetry->generator|stop:No speed development->brake_hydraulic|stop:High yaw load->external|warning:Cable overload->electrical,4213,9386.501584975991,82.79530302819174,8.631365246366622,8.573331725441648,17.20469697180827,1107,1614.9191539490996,803,804.7359182938297,946,1696.3201041110958,2.4743689765659806,16,actionable_unacted,True,20.788888888888888,2,1.0451622315863398,,False,False,False
joint_5slots,joint,5,bp_repeat:control->pitch|brake_resistor_chp:pitch->converter|cms_drivetrain:comms->drivetrain|current_asymmetry:converter->generator|wec_shut_down:control->manual,stop:Repeating error BP52->pitch|warning:Repeating error BP 0->pitch|warning:Error brake resistor CHP->converter|warning:Comm.err. IEC server <- CMS drive tr.->drivetrain|warning:Comm.err. IEC client -> CMS drive tr.->drivetrain|warning:CMS drive train system error->drivetrain|stop:Current asymmetry->generator|stop:WEC shut down->manual,4213,9386.501584975991,85.12382978161673,8.629842114717059,6.24632810366623,14.876170218383288,1103,1396.3519533322738,800,586.3116864534314,946,1696.3201041110958,2.4743689765659806,16,unwarned,False,,0,-1.2818413901890775,,False,False,False
joint_6slots,joint,6,bp_repeat:control->pitch|brake_resistor_chp:pitch->converter|cms_drivetrain:comms->drivetrain|current_asymmetry:converter->generator|wec_shut_down:control->manual|cable_overload:converter->electrical,stop:Repeating error BP52->pitch|warning:Repeating error BP 0->pitch|warning:Error brake resistor CHP->converter|warning:Comm.err. IEC server <- CMS drive tr.->drivetrain|warning:Comm.err. IEC client -> CMS drive tr.->drivetrain|warning:CMS drive train system error->drivetrain|stop:Current asymmetry->generator|stop:WEC shut down->manual|warning:Cable overload->electrical,4213,9386.501584975991,85.12382978161673,8.629842114717059,6.24632810366623,14.876170218383288,1103,1396.3519533322738,800,586.3116864534314,946,1696.3201041110958,2.4743689765659806,16,unwarned,False,,0,-1.2818413901890775,,False,False,False
joint_6slots,joint,6,bp_repeat:control->pitch|brake_resistor_chp:pitch->converter|cms_drivetrain:comms->drivetrain|current_asymmetry:converter->generator|wec_shut_down:control->manual|high_yaw_load:yaw->external,stop:Repeating error BP52->pitch|warning:Repeating error BP 0->pitch|warning:Error brake resistor CHP->converter|warning:Comm.err. IEC server <- CMS drive tr.->drivetrain|warning:Comm.err. IEC client -> CMS drive tr.->drivetrain|warning:CMS drive train system error->drivetrain|stop:Current asymmetry->generator|stop:WEC shut down->manual|stop:High yaw load->external,4213,9386.501584975991,85.12382978161673,8.629842114717059,6.24632810366623,14.876170218383288,1103,1396.3519533322738,800,586.3116864534314,946,1696.3201041110958,2.4743689765659806,16,unwarned,False,,0,-1.2818413901890775,,False,False,False
joint_7slots,joint,7,bp_repeat:control->pitch|brake_resistor_chp:pitch->converter|cms_drivetrain:comms->drivetrain|current_asymmetry:converter->generator|wec_shut_down:control->manual|high_yaw_load:yaw->external|cable_overload:converter->electrical,stop:Repeating error BP52->pitch|warning:Repeating error BP 0->pitch|warning:Error brake resistor CHP->converter|warning:Comm.err. IEC server <- CMS drive tr.->drivetrain|warning:Comm.err. IEC client -> CMS drive tr.->drivetrain|warning:CMS drive train system error->drivetrain|stop:Current asymmetry->generator|stop:WEC shut down->manual|stop:High yaw load->external|warning:Cable overload->electrical,4213,9386.501584975991,85.12382978161673,8.629842114717059,6.24632810366623,14.876170218383288,1103,1396.3519533322738,800,586.3116864534314,946,1696.3201041110958,2.4743689765659806,16,unwarned,False,,0,-1.2818413901890775,,False,False,False
joint_6slots,joint,6,bp_repeat:control->pitch|brake_resistor_chp:pitch->converter|cms_drivetrain:comms->drivetrain|current_asymmetry:converter->generator|wec_shut_down:control->manual|no_speed_development:control->pitch,stop:Repeating error BP52->pitch|warning:Repeating error BP 0->pitch|warning:Error brake resistor CHP->converter|warning:Comm.err. IEC server <- CMS drive tr.->drivetrain|warning:Comm.err. IEC client -> CMS drive tr.->drivetrain|warning:CMS drive train system error->drivetrain|stop:Current asymmetry->generator|stop:WEC shut down->manual|stop:No speed development->pitch,4213,9386.501584975991,85.03883542870358,8.629842114717059,6.331322456579385,14.961164571296443,1104,1404.3299496156071,801,594.2896827367648,946,1696.3201041110958,2.4743689765659806,16,unwarned,False,,0,-1.1968470372759228,,False,False,False
joint_7slots,joint,7,bp_repeat:control->pitch|brake_resistor_chp:pitch->converter|cms_drivetrain:comms->drivetrain|current_asymmetry:converter->generator|wec_shut_down:control->manual|no_speed_development:control->pitch|cable_overload:converter->electrical,stop:Repeating error BP52->pitch|warning:Repeating error BP 0->pitch|warning:Error brake resistor CHP->converter|warning:Comm.err. IEC server <- CMS drive tr.->drivetrain|warning:Comm.err. IEC client -> CMS drive tr.->drivetrain|warning:CMS drive train system error->drivetrain|stop:Current asymmetry->generator|stop:WEC shut down->manual|stop:No speed development->pitch|warning:Cable overload->electrical,4213,9386.501584975991,85.03883542870358,8.629842114717059,6.331322456579385,14.961164571296443,1104,1404.3299496156071,801,594.2896827367648,946,1696.3201041110958,2.4743689765659806,16,unwarned,False,,0,-1.1968470372759228,,False,False,False
joint_7slots,joint,7,bp_repeat:control->pitch|brake_resistor_chp:pitch->converter|cms_drivetrain:comms->drivetrain|current_asymmetry:converter->generator|wec_shut_down:control->manual|no_speed_development:control->pitch|high_yaw_load:yaw->external,stop:Repeating error BP52->pitch|warning:Repeating error BP 0->pitch|warning:Error brake resistor CHP->converter|warning:Comm.err. IEC server <- CMS drive tr.->drivetrain|warning:Comm.err. IEC client -> CMS drive tr.->drivetrain|warning:CMS drive train system error->drivetrain|stop:Current asymmetry->generator|stop:WEC shut down->manual|stop:No speed development->pitch|stop:High yaw load->external,4213,9386.501584975991,85.03883542870358,8.629842114717059,6.331322456579385,14.961164571296443,1104,1404.3299496156071,801,594.2896827367648,946,1696.3201041110958,2.4743689765659806,16,unwarned,False,,0,-1.1968470372759228,,False,False,False
joint_8slots,joint,8,bp_repeat:control->pitch|brake_resistor_chp:pitch->converter|cms_drivetrain:comms->drivetrain|current_asymmetry:converter->generator|wec_shut_down:control->manual|no_speed_development:control->pitch|high_yaw_load:yaw->external|cable_overload:converter->electrical,stop:Repeating error BP52->pitch|warning:Repeating error BP 0->pitch|warning:Error brake resistor CHP->converter|warning:Comm.err. IEC server <- CMS drive tr.->drivetrain|warning:Comm.err. IEC client -> CMS drive tr.->drivetrain|warning:CMS drive train system error->drivetrain|stop:Current asymmetry->generator|stop:WEC shut down->manual|stop:No speed development->pitch|stop:High yaw load->external|warning:Cable overload->electrical,4213,9386.501584975991,85.03883542870358,8.629842114717059,6.331322456579385,14.961164571296443,1104,1404.3299496156071,801,594.2896827367648,946,1696.3201041110958,2.4743689765659806,16,unwarned,False,,0,-1.1968470372759228,,False,False,False
joint_6slots,joint,6,bp_repeat:control->pitch|brake_resistor_chp:pitch->converter|cms_drivetrain:comms->drivetrain|current_asymmetry:converter->generator|wec_shut_down:control->manual|no_speed_development:control->brake_hydraulic,stop:Repeating error BP52->pitch|warning:Repeating error BP 0->pitch|warning:Error brake resistor CHP->converter|warning:Comm.err. IEC server <- CMS drive tr.->drivetrain|warning:Comm.err. IEC client -> CMS drive tr.->drivetrain|warning:CMS drive train system error->drivetrain|stop:Current asymmetry->generator|stop:WEC shut down->manual|stop:No speed development->brake_hydraulic,4213,9386.501584975991,85.03415304478422,8.631365246366622,6.3344817088491645,14.965846955215785,1106,1404.7694616564108,802,594.5862260011411,946,1696.3201041110958,2.4743689765659806,16,unwarned,False,,0,-1.1936877850061434,,False,False,False
joint_7slots,joint,7,bp_repeat:control->pitch|brake_resistor_chp:pitch->converter|cms_drivetrain:comms->drivetrain|current_asymmetry:converter->generator|wec_shut_down:control->manual|no_speed_development:control->brake_hydraulic|cable_overload:converter->electrical,stop:Repeating error BP52->pitch|warning:Repeating error BP 0->pitch|warning:Error brake resistor CHP->converter|warning:Comm.err. IEC server <- CMS drive tr.->drivetrain|warning:Comm.err. IEC client -> CMS drive tr.->drivetrain|warning:CMS drive train system error->drivetrain|stop:Current asymmetry->generator|stop:WEC shut down->manual|stop:No speed development->brake_hydraulic|warning:Cable overload->electrical,4213,9386.501584975991,85.03415304478422,8.631365246366622,6.3344817088491645,14.965846955215785,1106,1404.7694616564108,802,594.5862260011411,946,1696.3201041110958,2.4743689765659806,16,unwarned,False,,0,-1.1936877850061434,,False,False,False
joint_7slots,joint,7,bp_repeat:control->pitch|brake_resistor_chp:pitch->converter|cms_drivetrain:comms->drivetrain|current_asymmetry:converter->generator|wec_shut_down:control->manual|no_speed_development:control->brake_hydraulic|high_yaw_load:yaw->external,stop:Repeating error BP52->pitch|warning:Repeating error BP 0->pitch|warning:Error brake resistor CHP->converter|warning:Comm.err. IEC server <- CMS drive tr.->drivetrain|warning:Comm.err. IEC client -> CMS drive tr.->drivetrain|warning:CMS drive train system error->drivetrain|stop:Current asymmetry->generator|stop:WEC shut down->manual|stop:No speed development->brake_hydraulic|stop:High yaw load->external,4213,9386.501584975991,85.03415304478422,8.631365246366622,6.3344817088491645,14.965846955215785,1106,1404.7694616564108,802,594.5862260011411,946,1696.3201041110958,2.4743689765659806,16,unwarned,False,,0,-1.1936877850061434,,False,False,False
joint_8slots,joint,8,bp_repeat:control->pitch|brake_resistor_chp:pitch->converter|cms_drivetrain:comms->drivetrain|current_asymmetry:converter->generator|wec_shut_down:control->manual|no_speed_development:control->brake_hydraulic|high_yaw_load:yaw->external|cable_overload:converter->electrical,stop:Repeating error BP52->pitch|warning:Repeating error BP 0->pitch|warning:Error brake resistor CHP->converter|warning:Comm.err. IEC server <- CMS drive tr.->drivetrain|warning:Comm.err. IEC client -> CMS drive tr.->drivetrain|warning:CMS drive train system error->drivetrain|stop:Current asymmetry->generator|stop:WEC shut down->manual|stop:No speed development->brake_hydraulic|stop:High yaw load->external|warning:Cable overload->electrical,4213,9386.501584975991,85.03415304478422,8.631365246366622,6.3344817088491645,14.965846955215785,1106,1404.7694616564108,802,594.5862260011411,946,1696.3201041110958,2.4743689765659806,16,unwarned,False,,0,-1.1936877850061434,,False,False,False
joint_3slots,joint,3,bp_repeat:control->pitch|brake_resistor_chp:pitch->converter|time_sync:external->control,stop:Repeating error BP52->pitch|warning:Repeating error BP 0->pitch|warning:Error brake resistor CHP->converter|warning:Check time synchronization->control|warning:Time sync. failed (SNTP error)->control,4213,9386.501584975991,82.56376568188062,8.636887486170757,8.79934683194864,17.4362343181194,1102,1636.652410630405,799,825.9508298483938,977,1741.3485003248225,4.327733408394787,28,actionable_unacted,True,46.393055555555556,3,1.2711773380933318,,False,False,False
joint_4slots,joint,4,bp_repeat:control->pitch|brake_resistor_chp:pitch->converter|time_sync:external->control|cable_overload:converter->electrical,stop:Repeating error BP52->pitch|warning:Repeating error BP 0->pitch|warning:Error brake resistor CHP->converter|warning:Check time synchronization->control|warning:Time sync. failed (SNTP error)->control|warning:Cable overload->electrical,4213,9386.501584975991,82.56376568188062,8.636887486170757,8.79934683194864,17.4362343181194,1102,1636.652410630405,799,825.9508298483938,977,1741.3485003248225,4.327733408394787,28,actionable_unacted,True,46.393055555555556,3,1.2711773380933318,,False,False,False
joint_4slots,joint,4,bp_repeat:control->pitch|brake_resistor_chp:pitch->converter|time_sync:external->control|high_yaw_load:yaw->external,stop:Repeating error BP52->pitch|warning:Repeating error BP 0->pitch|warning:Error brake resistor CHP->converter|warning:Check time synchronization->control|warning:Time sync. failed (SNTP error)->control|stop:High yaw load->external,4213,9386.501584975991,82.56376568188062,8.636887486170757,8.79934683194864,17.4362343181194,1102,1636.652410630405,799,825.9508298483938,977,1741.3485003248225,4.327733408394787,28,actionable_unacted,True,46.393055555555556,3,1.2711773380933318,,False,False,False
joint_5slots,joint,5,bp_repeat:control->pitch|brake_resistor_chp:pitch->converter|time_sync:external->control|high_yaw_load:yaw->external|cable_overload:converter->electrical,stop:Repeating error BP52->pitch|warning:Repeating error BP 0->pitch|warning:Error brake resistor CHP->converter|warning:Check time synchronization->control|warning:Time sync. failed (SNTP error)->control|stop:High yaw load->external|warning:Cable overload->electrical,4213,9386.501584975991,82.56376568188062,8.636887486170757,8.79934683194864,17.4362343181194,1102,1636.652410630405,799,825.9508298483938,977,1741.3485003248225,4.327733408394787,28,actionable_unacted,True,46.393055555555556,3,1.2711773380933318,,False,False,False
joint_4slots,joint,4,bp_repeat:control->pitch|brake_resistor_chp:pitch->converter|time_sync:external->control|no_speed_development:control->pitch,stop:Repeating error BP52->pitch|warning:Repeating error BP 0->pitch|warning:Error brake resistor CHP->converter|warning:Check time synchronization->control|warning:Time sync. failed (SNTP error)->control|stop:No speed development->pitch,4213,9386.501584975991,82.47877132896748,8.636887486170757,8.884341184861796,17.52122867103255,1103,1644.6304069137382,800,833.9288261317272,977,1741.3485003248225,4.327733408394787,28,actionable_unacted,True,46.393055555555556,3,1.3561716910064883,,False,False,False
joint_5slots,joint,5,bp_repeat:control->pitch|brake_resistor_chp:pitch->converter|time_sync:external->control|no_speed_development:control->pitch|cable_overload:converter->electrical,stop:Repeating error BP52->pitch|warning:Repeating error BP 0->pitch|warning:Error brake resistor CHP->converter|warning:Check time synchronization->control|warning:Time sync. failed (SNTP error)->control|stop:No speed development->pitch|warning:Cable overload->electrical,4213,9386.501584975991,82.47877132896748,8.636887486170757,8.884341184861796,17.52122867103255,1103,1644.6304069137382,800,833.9288261317272,977,1741.3485003248225,4.327733408394787,28,actionable_unacted,True,46.393055555555556,3,1.3561716910064883,,False,False,False
joint_5slots,joint,5,bp_repeat:control->pitch|brake_resistor_chp:pitch->converter|time_sync:external->control|no_speed_development:control->pitch|high_yaw_load:yaw->external,stop:Repeating error BP52->pitch|warning:Repeating error BP 0->pitch|warning:Error brake resistor CHP->converter|warning:Check time synchronization->control|warning:Time sync. failed (SNTP error)->control|stop:No speed development->pitch|stop:High yaw load->external,4213,9386.501584975991,82.47877132896748,8.636887486170757,8.884341184861796,17.52122867103255,1103,1644.6304069137382,800,833.9288261317272,977,1741.3485003248225,4.327733408394787,28,actionable_unacted,True,46.393055555555556,3,1.3561716910064883,,False,False,False
joint_6slots,joint,6,bp_repeat:control->pitch|brake_resistor_chp:pitch->converter|time_sync:external->control|no_speed_development:control->pitch|high_yaw_load:yaw->external|cable_overload:converter->electrical,stop:Repeating error BP52->pitch|warning:Repeating error BP 0->pitch|warning:Error brake resistor CHP->converter|warning:Check time synchronization->control|warning:Time sync. failed (SNTP error)->control|stop:No speed development->pitch|stop:High yaw load->external|warning:Cable overload->electrical,4213,9386.501584975991,82.47877132896748,8.636887486170757,8.884341184861796,17.52122867103255,1103,1644.6304069137382,800,833.9288261317272,977,1741.3485003248225,4.327733408394787,28,actionable_unacted,True,46.393055555555556,3,1.3561716910064883,,False,False,False
joint_4slots,joint,4,bp_repeat:control->pitch|brake_resistor_chp:pitch->converter|time_sync:external->control|no_speed_development:control->brake_hydraulic,stop:Repeating error BP52->pitch|warning:Repeating error BP 0->pitch|warning:Error brake resistor CHP->converter|warning:Check time synchronization->control|warning:Time sync. failed (SNTP error)->control|stop:No speed development->brake_hydraulic,4213,9386.501584975991,82.47408894504812,8.63841061782032,8.887500437131576,17.525911054951894,1105,1645.0699189545421,801,834.2253693961036,977,1741.3485003248225,4.327733408394787,28,actionable_unacted,True,46.393055555555556,3,1.3593309432762686,,False,False,False
joint_5slots,joint,5,bp_repeat:control->pitch|brake_resistor_chp:pitch->converter|time_sync:external->control|no_speed_development:control->brake_hydraulic|cable_overload:converter->electrical,stop:Repeating error BP52->pitch|warning:Repeating error BP 0->pitch|warning:Error brake resistor CHP->converter|warning:Check time synchronization->control|warning:Time sync. failed (SNTP error)->control|stop:No speed development->brake_hydraulic|warning:Cable overload->electrical,4213,9386.501584975991,82.47408894504812,8.63841061782032,8.887500437131576,17.525911054951894,1105,1645.0699189545421,801,834.2253693961036,977,1741.3485003248225,4.327733408394787,28,actionable_unacted,True,46.393055555555556,3,1.3593309432762686,,False,False,False
joint_5slots,joint,5,bp_repeat:control->pitch|brake_resistor_chp:pitch->converter|time_sync:external->control|no_speed_development:control->brake_hydraulic|high_yaw_load:yaw->external,stop:Repeating error BP52->pitch|warning:Repeating error BP 0->pitch|warning:Error brake resistor CHP->converter|warning:Check time synchronization->control|warning:Time sync. failed (SNTP error)->control|stop:No speed development->brake_hydraulic|stop:High yaw load->external,4213,9386.501584975991,82.47408894504812,8.63841061782032,8.887500437131576,17.525911054951894,1105,1645.0699189545421,801,834.2253693961036,977,1741.3485003248225,4.327733408394787,28,actionable_unacted,True,46.393055555555556,3,1.3593309432762686,,False,False,False
joint_6slots,joint,6,bp_repeat:control->pitch|brake_resistor_chp:pitch->converter|time_sync:external->control|no_speed_development:control->brake_hydraulic|high_yaw_load:yaw->external|cable_overload:converter->electrical,stop:Repeating error BP52->pitch|warning:Repeating error BP 0->pitch|warning:Error brake resistor CHP->converter|warning:Check time synchronization->control|warning:Time sync. failed (SNTP error)->control|stop:No speed development->brake_hydraulic|stop:High yaw load->external|warning:Cable overload->electrical,4213,9386.501584975991,82.47408894504812,8.63841061782032,8.887500437131576,17.525911054951894,1105,1645.0699189545421,801,834.2253693961036,977,1741.3485003248225,4.327733408394787,28,actionable_unacted,True,46.393055555555556,3,1.3593309432762686,,False,False,False
joint_4slots,joint,4,bp_repeat:control->pitch|brake_resistor_chp:pitch->converter|time_sync:external->control|wec_shut_down:control->manual,stop:Repeating error BP52->pitch|warning:Repeating error BP 0->pitch|warning:Error brake resistor CHP->converter|warning:Check time synchronization->control|warning:Time sync. failed (SNTP error)->control|stop:WEC shut down->manual,4213,9386.501584975991,84.8026156984731,8.636887486170757,6.5604968153561565,15.197384301526911,1101,1426.502718337716,798,615.801137555705,977,1741.3485003248225,4.327733408394787,28,unwarned,False,,0,-0.9676726784991514,,False,False,False
joint_5slots,joint,5,bp_repeat:control->pitch|brake_resistor_chp:pitch->converter|time_sync:external->control|wec_shut_down:control->manual|cable_overload:converter->electrical,stop:Repeating error BP52->pitch|warning:Repeating error BP 0->pitch|warning:Error brake resistor CHP->converter|warning:Check time synchronization->control|warning:Time sync. failed (SNTP error)->control|stop:WEC shut down->manual|warning:Cable overload->electrical,4213,9386.501584975991,84.8026156984731,8.636887486170757,6.5604968153561565,15.197384301526911,1101,1426.502718337716,798,615.801137555705,977,1741.3485003248225,4.327733408394787,28,unwarned,False,,0,-0.9676726784991514,,False,False,False
joint_5slots,joint,5,bp_repeat:control->pitch|brake_resistor_chp:pitch->converter|time_sync:external->control|wec_shut_down:control->manual|high_yaw_load:yaw->external,stop:Repeating error BP52->pitch|warning:Repeating error BP 0->pitch|warning:Error brake resistor CHP->converter|warning:Check time synchronization->control|warning:Time sync. failed (SNTP error)->control|stop:WEC shut down->manual|stop:High yaw load->external,4213,9386.501584975991,84.8026156984731,8.636887486170757,6.5604968153561565,15.197384301526911,1101,1426.502718337716,798,615.801137555705,977,1741.3485003248225,4.327733408394787,28,unwarned,False,,0,-0.9676726784991514,,False,False,False
joint_6slots,joint,6,bp_repeat:control->pitch|brake_resistor_chp:pitch->converter|time_sync:external->control|wec_shut_down:control->manual|high_yaw_load:yaw->external|cable_overload:converter->electrical,stop:Repeating error BP52->pitch|warning:Repeating error BP 0->pitch|warning:Error brake resistor CHP->converter|warning:Check time synchronization->control|warning:Time sync. failed (SNTP error)->control|stop:WEC shut down->manual|stop:High yaw load->external|warning:Cable overload->electrical,4213,9386.501584975991,84.8026156984731,8.636887486170757,6.5604968153561565,15.197384301526911,1101,1426.502718337716,798,615.801137555705,977,1741.3485003248225,4.327733408394787,28,unwarned,False,,0,-0.9676726784991514,,False,False,False
joint_5slots,joint,5,bp_repeat:control->pitch|brake_resistor_chp:pitch->converter|time_sync:external->control|wec_shut_down:control->manual|no_speed_development:control->pitch,stop:Repeating error BP52->pitch|warning:Repeating error BP 0->pitch|warning:Error brake resistor CHP->converter|warning:Check time synchronization->control|warning:Time sync. failed (SNTP error)->control|stop:WEC shut down->manual|stop:No speed development->pitch,4213,9386.501584975991,84.71762134555996,8.636887486170757,6.645491168269311,15.28237865444007,1102,1434.4807146210496,799,623.7791338390384,977,1741.3485003248225,4.327733408394787,28,unwarned,False,,0,-0.8826783255859967,,False,False,False
joint_6slots,joint,6,bp_repeat:control->pitch|brake_resistor_chp:pitch->converter|time_sync:external->control|wec_shut_down:control->manual|no_speed_development:control->pitch|cable_overload:converter->electrical,stop:Repeating error BP52->pitch|warning:Repeating error BP 0->pitch|warning:Error brake resistor CHP->converter|warning:Check time synchronization->control|warning:Time sync. failed (SNTP error)->control|stop:WEC shut down->manual|stop:No speed development->pitch|warning:Cable overload->electrical,4213,9386.501584975991,84.71762134555996,8.636887486170757,6.645491168269311,15.28237865444007,1102,1434.4807146210496,799,623.7791338390384,977,1741.3485003248225,4.327733408394787,28,unwarned,False,,0,-0.8826783255859967,,False,False,False
joint_6slots,joint,6,bp_repeat:control->pitch|brake_resistor_chp:pitch->converter|time_sync:external->control|wec_shut_down:control->manual|no_speed_development:control->pitch|high_yaw_load:yaw->external,stop:Repeating error BP52->pitch|warning:Repeating error BP 0->pitch|warning:Error brake resistor CHP->converter|warning:Check time synchronization->control|warning:Time sync. failed (SNTP error)->control|stop:WEC shut down->manual|stop:No speed development->pitch|stop:High yaw load->external,4213,9386.501584975991,84.71762134555996,8.636887486170757,6.645491168269311,15.28237865444007,1102,1434.4807146210496,799,623.7791338390384,977,1741.3485003248225,4.327733408394787,28,unwarned,False,,0,-0.8826783255859967,,False,False,False
joint_7slots,joint,7,bp_repeat:control->pitch|brake_resistor_chp:pitch->converter|time_sync:external->control|wec_shut_down:control->manual|no_speed_development:control->pitch|high_yaw_load:yaw->external|cable_overload:converter->electrical,stop:Repeating error BP52->pitch|warning:Repeating error BP 0->pitch|warning:Error brake resistor CHP->converter|warning:Check time synchronization->control|warning:Time sync. failed (SNTP error)->control|stop:WEC shut down->manual|stop:No speed development->pitch|stop:High yaw load->external|warning:Cable overload->electrical,4213,9386.501584975991,84.71762134555996,8.636887486170757,6.645491168269311,15.28237865444007,1102,1434.4807146210496,799,623.7791338390384,977,1741.3485003248225,4.327733408394787,28,unwarned,False,,0,-0.8826783255859967,,False,False,False
joint_5slots,joint,5,bp_repeat:control->pitch|brake_resistor_chp:pitch->converter|time_sync:external->control|wec_shut_down:control->manual|no_speed_development:control->brake_hydraulic,stop:Repeating error BP52->pitch|warning:Repeating error BP 0->pitch|warning:Error brake resistor CHP->converter|warning:Check time synchronization->control|warning:Time sync. failed (SNTP error)->control|stop:WEC shut down->manual|stop:No speed development->brake_hydraulic,4213,9386.501584975991,84.7129389616406,8.63841061782032,6.648650420539092,15.287061038359408,1104,1434.9202266618531,800,624.0756771034148,977,1741.3485003248225,4.327733408394787,28,unwarned,False,,0,-0.8795190733162155,,False,False,False
joint_6slots,joint,6,bp_repeat:control->pitch|brake_resistor_chp:pitch->converter|time_sync:external->control|wec_shut_down:control->manual|no_speed_development:control->brake_hydraulic|cable_overload:converter->electrical,stop:Repeating error BP52->pitch|warning:Repeating error BP 0->pitch|warning:Error brake resistor CHP->converter|warning:Check time synchronization->control|warning:Time sync. failed (SNTP error)->control|stop:WEC shut down->manual|stop:No speed development->brake_hydraulic|warning:Cable overload->electrical,4213,9386.501584975991,84.7129389616406,8.63841061782032,6.648650420539092,15.287061038359408,1104,1434.9202266618531,800,624.0756771034148,977,1741.3485003248225,4.327733408394787,28,unwarned,False,,0,-0.8795190733162155,,False,False,False
joint_6slots,joint,6,bp_repeat:control->pitch|brake_resistor_chp:pitch->converter|time_sync:external->control|wec_shut_down:control->manual|no_speed_development:control->brake_hydraulic|high_yaw_load:yaw->external,stop:Repeating error BP52->pitch|warning:Repeating error BP 0->pitch|warning:Error brake resistor CHP->converter|warning:Check time synchronization->control|warning:Time sync. failed (SNTP error)->control|stop:WEC shut down->manual|stop:No speed development->brake_hydraulic|stop:High yaw load->external,4213,9386.501584975991,84.7129389616406,8.63841061782032,6.648650420539092,15.287061038359408,1104,1434.9202266618531,800,624.0756771034148,977,1741.3485003248225,4.327733408394787,28,unwarned,False,,0,-0.8795190733162155,,False,False,False
joint_7slots,joint,7,bp_repeat:control->pitch|brake_resistor_chp:pitch->converter|time_sync:external->control|wec_shut_down:control->manual|no_speed_development:control->brake_hydraulic|high_yaw_load:yaw->external|cable_overload:converter->electrical,stop:Repeating error BP52->pitch|warning:Repeating error BP 0->pitch|warning:Error brake resistor CHP->converter|warning:Check time synchronization->control|warning:Time sync. failed (SNTP error)->control|stop:WEC shut down->manual|stop:No speed development->brake_hydraulic|stop:High yaw load->external|warning:Cable overload->electrical,4213,9386.501584975991,84.7129389616406,8.63841061782032,6.648650420539092,15.287061038359408,1104,1434.9202266618531,800,624.0756771034148,977,1741.3485003248225,4.327733408394787,28,unwarned,False,,0,-0.8795190733162155,,False,False,False
joint_4slots,joint,4,bp_repeat:control->pitch|brake_resistor_chp:pitch->converter|time_sync:external->control|current_asymmetry:converter->generator,stop:Repeating error BP52->pitch|warning:Repeating error BP 0->pitch|warning:Error brake resistor CHP->converter|warning:Check time synchronization->control|warning:Time sync. failed (SNTP error)->control|stop:Current asymmetry->generator,4213,9386.501584975991,82.91946478983371,8.628961752940592,8.451573457225717,17.08053521016631,1090,1603.2647082246428,791,793.307076517902,946,1696.3201041110958,2.4743689765659806,16,actionable_unacted,True,46.393055555555556,3,0.9234039633704088,,False,False,False
joint_5slots,joint,5,bp_repeat:control->pitch|brake_resistor_chp:pitch->converter|time_sync:external->control|current_asymmetry:converter->generator|cable_overload:converter->electrical,stop:Repeating error BP52->pitch|warning:Repeating error BP 0->pitch|warning:Error brake resistor CHP->converter|warning:Check time synchronization->control|warning:Time sync. failed (SNTP error)->control|stop:Current asymmetry->generator|warning:Cable overload->electrical,4213,9386.501584975991,82.91946478983371,8.628961752940592,8.451573457225717,17.08053521016631,1090,1603.2647082246428,791,793.307076517902,946,1696.3201041110958,2.4743689765659806,16,actionable_unacted,True,46.393055555555556,3,0.9234039633704088,,False,False,False
joint_5slots,joint,5,bp_repeat:control->pitch|brake_resistor_chp:pitch->converter|time_sync:external->control|current_asymmetry:converter->generator|high_yaw_load:yaw->external,stop:Repeating error BP52->pitch|warning:Repeating error BP 0->pitch|warning:Error brake resistor CHP->converter|warning:Check time synchronization->control|warning:Time sync. failed (SNTP error)->control|stop:Current asymmetry->generator|stop:High yaw load->external,4213,9386.501584975991,82.91946478983371,8.628961752940592,8.451573457225717,17.08053521016631,1090,1603.2647082246428,791,793.307076517902,946,1696.3201041110958,2.4743689765659806,16,actionable_unacted,True,46.393055555555556,3,0.9234039633704088,,False,False,False
joint_6slots,joint,6,bp_repeat:control->pitch|brake_resistor_chp:pitch->converter|time_sync:external->control|current_asymmetry:converter->generator|high_yaw_load:yaw->external|cable_overload:converter->electrical,stop:Repeating error BP52->pitch|warning:Repeating error BP 0->pitch|warning:Error brake resistor CHP->converter|warning:Check time synchronization->control|warning:Time sync. failed (SNTP error)->control|stop:Current asymmetry->generator|stop:High yaw load->external|warning:Cable overload->electrical,4213,9386.501584975991,82.91946478983371,8.628961752940592,8.451573457225717,17.08053521016631,1090,1603.2647082246428,791,793.307076517902,946,1696.3201041110958,2.4743689765659806,16,actionable_unacted,True,46.393055555555556,3,0.9234039633704088,,False,False,False
joint_5slots,joint,5,bp_repeat:control->pitch|brake_resistor_chp:pitch->converter|time_sync:external->control|current_asymmetry:converter->generator|no_speed_development:control->pitch,stop:Repeating error BP52->pitch|warning:Repeating error BP 0->pitch|warning:Error brake resistor CHP->converter|warning:Check time synchronization->control|warning:Time sync. failed (SNTP error)->control|stop:Current asymmetry->generator|stop:No speed development->pitch,4213,9386.501584975991,82.83447043692055,8.628961752940592,8.53656781013887,17.165529563079463,1091,1611.2427045079762,792,801.2850728012353,946,1696.3201041110958,2.4743689765659806,16,actionable_unacted,True,46.393055555555556,3,1.0083983162835617,,False,False,False
joint_6slots,joint,6,bp_repeat:control->pitch|brake_resistor_chp:pitch->converter|time_sync:external->control|current_asymmetry:converter->generator|no_speed_development:control->pitch|cable_overload:converter->electrical,stop:Repeating error BP52->pitch|warning:Repeating error BP 0->pitch|warning:Error brake resistor CHP->converter|warning:Check time synchronization->control|warning:Time sync. failed (SNTP error)->control|stop:Current asymmetry->generator|stop:No speed development->pitch|warning:Cable overload->electrical,4213,9386.501584975991,82.83447043692055,8.628961752940592,8.53656781013887,17.165529563079463,1091,1611.2427045079762,792,801.2850728012353,946,1696.3201041110958,2.4743689765659806,16,actionable_unacted,True,46.393055555555556,3,1.0083983162835617,,False,False,False
joint_6slots,joint,6,bp_repeat:control->pitch|brake_resistor_chp:pitch->converter|time_sync:external->control|current_asymmetry:converter->generator|no_speed_development:control->pitch|high_yaw_load:yaw->external,stop:Repeating error BP52->pitch|warning:Repeating error BP 0->pitch|warning:Error brake resistor CHP->converter|warning:Check time synchronization->control|warning:Time sync. failed (SNTP error)->control|stop:Current asymmetry->generator|stop:No speed development->pitch|stop:High yaw load->external,4213,9386.501584975991,82.83447043692055,8.628961752940592,8.53656781013887,17.165529563079463,1091,1611.2427045079762,792,801.2850728012353,946,1696.3201041110958,2.4743689765659806,16,actionable_unacted,True,46.393055555555556,3,1.0083983162835617,,False,False,False
joint_7slots,joint,7,bp_repeat:control->pitch|brake_resistor_chp:pitch->converter|time_sync:external->control|current_asymmetry:converter->generator|no_speed_development:control->pitch|high_yaw_load:yaw->external|cable_overload:converter->electrical,stop:Repeating error BP52->pitch|warning:Repeating error BP 0->pitch|warning:Error brake resistor CHP->converter|warning:Check time synchronization->control|warning:Time sync. failed (SNTP error)->control|stop:Current asymmetry->generator|stop:No speed development->pitch|stop:High yaw load->external|warning:Cable overload->electrical,4213,9386.501584975991,82.83447043692055,8.628961752940592,8.53656781013887,17.165529563079463,1091,1611.2427045079762,792,801.2850728012353,946,1696.3201041110958,2.4743689765659806,16,actionable_unacted,True,46.393055555555556,3,1.0083983162835617,,False,False,False
joint_5slots,joint,5,bp_repeat:control->pitch|brake_resistor_chp:pitch->converter|time_sync:external->control|current_asymmetry:converter->generator|no_speed_development:control->brake_hydraulic,stop:Repeating error BP52->pitch|warning:Repeating error BP 0->pitch|warning:Error brake resistor CHP->converter|warning:Check time synchronization->control|warning:Time sync. failed (SNTP error)->control|stop:Current asymmetry->generator|stop:No speed development->brake_hydraulic,4213,9386.501584975991,82.82978805300121,8.630484884590153,8.539727062408652,17.170211946998805,1093,1611.6822165487797,793,801.5816160656117,946,1696.3201041110958,2.4743689765659806,16,actionable_unacted,True,46.393055555555556,3,1.0115575685533438,,False,False,False
joint_6slots,joint,6,bp_repeat:control->pitch|brake_resistor_chp:pitch->converter|time_sync:external->control|current_asymmetry:converter->generator|no_speed_development:control->brake_hydraulic|cable_overload:converter->electrical,stop:Repeating error BP52->pitch|warning:Repeating error BP 0->pitch|warning:Error brake resistor CHP->converter|warning:Check time synchronization->control|warning:Time sync. failed (SNTP error)->control|stop:Current asymmetry->generator|stop:No speed development->brake_hydraulic|warning:Cable overload->electrical,4213,9386.501584975991,82.82978805300121,8.630484884590153,8.539727062408652,17.170211946998805,1093,1611.6822165487797,793,801.5816160656117,946,1696.3201041110958,2.4743689765659806,16,actionable_unacted,True,46.393055555555556,3,1.0115575685533438,,False,False,False
joint_6slots,joint,6,bp_repeat:control->pitch|brake_resistor_chp:pitch->converter|time_sync:external->control|current_asymmetry:converter->generator|no_speed_development:control->brake_hydraulic|high_yaw_load:yaw->external,stop:Repeating error BP52->pitch|warning:Repeating error BP 0->pitch|warning:Error brake resistor CHP->converter|warning:Check time synchronization->control|warning:Time sync. failed (SNTP error)->control|stop:Current asymmetry->generator|stop:No speed development->brake_hydraulic|stop:High yaw load->external,4213,9386.501584975991,82.82978805300121,8.630484884590153,8.539727062408652,17.170211946998805,1093,1611.6822165487797,793,801.5816160656117,946,1696.3201041110958,2.4743689765659806,16,actionable_unacted,True,46.393055555555556,3,1.0115575685533438,,False,False,False
joint_7slots,joint,7,bp_repeat:control->pitch|brake_resistor_chp:pitch->converter|time_sync:external->control|current_asymmetry:converter->generator|no_speed_development:control->brake_hydraulic|high_yaw_load:yaw->external|cable_overload:converter->electrical,stop:Repeating error BP52->pitch|warning:Repeating error BP 0->pitch|warning:Error brake resistor CHP->converter|warning:Check time synchronization->control|warning:Time sync. failed (SNTP error)->control|stop:Current asymmetry->generator|stop:No speed development->brake_hydraulic|stop:High yaw load->external|warning:Cable overload->electrical,4213,9386.501584975991,82.82978805300121,8.630484884590153,8.539727062408652,17.170211946998805,1093,1611.6822165487797,793,801.5816160656117,946,1696.3201041110958,2.4743689765659806,16,actionable_unacted,True,46.393055555555556,3,1.0115575685533438,,False,False,False
joint_5slots,joint,5,bp_repeat:control->pitch|brake_resistor_chp:pitch->converter|time_sync:external->control|current_asymmetry:converter->generator|wec_shut_down:control->manual,stop:Repeating error BP52->pitch|warning:Repeating error BP 0->pitch|warning:Error brake resistor CHP->converter|warning:Check time synchronization->control|warning:Time sync. failed (SNTP error)->control|stop:Current asymmetry->generator|stop:WEC shut down->manual,4213,9386.501584975991,85.1583148064262,8.628961752940592,6.212723440633232,14.841685193573824,1089,1393.115015931954,790,583.1573842252133,946,1696.3201041110958,2.4743689765659806,16,unwarned,False,,0,-1.3154460532220762,,False,False,False
joint_6slots,joint,6,bp_repeat:control->pitch|brake_resistor_chp:pitch->converter|time_sync:external->control|current_asymmetry:converter->generator|wec_shut_down:control->manual|cable_overload:converter->electrical,stop:Repeating error BP52->pitch|warning:Repeating error BP 0->pitch|warning:Error brake resistor CHP->converter|warning:Check time synchronization->control|warning:Time sync. failed (SNTP error)->control|stop:Current asymmetry->generator|stop:WEC shut down->manual|warning:Cable overload->electrical,4213,9386.501584975991,85.1583148064262,8.628961752940592,6.212723440633232,14.841685193573824,1089,1393.115015931954,790,583.1573842252133,946,1696.3201041110958,2.4743689765659806,16,unwarned,False,,0,-1.3154460532220762,,False,False,False
joint_6slots,joint,6,bp_repeat:control->pitch|brake_resistor_chp:pitch->converter|time_sync:external->control|current_asymmetry:converter->generator|wec_shut_down:control->manual|high_yaw_load:yaw->external,stop:Repeating error BP52->pitch|warning:Repeating error BP 0->pitch|warning:Error brake resistor CHP->converter|warning:Check time synchronization->control|warning:Time sync. failed (SNTP error)->control|stop:Current asymmetry->generator|stop:WEC shut down->manual|stop:High yaw load->external,4213,9386.501584975991,85.1583148064262,8.628961752940592,6.212723440633232,14.841685193573824,1089,1393.115015931954,790,583.1573842252133,946,1696.3201041110958,2.4743689765659806,16,unwarned,False,,0,-1.3154460532220762,,False,False,False
joint_7slots,joint,7,bp_repeat:control->pitch|brake_resistor_chp:pitch->converter|time_sync:external->control|current_asymmetry:converter->generator|wec_shut_down:control->manual|high_yaw_load:yaw->external|cable_overload:converter->electrical,stop:Repeating error BP52->pitch|warning:Repeating error BP 0->pitch|warning:Error brake resistor CHP->converter|warning:Check time synchronization->control|warning:Time sync. failed (SNTP error)->control|stop:Current asymmetry->generator|stop:WEC shut down->manual|stop:High yaw load->external|warning:Cable overload->electrical,4213,9386.501584975991,85.1583148064262,8.628961752940592,6.212723440633232,14.841685193573824,1089,1393.115015931954,790,583.1573842252133,946,1696.3201041110958,2.4743689765659806,16,unwarned,False,,0,-1.3154460532220762,,False,False,False
joint_6slots,joint,6,bp_repeat:control->pitch|brake_resistor_chp:pitch->converter|time_sync:external->control|current_asymmetry:converter->generator|wec_shut_down:control->manual|no_speed_development:control->pitch,stop:Repeating error BP52->pitch|warning:Repeating error BP 0->pitch|warning:Error brake resistor CHP->converter|warning:Check time synchronization->control|warning:Time sync. failed (SNTP error)->control|stop:Current asymmetry->generator|stop:WEC shut down->manual|stop:No speed development->pitch,4213,9386.501584975991,85.07332045351303,8.628961752940592,6.297717793546387,14.926679546486978,1090,1401.0930122152872,791,591.1353805085466,946,1696.3201041110958,2.4743689765659806,16,unwarned,False,,0,-1.2304517003089206,,False,False,False
joint_7slots,joint,7,bp_repeat:control->pitch|brake_resistor_chp:pitch->converter|time_sync:external->control|current_asymmetry:converter->generator|wec_shut_down:control->manual|no_speed_development:control->pitch|cable_overload:converter->electrical,stop:Repeating error BP52->pitch|warning:Repeating error BP 0->pitch|warning:Error brake resistor CHP->converter|warning:Check time synchronization->control|warning:Time sync. failed (SNTP error)->control|stop:Current asymmetry->generator|stop:WEC shut down->manual|stop:No speed development->pitch|warning:Cable overload->electrical,4213,9386.501584975991,85.07332045351303,8.628961752940592,6.297717793546387,14.926679546486978,1090,1401.0930122152872,791,591.1353805085466,946,1696.3201041110958,2.4743689765659806,16,unwarned,False,,0,-1.2304517003089206,,False,False,False
joint_7slots,joint,7,bp_repeat:control->pitch|brake_resistor_chp:pitch->converter|time_sync:external->control|current_asymmetry:converter->generator|wec_shut_down:control->manual|no_speed_development:control->pitch|high_yaw_load:yaw->external,stop:Repeating error BP52->pitch|warning:Repeating error BP 0->pitch|warning:Error brake resistor CHP->converter|warning:Check time synchronization->control|warning:Time sync. failed (SNTP error)->control|stop:Current asymmetry->generator|stop:WEC shut down->manual|stop:No speed development->pitch|stop:High yaw load->external,4213,9386.501584975991,85.07332045351303,8.628961752940592,6.297717793546387,14.926679546486978,1090,1401.0930122152872,791,591.1353805085466,946,1696.3201041110958,2.4743689765659806,16,unwarned,False,,0,-1.2304517003089206,,False,False,False
joint_8slots,joint,8,bp_repeat:control->pitch|brake_resistor_chp:pitch->converter|time_sync:external->control|current_asymmetry:converter->generator|wec_shut_down:control->manual|no_speed_development:control->pitch|high_yaw_load:yaw->external|cable_overload:converter->electrical,stop:Repeating error BP52->pitch|warning:Repeating error BP 0->pitch|warning:Error brake resistor CHP->converter|warning:Check time synchronization->control|warning:Time sync. failed (SNTP error)->control|stop:Current asymmetry->generator|stop:WEC shut down->manual|stop:No speed development->pitch|stop:High yaw load->external|warning:Cable overload->electrical,4213,9386.501584975991,85.07332045351303,8.628961752940592,6.297717793546387,14.926679546486978,1090,1401.0930122152872,791,591.1353805085466,946,1696.3201041110958,2.4743689765659806,16,unwarned,False,,0,-1.2304517003089206,,False,False,False
joint_6slots,joint,6,bp_repeat:control->pitch|brake_resistor_chp:pitch->converter|time_sync:external->control|current_asymmetry:converter->generator|wec_shut_down:control->manual|no_speed_development:control->brake_hydraulic,stop:Repeating error BP52->pitch|warning:Repeating error BP 0->pitch|warning:Error brake resistor CHP->converter|warning:Check time synchronization->control|warning:Time sync. failed (SNTP error)->control|stop:Current asymmetry->generator|stop:WEC shut down->manual|stop:No speed development->brake_hydraulic,4213,9386.501584975991,85.06863806959367,8.630484884590153,6.300877045816167,14.931361930406323,1092,1401.5325242560912,792,591.4319237729229,946,1696.3201041110958,2.4743689765659806,16,unwarned,False,,0,-1.2272924480391412,,False,False,False
joint_7slots,joint,7,bp_repeat:control->pitch|brake_resistor_chp:pitch->converter|time_sync:external->control|current_asymmetry:converter->generator|wec_shut_down:control->manual|no_speed_development:control->brake_hydraulic|cable_overload:converter->electrical,stop:Repeating error BP52->pitch|warning:Repeating error BP 0->pitch|warning:Error brake resistor CHP->converter|warning:Check time synchronization->control|warning:Time sync. failed (SNTP error)->control|stop:Current asymmetry->generator|stop:WEC shut down->manual|stop:No speed development->brake_hydraulic|warning:Cable overload->electrical,4213,9386.501584975991,85.06863806959367,8.630484884590153,6.300877045816167,14.931361930406323,1092,1401.5325242560912,792,591.4319237729229,946,1696.3201041110958,2.4743689765659806,16,unwarned,False,,0,-1.2272924480391412,,False,False,False
joint_7slots,joint,7,bp_repeat:control->pitch|brake_resistor_chp:pitch->converter|time_sync:external->control|current_asymmetry:converter->generator|wec_shut_down:control->manual|no_speed_development:control->brake_hydraulic|high_yaw_load:yaw->external,stop:Repeating error BP52->pitch|warning:Repeating error BP 0->pitch|warning:Error brake resistor CHP->converter|warning:Check time synchronization->control|warning:Time sync. failed (SNTP error)->control|stop:Current asymmetry->generator|stop:WEC shut down->manual|stop:No speed development->brake_hydraulic|stop:High yaw load->external,4213,9386.501584975991,85.06863806959367,8.630484884590153,6.300877045816167,14.931361930406323,1092,1401.5325242560912,792,591.4319237729229,946,1696.3201041110958,2.4743689765659806,16,unwarned,False,,0,-1.2272924480391412,,False,False,False
joint_8slots,joint,8,bp_repeat:control->pitch|brake_resistor_chp:pitch->converter|time_sync:external->control|current_asymmetry:converter->generator|wec_shut_down:control->manual|no_speed_development:control->brake_hydraulic|high_yaw_load:yaw->external|cable_overload:converter->electrical,stop:Repeating error BP52->pitch|warning:Repeating error BP 0->pitch|warning:Error brake resistor CHP->converter|warning:Check time synchronization->control|warning:Time sync. failed (SNTP error)->control|stop:Current asymmetry->generator|stop:WEC shut down->manual|stop:No speed development->brake_hydraulic|stop:High yaw load->external|warning:Cable overload->electrical,4213,9386.501584975991,85.06863806959367,8.630484884590153,6.300877045816167,14.931361930406323,1092,1401.5325242560912,792,591.4319237729229,946,1696.3201041110958,2.4743689765659806,16,unwarned,False,,0,-1.2272924480391412,,False,False,False
joint_4slots,joint,4,bp_repeat:control->pitch|brake_resistor_chp:pitch->converter|time_sync:external->control|cms_drivetrain:comms->drivetrain,stop:Repeating error BP52->pitch|warning:Repeating error BP 0->pitch|warning:Error brake resistor CHP->converter|warning:Check time synchronization->control|warning:Time sync. failed (SNTP error)->control|warning:Comm.err. IEC server <- CMS drive tr.->drivetrain|warning:Comm.err. IEC client -> CMS drive tr.->drivetrain|warning:CMS drive train system error->drivetrain,4213,9386.501584975991,82.52928065707115,8.637767847947224,8.83295149498164,17.470719342928863,1116,1639.8893480307247,809,829.1051320766121,977,1741.3485003248225,4.327733408394787,28,actionable_unacted,True,46.393055555555556,3,1.3047820011263314,,False,False,False
joint_5slots,joint,5,bp_repeat:control->pitch|brake_resistor_chp:pitch->converter|time_sync:external->control|cms_drivetrain:comms->drivetrain|cable_overload:converter->electrical,stop:Repeating error BP52->pitch|warning:Repeating error BP 0->pitch|warning:Error brake resistor CHP->converter|warning:Check time synchronization->control|warning:Time sync. failed (SNTP error)->control|warning:Comm.err. IEC server <- CMS drive tr.->drivetrain|warning:Comm.err. IEC client -> CMS drive tr.->drivetrain|warning:CMS drive train system error->drivetrain|warning:Cable overload->electrical,4213,9386.501584975991,82.52928065707115,8.637767847947224,8.83295149498164,17.470719342928863,1116,1639.8893480307247,809,829.1051320766121,977,1741.3485003248225,4.327733408394787,28,actionable_unacted,True,46.393055555555556,3,1.3047820011263314,,False,False,False
joint_5slots,joint,5,bp_repeat:control->pitch|brake_resistor_chp:pitch->converter|time_sync:external->control|cms_drivetrain:comms->drivetrain|high_yaw_load:yaw->external,stop:Repeating error BP52->pitch|warning:Repeating error BP 0->pitch|warning:Error brake resistor CHP->converter|warning:Check time synchronization->control|warning:Time sync. failed (SNTP error)->control|warning:Comm.err. IEC server <- CMS drive tr.->drivetrain|warning:Comm.err. IEC client -> CMS drive tr.->drivetrain|warning:CMS drive train system error->drivetrain|stop:High yaw load->external,4213,9386.501584975991,82.52928065707115,8.637767847947224,8.83295149498164,17.470719342928863,1116,1639.8893480307247,809,829.1051320766121,977,1741.3485003248225,4.327733408394787,28,actionable_unacted,True,46.393055555555556,3,1.3047820011263314,,False,False,False
joint_6slots,joint,6,bp_repeat:control->pitch|brake_resistor_chp:pitch->converter|time_sync:external->control|cms_drivetrain:comms->drivetrain|high_yaw_load:yaw->external|cable_overload:converter->electrical,stop:Repeating error BP52->pitch|warning:Repeating error BP 0->pitch|warning:Error brake resistor CHP->converter|warning:Check time synchronization->control|warning:Time sync. failed (SNTP error)->control|warning:Comm.err. IEC server <- CMS drive tr.->drivetrain|warning:Comm.err. IEC client -> CMS drive tr.->drivetrain|warning:CMS drive train system error->drivetrain|stop:High yaw load->external|warning:Cable overload->electrical,4213,9386.501584975991,82.52928065707115,8.637767847947224,8.83295149498164,17.470719342928863,1116,1639.8893480307247,809,829.1051320766121,977,1741.3485003248225,4.327733408394787,28,actionable_unacted,True,46.393055555555556,3,1.3047820011263314,,False,False,False
joint_5slots,joint,5,bp_repeat:control->pitch|brake_resistor_chp:pitch->converter|time_sync:external->control|cms_drivetrain:comms->drivetrain|no_speed_development:control->pitch,stop:Repeating error BP52->pitch|warning:Repeating error BP 0->pitch|warning:Error brake resistor CHP->converter|warning:Check time synchronization->control|warning:Time sync. failed (SNTP error)->control|warning:Comm.err. IEC server <- CMS drive tr.->drivetrain|warning:Comm.err. IEC client -> CMS drive tr.->drivetrain|warning:CMS drive train system error->drivetrain|stop:No speed development->pitch,4213,9386.501584975991,82.444286304158,8.637767847947224,8.917945847894794,17.555713695842016,1117,1647.867344314058,810,837.0831283599454,977,1741.3485003248225,4.327733408394787,28,actionable_unacted,True,46.393055555555556,3,1.389776354039486,,False,False,False
joint_6slots,joint,6,bp_repeat:control->pitch|brake_resistor_chp:pitch->converter|time_sync:external->control|cms_drivetrain:comms->drivetrain|no_speed_development:control->pitch|cable_overload:converter->electrical,stop:Repeating error BP52->pitch|warning:Repeating error BP 0->pitch|warning:Error brake resistor CHP->converter|warning:Check time synchronization->control|warning:Time sync. failed (SNTP error)->control|warning:Comm.err. IEC server <- CMS drive tr.->drivetrain|warning:Comm.err. IEC client -> CMS drive tr.->drivetrain|warning:CMS drive train system error->drivetrain|stop:No speed development->pitch|warning:Cable overload->electrical,4213,9386.501584975991,82.444286304158,8.637767847947224,8.917945847894794,17.555713695842016,1117,1647.867344314058,810,837.0831283599454,977,1741.3485003248225,4.327733408394787,28,actionable_unacted,True,46.393055555555556,3,1.389776354039486,,False,False,False
joint_6slots,joint,6,bp_repeat:control->pitch|brake_resistor_chp:pitch->converter|time_sync:external->control|cms_drivetrain:comms->drivetrain|no_speed_development:control->pitch|high_yaw_load:yaw->external,stop:Repeating error BP52->pitch|warning:Repeating error BP 0->pitch|warning:Error brake resistor CHP->converter|warning:Check time synchronization->control|warning:Time sync. failed (SNTP error)->control|warning:Comm.err. IEC server <- CMS drive tr.->drivetrain|warning:Comm.err. IEC client -> CMS drive tr.->drivetrain|warning:CMS drive train system error->drivetrain|stop:No speed development->pitch|stop:High yaw load->external,4213,9386.501584975991,82.444286304158,8.637767847947224,8.917945847894794,17.555713695842016,1117,1647.867344314058,810,837.0831283599454,977,1741.3485003248225,4.327733408394787,28,actionable_unacted,True,46.393055555555556,3,1.389776354039486,,False,False,False
joint_7slots,joint,7,bp_repeat:control->pitch|brake_resistor_chp:pitch->converter|time_sync:external->control|cms_drivetrain:comms->drivetrain|no_speed_development:control->pitch|high_yaw_load:yaw->external|cable_overload:converter->electrical,stop:Repeating error BP52->pitch|warning:Repeating error BP 0->pitch|warning:Error brake resistor CHP->converter|warning:Check time synchronization->control|warning:Time sync. failed (SNTP error)->control|warning:Comm.err. IEC server <- CMS drive tr.->drivetrain|warning:Comm.err. IEC client -> CMS drive tr.->drivetrain|warning:CMS drive train system error->drivetrain|stop:No speed development->pitch|stop:High yaw load->external|warning:Cable overload->electrical,4213,9386.501584975991,82.444286304158,8.637767847947224,8.917945847894794,17.555713695842016,1117,1647.867344314058,810,837.0831283599454,977,1741.3485003248225,4.327733408394787,28,actionable_unacted,True,46.393055555555556,3,1.389776354039486,,False,False,False
joint_5slots,joint,5,bp_repeat:control->pitch|brake_resistor_chp:pitch->converter|time_sync:external->control|cms_drivetrain:comms->drivetrain|no_speed_development:control->brake_hydraulic,stop:Repeating error BP52->pitch|warning:Repeating error BP 0->pitch|warning:Error brake resistor CHP->converter|warning:Check time synchronization->control|warning:Time sync. failed (SNTP error)->control|warning:Comm.err. IEC server <- CMS drive tr.->drivetrain|warning:Comm.err. IEC client -> CMS drive tr.->drivetrain|warning:CMS drive train system error->drivetrain|stop:No speed development->brake_hydraulic,4213,9386.501584975991,82.43960392023865,8.639290979596787,8.921105100164572,17.56039607976136,1119,1648.3068563548618,811,837.3796716243216,977,1741.3485003248225,4.327733408394787,28,actionable_unacted,True,46.393055555555556,3,1.3929356063092646,,False,False,False
joint_6slots,joint,6,bp_repeat:control->pitch|brake_resistor_chp:pitch->converter|time_sync:external->control|cms_drivetrain:comms->drivetrain|no_speed_development:control->brake_hydraulic|cable_overload:converter->electrical,stop:Repeating error BP52->pitch|warning:Repeating error BP 0->pitch|warning:Error brake resistor CHP->converter|warning:Check time synchronization->control|warning:Time sync. failed (SNTP error)->control|warning:Comm.err. IEC server <- CMS drive tr.->drivetrain|warning:Comm.err. IEC client -> CMS drive tr.->drivetrain|warning:CMS drive train system error->drivetrain|stop:No speed development->brake_hydraulic|warning:Cable overload->electrical,4213,9386.501584975991,82.43960392023865,8.639290979596787,8.921105100164572,17.56039607976136,1119,1648.3068563548618,811,837.3796716243216,977,1741.3485003248225,4.327733408394787,28,actionable_unacted,True,46.393055555555556,3,1.3929356063092646,,False,False,False
joint_6slots,joint,6,bp_repeat:control->pitch|brake_resistor_chp:pitch->converter|time_sync:external->control|cms_drivetrain:comms->drivetrain|no_speed_development:control->brake_hydraulic|high_yaw_load:yaw->external,stop:Repeating error BP52->pitch|warning:Repeating error BP 0->pitch|warning:Error brake resistor CHP->converter|warning:Check time synchronization->control|warning:Time sync. failed (SNTP error)->control|warning:Comm.err. IEC server <- CMS drive tr.->drivetrain|warning:Comm.err. IEC client -> CMS drive tr.->drivetrain|warning:CMS drive train system error->drivetrain|stop:No speed development->brake_hydraulic|stop:High yaw load->external,4213,9386.501584975991,82.43960392023865,8.639290979596787,8.921105100164572,17.56039607976136,1119,1648.3068563548618,811,837.3796716243216,977,1741.3485003248225,4.327733408394787,28,actionable_unacted,True,46.393055555555556,3,1.3929356063092646,,False,False,False
joint_7slots,joint,7,bp_repeat:control->pitch|brake_resistor_chp:pitch->converter|time_sync:external->control|cms_drivetrain:comms->drivetrain|no_speed_development:control->brake_hydraulic|high_yaw_load:yaw->external|cable_overload:converter->electrical,stop:Repeating error BP52->pitch|warning:Repeating error BP 0->pitch|warning:Error brake resistor CHP->converter|warning:Check time synchronization->control|warning:Time sync. failed (SNTP error)->control|warning:Comm.err. IEC server <- CMS drive tr.->drivetrain|warning:Comm.err. IEC client -> CMS drive tr.->drivetrain|warning:CMS drive train system error->drivetrain|stop:No speed development->brake_hydraulic|stop:High yaw load->external|warning:Cable overload->electrical,4213,9386.501584975991,82.43960392023865,8.639290979596787,8.921105100164572,17.56039607976136,1119,1648.3068563548618,811,837.3796716243216,977,1741.3485003248225,4.327733408394787,28,actionable_unacted,True,46.393055555555556,3,1.3929356063092646,,False,False,False
joint_5slots,joint,5,bp_repeat:control->pitch|brake_resistor_chp:pitch->converter|time_sync:external->control|cms_drivetrain:comms->drivetrain|wec_shut_down:control->manual,stop:Repeating error BP52->pitch|warning:Repeating error BP 0->pitch|warning:Error brake resistor CHP->converter|warning:Check time synchronization->control|warning:Time sync. failed (SNTP error)->control|warning:Comm.err. IEC server <- CMS drive tr.->drivetrain|warning:Comm.err. IEC client -> CMS drive tr.->drivetrain|warning:CMS drive train system error->drivetrain|stop:WEC shut down->manual,4213,9386.501584975991,84.76813067366363,8.637767847947224,6.594101478389156,15.231869326336376,1115,1429.739655738036,808,618.9554397839235,977,1741.3485003248225,4.327733408394787,28,unwarned,False,,0,-0.9340680154661518,,False,False,False
joint_6slots,joint,6,bp_repeat:control->pitch|brake_resistor_chp:pitch->converter|time_sync:external->control|cms_drivetrain:comms->drivetrain|wec_shut_down:control->manual|cable_overload:converter->electrical,stop:Repeating error BP52->pitch|warning:Repeating error BP 0->pitch|warning:Error brake resistor CHP->converter|warning:Check time synchronization->control|warning:Time sync. failed (SNTP error)->control|warning:Comm.err. IEC server <- CMS drive tr.->drivetrain|warning:Comm.err. IEC client -> CMS drive tr.->drivetrain|warning:CMS drive train system error->drivetrain|stop:WEC shut down->manual|warning:Cable overload->electrical,4213,9386.501584975991,84.76813067366363,8.637767847947224,6.594101478389156,15.231869326336376,1115,1429.739655738036,808,618.9554397839235,977,1741.3485003248225,4.327733408394787,28,unwarned,False,,0,-0.9340680154661518,,False,False,False
joint_6slots,joint,6,bp_repeat:control->pitch|brake_resistor_chp:pitch->converter|time_sync:external->control|cms_drivetrain:comms->drivetrain|wec_shut_down:control->manual|high_yaw_load:yaw->external,stop:Repeating error BP52->pitch|warning:Repeating error BP 0->pitch|warning:Error brake resistor CHP->converter|warning:Check time synchronization->control|warning:Time sync. failed (SNTP error)->control|warning:Comm.err. IEC server <- CMS drive tr.->drivetrain|warning:Comm.err. IEC client -> CMS drive tr.->drivetrain|warning:CMS drive train system error->drivetrain|stop:WEC shut down->manual|stop:High yaw load->external,4213,9386.501584975991,84.76813067366363,8.637767847947224,6.594101478389156,15.231869326336376,1115,1429.739655738036,808,618.9554397839235,977,1741.3485003248225,4.327733408394787,28,unwarned,False,,0,-0.9340680154661518,,False,False,False
joint_7slots,joint,7,bp_repeat:control->pitch|brake_resistor_chp:pitch->converter|time_sync:external->control|cms_drivetrain:comms->drivetrain|wec_shut_down:control->manual|high_yaw_load:yaw->external|cable_overload:converter->electrical,stop:Repeating error BP52->pitch|warning:Repeating error BP 0->pitch|warning:Error brake resistor CHP->converter|warning:Check time synchronization->control|warning:Time sync. failed (SNTP error)->control|warning:Comm.err. IEC server <- CMS drive tr.->drivetrain|warning:Comm.err. IEC client -> CMS drive tr.->drivetrain|warning:CMS drive train system error->drivetrain|stop:WEC shut down->manual|stop:High yaw load->external|warning:Cable overload->electrical,4213,9386.501584975991,84.76813067366363,8.637767847947224,6.594101478389156,15.231869326336376,1115,1429.739655738036,808,618.9554397839235,977,1741.3485003248225,4.327733408394787,28,unwarned,False,,0,-0.9340680154661518,,False,False,False
joint_6slots,joint,6,bp_repeat:control->pitch|brake_resistor_chp:pitch->converter|time_sync:external->control|cms_drivetrain:comms->drivetrain|wec_shut_down:control->manual|no_speed_development:control->pitch,stop:Repeating error BP52->pitch|warning:Repeating error BP 0->pitch|warning:Error brake resistor CHP->converter|warning:Check time synchronization->control|warning:Time sync. failed (SNTP error)->control|warning:Comm.err. IEC server <- CMS drive tr.->drivetrain|warning:Comm.err. IEC client -> CMS drive tr.->drivetrain|warning:CMS drive train system error->drivetrain|stop:WEC shut down->manual|stop:No speed development->pitch,4213,9386.501584975991,84.68313632075049,8.637767847947224,6.67909583130231,15.316863679249535,1116,1437.7176520213693,809,626.9334360672567,977,1741.3485003248225,4.327733408394787,28,unwarned,False,,0,-0.849073662552998,,False,False,False
joint_7slots,joint,7,bp_repeat:control->pitch|brake_resistor_chp:pitch->converter|time_sync:external->control|cms_drivetrain:comms->drivetrain|wec_shut_down:control->manual|no_speed_development:control->pitch|cable_overload:converter->electrical,stop:Repeating error BP52->pitch|warning:Repeating error BP 0->pitch|warning:Error brake resistor CHP->converter|warning:Check time synchronization->control|warning:Time sync. failed (SNTP error)->control|warning:Comm.err. IEC server <- CMS drive tr.->drivetrain|warning:Comm.err. IEC client -> CMS drive tr.->drivetrain|warning:CMS drive train system error->drivetrain|stop:WEC shut down->manual|stop:No speed development->pitch|warning:Cable overload->electrical,4213,9386.501584975991,84.68313632075049,8.637767847947224,6.67909583130231,15.316863679249535,1116,1437.7176520213693,809,626.9334360672567,977,1741.3485003248225,4.327733408394787,28,unwarned,False,,0,-0.849073662552998,,False,False,False
joint_7slots,joint,7,bp_repeat:control->pitch|brake_resistor_chp:pitch->converter|time_sync:external->control|cms_drivetrain:comms->drivetrain|wec_shut_down:control->manual|no_speed_development:control->pitch|high_yaw_load:yaw->external,stop:Repeating error BP52->pitch|warning:Repeating error BP 0->pitch|warning:Error brake resistor CHP->converter|warning:Check time synchronization->control|warning:Time sync. failed (SNTP error)->control|warning:Comm.err. IEC server <- CMS drive tr.->drivetrain|warning:Comm.err. IEC client -> CMS drive tr.->drivetrain|warning:CMS drive train system error->drivetrain|stop:WEC shut down->manual|stop:No speed development->pitch|stop:High yaw load->external,4213,9386.501584975991,84.68313632075049,8.637767847947224,6.67909583130231,15.316863679249535,1116,1437.7176520213693,809,626.9334360672567,977,1741.3485003248225,4.327733408394787,28,unwarned,False,,0,-0.849073662552998,,False,False,False
joint_8slots,joint,8,bp_repeat:control->pitch|brake_resistor_chp:pitch->converter|time_sync:external->control|cms_drivetrain:comms->drivetrain|wec_shut_down:control->manual|no_speed_development:control->pitch|high_yaw_load:yaw->external|cable_overload:converter->electrical,stop:Repeating error BP52->pitch|warning:Repeating error BP 0->pitch|warning:Error brake resistor CHP->converter|warning:Check time synchronization->control|warning:Time sync. failed (SNTP error)->control|warning:Comm.err. IEC server <- CMS drive tr.->drivetrain|warning:Comm.err. IEC client -> CMS drive tr.->drivetrain|warning:CMS drive train system error->drivetrain|stop:WEC shut down->manual|stop:No speed development->pitch|stop:High yaw load->external|warning:Cable overload->electrical,4213,9386.501584975991,84.68313632075049,8.637767847947224,6.67909583130231,15.316863679249535,1116,1437.7176520213693,809,626.9334360672567,977,1741.3485003248225,4.327733408394787,28,unwarned,False,,0,-0.849073662552998,,False,False,False
joint_6slots,joint,6,bp_repeat:control->pitch|brake_resistor_chp:pitch->converter|time_sync:external->control|cms_drivetrain:comms->drivetrain|wec_shut_down:control->manual|no_speed_development:control->brake_hydraulic,stop:Repeating error BP52->pitch|warning:Repeating error BP 0->pitch|warning:Error brake resistor CHP->converter|warning:Check time synchronization->control|warning:Time sync. failed (SNTP error)->control|warning:Comm.err. IEC server <- CMS drive tr.->drivetrain|warning:Comm.err. IEC client -> CMS drive tr.->drivetrain|warning:CMS drive train system error->drivetrain|stop:WEC shut down->manual|stop:No speed development->brake_hydraulic,4213,9386.501584975991,84.67845393683116,8.639290979596787,6.68225508357209,15.321546063168876,1118,1438.157164062173,810,627.229979331633,977,1741.3485003248225,4.327733408394787,28,unwarned,False,,0,-0.8459144102832177,,False,False,False
joint_7slots,joint,7,bp_repeat:control->pitch|brake_resistor_chp:pitch->converter|time_sync:external->control|cms_drivetrain:comms->drivetrain|wec_shut_down:control->manual|no_speed_development:control->brake_hydraulic|cable_overload:converter->electrical,stop:Repeating error BP52->pitch|warning:Repeating error BP 0->pitch|warning:Error brake resistor CHP->converter|warning:Check time synchronization->control|warning:Time sync. failed (SNTP error)->control|warning:Comm.err. IEC server <- CMS drive tr.->drivetrain|warning:Comm.err. IEC client -> CMS drive tr.->drivetrain|warning:CMS drive train system error->drivetrain|stop:WEC shut down->manual|stop:No speed development->brake_hydraulic|warning:Cable overload->electrical,4213,9386.501584975991,84.67845393683116,8.639290979596787,6.68225508357209,15.321546063168876,1118,1438.157164062173,810,627.229979331633,977,1741.3485003248225,4.327733408394787,28,unwarned,False,,0,-0.8459144102832177,,False,False,False
joint_7slots,joint,7,bp_repeat:control->pitch|brake_resistor_chp:pitch->converter|time_sync:external->control|cms_drivetrain:comms->drivetrain|wec_shut_down:control->manual|no_speed_development:control->brake_hydraulic|high_yaw_load:yaw->external,stop:Repeating error BP52->pitch|warning:Repeating error BP 0->pitch|warning:Error brake resistor CHP->converter|warning:Check time synchronization->control|warning:Time sync. failed (SNTP error)->control|warning:Comm.err. IEC server <- CMS drive tr.->drivetrain|warning:Comm.err. IEC client -> CMS drive tr.->drivetrain|warning:CMS drive train system error->drivetrain|stop:WEC shut down->manual|stop:No speed development->brake_hydraulic|stop:High yaw load->external,4213,9386.501584975991,84.67845393683116,8.639290979596787,6.68225508357209,15.321546063168876,1118,1438.157164062173,810,627.229979331633,977,1741.3485003248225,4.327733408394787,28,unwarned,False,,0,-0.8459144102832177,,False,False,False
joint_8slots,joint,8,bp_repeat:control->pitch|brake_resistor_chp:pitch->converter|time_sync:external->control|cms_drivetrain:comms->drivetrain|wec_shut_down:control->manual|no_speed_development:control->brake_hydraulic|high_yaw_load:yaw->external|cable_overload:converter->electrical,stop:Repeating error BP52->pitch|warning:Repeating error BP 0->pitch|warning:Error brake resistor CHP->converter|warning:Check time synchronization->control|warning:Time sync. failed (SNTP error)->control|warning:Comm.err. IEC server <- CMS drive tr.->drivetrain|warning:Comm.err. IEC client -> CMS drive tr.->drivetrain|warning:CMS drive train system error->drivetrain|stop:WEC shut down->manual|stop:No speed development->brake_hydraulic|stop:High yaw load->external|warning:Cable overload->electrical,4213,9386.501584975991,84.67845393683116,8.639290979596787,6.68225508357209,15.321546063168876,1118,1438.157164062173,810,627.229979331633,977,1741.3485003248225,4.327733408394787,28,unwarned,False,,0,-0.8459144102832177,,False,False,False
joint_5slots,joint,5,bp_repeat:control->pitch|brake_resistor_chp:pitch->converter|time_sync:external->control|cms_drivetrain:comms->drivetrain|current_asymmetry:converter->generator,stop:Repeating error BP52->pitch|warning:Repeating error BP 0->pitch|warning:Error brake resistor CHP->converter|warning:Check time synchronization->control|warning:Time sync. failed (SNTP error)->control|warning:Comm.err. IEC server <- CMS drive tr.->drivetrain|warning:Comm.err. IEC client -> CMS drive tr.->drivetrain|warning:CMS drive train system error->drivetrain|stop:Current asymmetry->generator,4213,9386.501584975991,82.88497976502424,8.629842114717059,8.485178120258713,17.11502023497577,1104,1606.5016456249625,801,796.4613787461201,946,1696.3201041110958,2.4743689765659806,16,actionable_unacted,True,46.393055555555556,3,0.9570086264034048,,False,False,False
joint_6slots,joint,6,bp_repeat:control->pitch|brake_resistor_chp:pitch->converter|time_sync:external->control|cms_drivetrain:comms->drivetrain|current_asymmetry:converter->generator|cable_overload:converter->electrical,stop:Repeating error BP52->pitch|warning:Repeating error BP 0->pitch|warning:Error brake resistor CHP->converter|warning:Check time synchronization->control|warning:Time sync. failed (SNTP error)->control|warning:Comm.err. IEC server <- CMS drive tr.->drivetrain|warning:Comm.err. IEC client -> CMS drive tr.->drivetrain|warning:CMS drive train system error->drivetrain|stop:Current asymmetry->generator|warning:Cable overload->electrical,4213,9386.501584975991,82.88497976502424,8.629842114717059,8.485178120258713,17.11502023497577,1104,1606.5016456249625,801,796.4613787461201,946,1696.3201041110958,2.4743689765659806,16,actionable_unacted,True,46.393055555555556,3,0.9570086264034048,,False,False,False
joint_6slots,joint,6,bp_repeat:control->pitch|brake_resistor_chp:pitch->converter|time_sync:external->control|cms_drivetrain:comms->drivetrain|current_asymmetry:converter->generator|high_yaw_load:yaw->external,stop:Repeating error BP52->pitch|warning:Repeating error BP 0->pitch|warning:Error brake resistor CHP->converter|warning:Check time synchronization->control|warning:Time sync. failed (SNTP error)->control|warning:Comm.err. IEC server <- CMS drive tr.->drivetrain|warning:Comm.err. IEC client -> CMS drive tr.->drivetrain|warning:CMS drive train system error->drivetrain|stop:Current asymmetry->generator|stop:High yaw load->external,4213,9386.501584975991,82.88497976502424,8.629842114717059,8.485178120258713,17.11502023497577,1104,1606.5016456249625,801,796.4613787461201,946,1696.3201041110958,2.4743689765659806,16,actionable_unacted,True,46.393055555555556,3,0.9570086264034048,,False,False,False
joint_7slots,joint,7,bp_repeat:control->pitch|brake_resistor_chp:pitch->converter|time_sync:external->control|cms_drivetrain:comms->drivetrain|current_asymmetry:converter->generator|high_yaw_load:yaw->external|cable_overload:converter->electrical,stop:Repeating error BP52->pitch|warning:Repeating error BP 0->pitch|warning:Error brake resistor CHP->converter|warning:Check time synchronization->control|warning:Time sync. failed (SNTP error)->control|warning:Comm.err. IEC server <- CMS drive tr.->drivetrain|warning:Comm.err. IEC client -> CMS drive tr.->drivetrain|warning:CMS drive train system error->drivetrain|stop:Current asymmetry->generator|stop:High yaw load->external|warning:Cable overload->electrical,4213,9386.501584975991,82.88497976502424,8.629842114717059,8.485178120258713,17.11502023497577,1104,1606.5016456249625,801,796.4613787461201,946,1696.3201041110958,2.4743689765659806,16,actionable_unacted,True,46.393055555555556,3,0.9570086264034048,,False,False,False
joint_6slots,joint,6,bp_repeat:control->pitch|brake_resistor_chp:pitch->converter|time_sync:external->control|cms_drivetrain:comms->drivetrain|current_asymmetry:converter->generator|no_speed_development:control->pitch,stop:Repeating error BP52->pitch|warning:Repeating error BP 0->pitch|warning:Error brake resistor CHP->converter|warning:Check time synchronization->control|warning:Time sync. failed (SNTP error)->control|warning:Comm.err. IEC server <- CMS drive tr.->drivetrain|warning:Comm.err. IEC client -> CMS drive tr.->drivetrain|warning:CMS drive train system error->drivetrain|stop:Current asymmetry->generator|stop:No speed development->pitch,4213,9386.501584975991,82.7999854121111,8.629842114717059,8.57017247317187,17.20001458788893,1105,1614.479641908296,802,804.4393750294535,946,1696.3201041110958,2.4743689765659806,16,actionable_unacted,True,46.393055555555556,3,1.0420029793165613,,False,False,False
joint_7slots,joint,7,bp_repeat:control->pitch|brake_resistor_chp:pitch->converter|time_sync:external->control|cms_drivetrain:comms->drivetrain|current_asymmetry:converter->generator|no_speed_development:control->pitch|cable_overload:converter->electrical,stop:Repeating error BP52->pitch|warning:Repeating error BP 0->pitch|warning:Error brake resistor CHP->converter|warning:Check time synchronization->control|warning:Time sync. failed (SNTP error)->control|warning:Comm.err. IEC server <- CMS drive tr.->drivetrain|warning:Comm.err. IEC client -> CMS drive tr.->drivetrain|warning:CMS drive train system error->drivetrain|stop:Current asymmetry->generator|stop:No speed development->pitch|warning:Cable overload->electrical,4213,9386.501584975991,82.7999854121111,8.629842114717059,8.57017247317187,17.20001458788893,1105,1614.479641908296,802,804.4393750294535,946,1696.3201041110958,2.4743689765659806,16,actionable_unacted,True,46.393055555555556,3,1.0420029793165613,,False,False,False
joint_7slots,joint,7,bp_repeat:control->pitch|brake_resistor_chp:pitch->converter|time_sync:external->control|cms_drivetrain:comms->drivetrain|current_asymmetry:converter->generator|no_speed_development:control->pitch|high_yaw_load:yaw->external,stop:Repeating error BP52->pitch|warning:Repeating error BP 0->pitch|warning:Error brake resistor CHP->converter|warning:Check time synchronization->control|warning:Time sync. failed (SNTP error)->control|warning:Comm.err. IEC server <- CMS drive tr.->drivetrain|warning:Comm.err. IEC client -> CMS drive tr.->drivetrain|warning:CMS drive train system error->drivetrain|stop:Current asymmetry->generator|stop:No speed development->pitch|stop:High yaw load->external,4213,9386.501584975991,82.7999854121111,8.629842114717059,8.57017247317187,17.20001458788893,1105,1614.479641908296,802,804.4393750294535,946,1696.3201041110958,2.4743689765659806,16,actionable_unacted,True,46.393055555555556,3,1.0420029793165613,,False,False,False
joint_8slots,joint,8,bp_repeat:control->pitch|brake_resistor_chp:pitch->converter|time_sync:external->control|cms_drivetrain:comms->drivetrain|current_asymmetry:converter->generator|no_speed_development:control->pitch|high_yaw_load:yaw->external|cable_overload:converter->electrical,stop:Repeating error BP52->pitch|warning:Repeating error BP 0->pitch|warning:Error brake resistor CHP->converter|warning:Check time synchronization->control|warning:Time sync. failed (SNTP error)->control|warning:Comm.err. IEC server <- CMS drive tr.->drivetrain|warning:Comm.err. IEC client -> CMS drive tr.->drivetrain|warning:CMS drive train system error->drivetrain|stop:Current asymmetry->generator|stop:No speed development->pitch|stop:High yaw load->external|warning:Cable overload->electrical,4213,9386.501584975991,82.7999854121111,8.629842114717059,8.57017247317187,17.20001458788893,1105,1614.479641908296,802,804.4393750294535,946,1696.3201041110958,2.4743689765659806,16,actionable_unacted,True,46.393055555555556,3,1.0420029793165613,,False,False,False
joint_6slots,joint,6,bp_repeat:control->pitch|brake_resistor_chp:pitch->converter|time_sync:external->control|cms_drivetrain:comms->drivetrain|current_asymmetry:converter->generator|no_speed_development:control->brake_hydraulic,stop:Repeating error BP52->pitch|warning:Repeating error BP 0->pitch|warning:Error brake resistor CHP->converter|warning:Check time synchronization->control|warning:Time sync. failed (SNTP error)->control|warning:Comm.err. IEC server <- CMS drive tr.->drivetrain|warning:Comm.err. IEC client -> CMS drive tr.->drivetrain|warning:CMS drive train system error->drivetrain|stop:Current asymmetry->generator|stop:No speed development->brake_hydraulic,4213,9386.501584975991,82.79530302819174,8.631365246366622,8.573331725441648,17.20469697180827,1107,1614.9191539490996,803,804.7359182938297,946,1696.3201041110958,2.4743689765659806,16,actionable_unacted,True,46.393055555555556,3,1.0451622315863398,,False,False,False
joint_7slots,joint,7,bp_repeat:control->pitch|brake_resistor_chp:pitch->converter|time_sync:external->control|cms_drivetrain:comms->drivetrain|current_asymmetry:converter->generator|no_speed_development:control->brake_hydraulic|cable_overload:converter->electrical,stop:Repeating error BP52->pitch|warning:Repeating error BP 0->pitch|warning:Error brake resistor CHP->converter|warning:Check time synchronization->control|warning:Time sync. failed (SNTP error)->control|warning:Comm.err. IEC server <- CMS drive tr.->drivetrain|warning:Comm.err. IEC client -> CMS drive tr.->drivetrain|warning:CMS drive train system error->drivetrain|stop:Current asymmetry->generator|stop:No speed development->brake_hydraulic|warning:Cable overload->electrical,4213,9386.501584975991,82.79530302819174,8.631365246366622,8.573331725441648,17.20469697180827,1107,1614.9191539490996,803,804.7359182938297,946,1696.3201041110958,2.4743689765659806,16,actionable_unacted,True,46.393055555555556,3,1.0451622315863398,,False,False,False
joint_7slots,joint,7,bp_repeat:control->pitch|brake_resistor_chp:pitch->converter|time_sync:external->control|cms_drivetrain:comms->drivetrain|current_asymmetry:converter->generator|no_speed_development:control->brake_hydraulic|high_yaw_load:yaw->external,stop:Repeating error BP52->pitch|warning:Repeating error BP 0->pitch|warning:Error brake resistor CHP->converter|warning:Check time synchronization->control|warning:Time sync. failed (SNTP error)->control|warning:Comm.err. IEC server <- CMS drive tr.->drivetrain|warning:Comm.err. IEC client -> CMS drive tr.->drivetrain|warning:CMS drive train system error->drivetrain|stop:Current asymmetry->generator|stop:No speed development->brake_hydraulic|stop:High yaw load->external,4213,9386.501584975991,82.79530302819174,8.631365246366622,8.573331725441648,17.20469697180827,1107,1614.9191539490996,803,804.7359182938297,946,1696.3201041110958,2.4743689765659806,16,actionable_unacted,True,46.393055555555556,3,1.0451622315863398,,False,False,False
joint_8slots,joint,8,bp_repeat:control->pitch|brake_resistor_chp:pitch->converter|time_sync:external->control|cms_drivetrain:comms->drivetrain|current_asymmetry:converter->generator|no_speed_development:control->brake_hydraulic|high_yaw_load:yaw->external|cable_overload:converter->electrical,stop:Repeating error BP52->pitch|warning:Repeating error BP 0->pitch|warning:Error brake resistor CHP->converter|warning:Check time synchronization->control|warning:Time sync. failed (SNTP error)->control|warning:Comm.err. IEC server <- CMS drive tr.->drivetrain|warning:Comm.err. IEC client -> CMS drive tr.->drivetrain|warning:CMS drive train system error->drivetrain|stop:Current asymmetry->generator|stop:No speed development->brake_hydraulic|stop:High yaw load->external|warning:Cable overload->electrical,4213,9386.501584975991,82.79530302819174,8.631365246366622,8.573331725441648,17.20469697180827,1107,1614.9191539490996,803,804.7359182938297,946,1696.3201041110958,2.4743689765659806,16,actionable_unacted,True,46.393055555555556,3,1.0451622315863398,,False,False,False
joint_6slots,joint,6,bp_repeat:control->pitch|brake_resistor_chp:pitch->converter|time_sync:external->control|cms_drivetrain:comms->drivetrain|current_asymmetry:converter->generator|wec_shut_down:control->manual,stop:Repeating error BP52->pitch|warning:Repeating error BP 0->pitch|warning:Error brake resistor CHP->converter|warning:Check time synchronization->control|warning:Time sync. failed (SNTP error)->control|warning:Comm.err. IEC server <- CMS drive tr.->drivetrain|warning:Comm.err. IEC client -> CMS drive tr.->drivetrain|warning:CMS drive train system error->drivetrain|stop:Current asymmetry->generator|stop:WEC shut down->manual,4213,9386.501584975991,85.12382978161673,8.629842114717059,6.24632810366623,14.876170218383288,1103,1396.3519533322738,800,586.3116864534314,946,1696.3201041110958,2.4743689765659806,16,unwarned,False,,0,-1.2818413901890775,,False,False,False
joint_7slots,joint,7,bp_repeat:control->pitch|brake_resistor_chp:pitch->converter|time_sync:external->control|cms_drivetrain:comms->drivetrain|current_asymmetry:converter->generator|wec_shut_down:control->manual|cable_overload:converter->electrical,stop:Repeating error BP52->pitch|warning:Repeating error BP 0->pitch|warning:Error brake resistor CHP->converter|warning:Check time synchronization->control|warning:Time sync. failed (SNTP error)->control|warning:Comm.err. IEC server <- CMS drive tr.->drivetrain|warning:Comm.err. IEC client -> CMS drive tr.->drivetrain|warning:CMS drive train system error->drivetrain|stop:Current asymmetry->generator|stop:WEC shut down->manual|warning:Cable overload->electrical,4213,9386.501584975991,85.12382978161673,8.629842114717059,6.24632810366623,14.876170218383288,1103,1396.3519533322738,800,586.3116864534314,946,1696.3201041110958,2.4743689765659806,16,unwarned,False,,0,-1.2818413901890775,,False,False,False
joint_7slots,joint,7,bp_repeat:control->pitch|brake_resistor_chp:pitch->converter|time_sync:external->control|cms_drivetrain:comms->drivetrain|current_asymmetry:converter->generator|wec_shut_down:control->manual|high_yaw_load:yaw->external,stop:Repeating error BP52->pitch|warning:Repeating error BP 0->pitch|warning:Error brake resistor CHP->converter|warning:Check time synchronization->control|warning:Time sync. failed (SNTP error)->control|warning:Comm.err. IEC server <- CMS drive tr.->drivetrain|warning:Comm.err. IEC client -> CMS drive tr.->drivetrain|warning:CMS drive train system error->drivetrain|stop:Current asymmetry->generator|stop:WEC shut down->manual|stop:High yaw load->external,4213,9386.501584975991,85.12382978161673,8.629842114717059,6.24632810366623,14.876170218383288,1103,1396.3519533322738,800,586.3116864534314,946,1696.3201041110958,2.4743689765659806,16,unwarned,False,,0,-1.2818413901890775,,False,False,False
joint_8slots,joint,8,bp_repeat:control->pitch|brake_resistor_chp:pitch->converter|time_sync:external->control|cms_drivetrain:comms->drivetrain|current_asymmetry:converter->generator|wec_shut_down:control->manual|high_yaw_load:yaw->external|cable_overload:converter->electrical,stop:Repeating error BP52->pitch|warning:Repeating error BP 0->pitch|warning:Error brake resistor CHP->converter|warning:Check time synchronization->control|warning:Time sync. failed (SNTP error)->control|warning:Comm.err. IEC server <- CMS drive tr.->drivetrain|warning:Comm.err. IEC client -> CMS drive tr.->drivetrain|warning:CMS drive train system error->drivetrain|stop:Current asymmetry->generator|stop:WEC shut down->manual|stop:High yaw load->external|warning:Cable overload->electrical,4213,9386.501584975991,85.12382978161673,8.629842114717059,6.24632810366623,14.876170218383288,1103,1396.3519533322738,800,586.3116864534314,946,1696.3201041110958,2.4743689765659806,16,unwarned,False,,0,-1.2818413901890775,,False,False,False
joint_7slots,joint,7,bp_repeat:control->pitch|brake_resistor_chp:pitch->converter|time_sync:external->control|cms_drivetrain:comms->drivetrain|current_asymmetry:converter->generator|wec_shut_down:control->manual|no_speed_development:control->pitch,stop:Repeating error BP52->pitch|warning:Repeating error BP 0->pitch|warning:Error brake resistor CHP->converter|warning:Check time synchronization->control|warning:Time sync. failed (SNTP error)->control|warning:Comm.err. IEC server <- CMS drive tr.->drivetrain|warning:Comm.err. IEC client -> CMS drive tr.->drivetrain|warning:CMS drive train system error->drivetrain|stop:Current asymmetry->generator|stop:WEC shut down->manual|stop:No speed development->pitch,4213,9386.501584975991,85.03883542870358,8.629842114717059,6.331322456579385,14.961164571296443,1104,1404.3299496156071,801,594.2896827367648,946,1696.3201041110958,2.4743689765659806,16,unwarned,False,,0,-1.1968470372759228,,False,False,False
joint_8slots,joint,8,bp_repeat:control->pitch|brake_resistor_chp:pitch->converter|time_sync:external->control|cms_drivetrain:comms->drivetrain|current_asymmetry:converter->generator|wec_shut_down:control->manual|no_speed_development:control->pitch|cable_overload:converter->electrical,stop:Repeating error BP52->pitch|warning:Repeating error BP 0->pitch|warning:Error brake resistor CHP->converter|warning:Check time synchronization->control|warning:Time sync. failed (SNTP error)->control|warning:Comm.err. IEC server <- CMS drive tr.->drivetrain|warning:Comm.err. IEC client -> CMS drive tr.->drivetrain|warning:CMS drive train system error->drivetrain|stop:Current asymmetry->generator|stop:WEC shut down->manual|stop:No speed development->pitch|warning:Cable overload->electrical,4213,9386.501584975991,85.03883542870358,8.629842114717059,6.331322456579385,14.961164571296443,1104,1404.3299496156071,801,594.2896827367648,946,1696.3201041110958,2.4743689765659806,16,unwarned,False,,0,-1.1968470372759228,,False,False,False
joint_8slots,joint,8,bp_repeat:control->pitch|brake_resistor_chp:pitch->converter|time_sync:external->control|cms_drivetrain:comms->drivetrain|current_asymmetry:converter->generator|wec_shut_down:control->manual|no_speed_development:control->pitch|high_yaw_load:yaw->external,stop:Repeating error BP52->pitch|warning:Repeating error BP 0->pitch|warning:Error brake resistor CHP->converter|warning:Check time synchronization->control|warning:Time sync. failed (SNTP error)->control|warning:Comm.err. IEC server <- CMS drive tr.->drivetrain|warning:Comm.err. IEC client -> CMS drive tr.->drivetrain|warning:CMS drive train system error->drivetrain|stop:Current asymmetry->generator|stop:WEC shut down->manual|stop:No speed development->pitch|stop:High yaw load->external,4213,9386.501584975991,85.03883542870358,8.629842114717059,6.331322456579385,14.961164571296443,1104,1404.3299496156071,801,594.2896827367648,946,1696.3201041110958,2.4743689765659806,16,unwarned,False,,0,-1.1968470372759228,,False,False,False
joint_9slots,joint,9,bp_repeat:control->pitch|brake_resistor_chp:pitch->converter|time_sync:external->control|cms_drivetrain:comms->drivetrain|current_asymmetry:converter->generator|wec_shut_down:control->manual|no_speed_development:control->pitch|high_yaw_load:yaw->external|cable_overload:converter->electrical,stop:Repeating error BP52->pitch|warning:Repeating error BP 0->pitch|warning:Error brake resistor CHP->converter|warning:Check time synchronization->control|warning:Time sync. failed (SNTP error)->control|warning:Comm.err. IEC server <- CMS drive tr.->drivetrain|warning:Comm.err. IEC client -> CMS drive tr.->drivetrain|warning:CMS drive train system error->drivetrain|stop:Current asymmetry->generator|stop:WEC shut down->manual|stop:No speed development->pitch|stop:High yaw load->external|warning:Cable overload->electrical,4213,9386.501584975991,85.03883542870358,8.629842114717059,6.331322456579385,14.961164571296443,1104,1404.3299496156071,801,594.2896827367648,946,1696.3201041110958,2.4743689765659806,16,unwarned,False,,0,-1.1968470372759228,,False,False,False
joint_7slots,joint,7,bp_repeat:control->pitch|brake_resistor_chp:pitch->converter|time_sync:external->control|cms_drivetrain:comms->drivetrain|current_asymmetry:converter->generator|wec_shut_down:control->manual|no_speed_development:control->brake_hydraulic,stop:Repeating error BP52->pitch|warning:Repeating error BP 0->pitch|warning:Error brake resistor CHP->converter|warning:Check time synchronization->control|warning:Time sync. failed (SNTP error)->control|warning:Comm.err. IEC server <- CMS drive tr.->drivetrain|warning:Comm.err. IEC client -> CMS drive tr.->drivetrain|warning:CMS drive train system error->drivetrain|stop:Current asymmetry->generator|stop:WEC shut down->manual|stop:No speed development->brake_hydraulic,4213,9386.501584975991,85.03415304478422,8.631365246366622,6.3344817088491645,14.965846955215785,1106,1404.7694616564108,802,594.5862260011411,946,1696.3201041110958,2.4743689765659806,16,unwarned,False,,0,-1.1936877850061434,,False,False,False
joint_8slots,joint,8,bp_repeat:control->pitch|brake_resistor_chp:pitch->converter|time_sync:external->control|cms_drivetrain:comms->drivetrain|current_asymmetry:converter->generator|wec_shut_down:control->manual|no_speed_development:control->brake_hydraulic|cable_overload:converter->electrical,stop:Repeating error BP52->pitch|warning:Repeating error BP 0->pitch|warning:Error brake resistor CHP->converter|warning:Check time synchronization->control|warning:Time sync. failed (SNTP error)->control|warning:Comm.err. IEC server <- CMS drive tr.->drivetrain|warning:Comm.err. IEC client -> CMS drive tr.->drivetrain|warning:CMS drive train system error->drivetrain|stop:Current asymmetry->generator|stop:WEC shut down->manual|stop:No speed development->brake_hydraulic|warning:Cable overload->electrical,4213,9386.501584975991,85.03415304478422,8.631365246366622,6.3344817088491645,14.965846955215785,1106,1404.7694616564108,802,594.5862260011411,946,1696.3201041110958,2.4743689765659806,16,unwarned,False,,0,-1.1936877850061434,,False,False,False
joint_8slots,joint,8,bp_repeat:control->pitch|brake_resistor_chp:pitch->converter|time_sync:external->control|cms_drivetrain:comms->drivetrain|current_asymmetry:converter->generator|wec_shut_down:control->manual|no_speed_development:control->brake_hydraulic|high_yaw_load:yaw->external,stop:Repeating error BP52->pitch|warning:Repeating error BP 0->pitch|warning:Error brake resistor CHP->converter|warning:Check time synchronization->control|warning:Time sync. failed (SNTP error)->control|warning:Comm.err. IEC server <- CMS drive tr.->drivetrain|warning:Comm.err. IEC client -> CMS drive tr.->drivetrain|warning:CMS drive train system error->drivetrain|stop:Current asymmetry->generator|stop:WEC shut down->manual|stop:No speed development->brake_hydraulic|stop:High yaw load->external,4213,9386.501584975991,85.03415304478422,8.631365246366622,6.3344817088491645,14.965846955215785,1106,1404.7694616564108,802,594.5862260011411,946,1696.3201041110958,2.4743689765659806,16,unwarned,False,,0,-1.1936877850061434,,False,False,False
joint_9slots,joint,9,bp_repeat:control->pitch|brake_resistor_chp:pitch->converter|time_sync:external->control|cms_drivetrain:comms->drivetrain|current_asymmetry:converter->generator|wec_shut_down:control->manual|no_speed_development:control->brake_hydraulic|high_yaw_load:yaw->external|cable_overload:converter->electrical,stop:Repeating error BP52->pitch|warning:Repeating error BP 0->pitch|warning:Error brake resistor CHP->converter|warning:Check time synchronization->control|warning:Time sync. failed (SNTP error)->control|warning:Comm.err. IEC server <- CMS drive tr.->drivetrain|warning:Comm.err. IEC client -> CMS drive tr.->drivetrain|warning:CMS drive train system error->drivetrain|stop:Current asymmetry->generator|stop:WEC shut down->manual|stop:No speed development->brake_hydraulic|stop:High yaw load->external|warning:Cable overload->electrical,4213,9386.501584975991,85.03415304478422,8.631365246366622,6.3344817088491645,14.965846955215785,1106,1404.7694616564108,802,594.5862260011411,946,1696.3201041110958,2.4743689765659806,16,unwarned,False,,0,-1.1936877850061434,,False,False,False
bp_repeat:control->pitch+brake_resistor_chp:pitch->brake_hydraulic,joint,2,bp_repeat:control->pitch|brake_resistor_chp:pitch->brake_hydraulic,stop:Repeating error BP52->pitch|warning:Repeating error BP 0->pitch|warning:Error brake resistor CHP->brake_hydraulic,4213,9386.501584975991,83.36663052053106,8.39674713521554,8.236622344253416,16.633369479468954,1074,1561.2914898252661,782,773.1306868918334,977,1741.3485003248225,0.0,0,actionable_unacted,True,20.788888888888888,2,0.7084528503981078,,False,False,False
joint_3slots,joint,3,bp_repeat:control->pitch|brake_resistor_chp:pitch->brake_hydraulic|cable_overload:converter->electrical,stop:Repeating error BP52->pitch|warning:Repeating error BP 0->pitch|warning:Error brake resistor CHP->brake_hydraulic|warning:Cable overload->electrical,4213,9386.501584975991,83.36663052053106,8.39674713521554,8.236622344253416,16.633369479468954,1074,1561.2914898252661,782,773.1306868918334,977,1741.3485003248225,0.0,0,actionable_unacted,True,20.788888888888888,2,0.7084528503981078,,False,False,False
joint_3slots,joint,3,bp_repeat:control->pitch|brake_resistor_chp:pitch->brake_hydraulic|high_yaw_load:yaw->external,stop:Repeating error BP52->pitch|warning:Repeating error BP 0->pitch|warning:Error brake resistor CHP->brake_hydraulic|stop:High yaw load->external,4213,9386.501584975991,83.36663052053106,8.39674713521554,8.236622344253416,16.633369479468954,1074,1561.2914898252661,782,773.1306868918334,977,1741.3485003248225,0.0,0,actionable_unacted,True,20.788888888888888,2,0.7084528503981078,,False,False,False
joint_4slots,joint,4,bp_repeat:control->pitch|brake_resistor_chp:pitch->brake_hydraulic|high_yaw_load:yaw->external|cable_overload:converter->electrical,stop:Repeating error BP52->pitch|warning:Repeating error BP 0->pitch|warning:Error brake resistor CHP->brake_hydraulic|stop:High yaw load->external|warning:Cable overload->electrical,4213,9386.501584975991,83.36663052053106,8.39674713521554,8.236622344253416,16.633369479468954,1074,1561.2914898252661,782,773.1306868918334,977,1741.3485003248225,0.0,0,actionable_unacted,True,20.788888888888888,2,0.7084528503981078,,False,False,False
joint_3slots,joint,3,bp_repeat:control->pitch|brake_resistor_chp:pitch->brake_hydraulic|no_speed_development:control->pitch,stop:Repeating error BP52->pitch|warning:Repeating error BP 0->pitch|warning:Error brake resistor CHP->brake_hydraulic|stop:No speed development->pitch,4213,9386.501584975991,83.2816361676179,8.39674713521554,8.32161669716657,16.718363832382106,1075,1569.2694861085993,783,781.1086831751668,977,1741.3485003248225,0.0,0,actionable_unacted,True,20.788888888888888,2,0.7934472033112625,,False,False,False
joint_4slots,joint,4,bp_repeat:control->pitch|brake_resistor_chp:pitch->brake_hydraulic|no_speed_development:control->pitch|cable_overload:converter->electrical,stop:Repeating error BP52->pitch|warning:Repeating error BP 0->pitch|warning:Error brake resistor CHP->brake_hydraulic|stop:No speed development->pitch|warning:Cable overload->electrical,4213,9386.501584975991,83.2816361676179,8.39674713521554,8.32161669716657,16.718363832382106,1075,1569.2694861085993,783,781.1086831751668,977,1741.3485003248225,0.0,0,actionable_unacted,True,20.788888888888888,2,0.7934472033112625,,False,False,False
joint_4slots,joint,4,bp_repeat:control->pitch|brake_resistor_chp:pitch->brake_hydraulic|no_speed_development:control->pitch|high_yaw_load:yaw->external,stop:Repeating error BP52->pitch|warning:Repeating error BP 0->pitch|warning:Error brake resistor CHP->brake_hydraulic|stop:No speed development->pitch|stop:High yaw load->external,4213,9386.501584975991,83.2816361676179,8.39674713521554,8.32161669716657,16.718363832382106,1075,1569.2694861085993,783,781.1086831751668,977,1741.3485003248225,0.0,0,actionable_unacted,True,20.788888888888888,2,0.7934472033112625,,False,False,False
joint_5slots,joint,5,bp_repeat:control->pitch|brake_resistor_chp:pitch->brake_hydraulic|no_speed_development:control->pitch|high_yaw_load:yaw->external|cable_overload:converter->electrical,stop:Repeating error BP52->pitch|warning:Repeating error BP 0->pitch|warning:Error brake resistor CHP->brake_hydraulic|stop:No speed development->pitch|stop:High yaw load->external|warning:Cable overload->electrical,4213,9386.501584975991,83.2816361676179,8.39674713521554,8.32161669716657,16.718363832382106,1075,1569.2694861085993,783,781.1086831751668,977,1741.3485003248225,0.0,0,actionable_unacted,True,20.788888888888888,2,0.7934472033112625,,False,False,False
joint_3slots,joint,3,bp_repeat:control->pitch|brake_resistor_chp:pitch->brake_hydraulic|no_speed_development:control->brake_hydraulic,stop:Repeating error BP52->pitch|warning:Repeating error BP 0->pitch|warning:Error brake resistor CHP->brake_hydraulic|stop:No speed development->brake_hydraulic,4213,9386.501584975991,83.27695378369856,8.3982702668651,8.32477594943635,16.72304621630145,1077,1569.7089981494032,784,781.4052264395432,977,1741.3485003248225,0.0,0,actionable_unacted,True,20.788888888888888,2,0.7966064555810428,,False,False,False
joint_4slots,joint,4,bp_repeat:control->pitch|brake_resistor_chp:pitch->brake_hydraulic|no_speed_development:control->brake_hydraulic|cable_overload:converter->electrical,stop:Repeating error BP52->pitch|warning:Repeating error BP 0->pitch|warning:Error brake resistor CHP->brake_hydraulic|stop:No speed development->brake_hydraulic|warning:Cable overload->electrical,4213,9386.501584975991,83.27695378369856,8.3982702668651,8.32477594943635,16.72304621630145,1077,1569.7089981494032,784,781.4052264395432,977,1741.3485003248225,0.0,0,actionable_unacted,True,20.788888888888888,2,0.7966064555810428,,False,False,False
joint_4slots,joint,4,bp_repeat:control->pitch|brake_resistor_chp:pitch->brake_hydraulic|no_speed_development:control->brake_hydraulic|high_yaw_load:yaw->external,stop:Repeating error BP52->pitch|warning:Repeating error BP 0->pitch|warning:Error brake resistor CHP->brake_hydraulic|stop:No speed development->brake_hydraulic|stop:High yaw load->external,4213,9386.501584975991,83.27695378369856,8.3982702668651,8.32477594943635,16.72304621630145,1077,1569.7089981494032,784,781.4052264395432,977,1741.3485003248225,0.0,0,actionable_unacted,True,20.788888888888888,2,0.7966064555810428,,False,False,False
joint_5slots,joint,5,bp_repeat:control->pitch|brake_resistor_chp:pitch->brake_hydraulic|no_speed_development:control->brake_hydraulic|high_yaw_load:yaw->external|cable_overload:converter->electrical,stop:Repeating error BP52->pitch|warning:Repeating error BP 0->pitch|warning:Error brake resistor CHP->brake_hydraulic|stop:No speed development->brake_hydraulic|stop:High yaw load->external|warning:Cable overload->electrical,4213,9386.501584975991,83.27695378369856,8.3982702668651,8.32477594943635,16.72304621630145,1077,1569.7089981494032,784,781.4052264395432,977,1741.3485003248225,0.0,0,actionable_unacted,True,20.788888888888888,2,0.7966064555810428,,False,False,False
joint_3slots,joint,3,bp_repeat:control->pitch|brake_resistor_chp:pitch->brake_hydraulic|wec_shut_down:control->manual,stop:Repeating error BP52->pitch|warning:Repeating error BP 0->pitch|warning:Error brake resistor CHP->brake_hydraulic|stop:WEC shut down->manual,4213,9386.501584975991,85.60548053712354,8.39674713521554,5.99777232766093,14.39451946287647,1073,1351.1417975325774,781,562.9809945991447,977,1741.3485003248225,0.0,0,unwarned,False,,0,-1.530397166194378,,False,False,False
joint_4slots,joint,4,bp_repeat:control->pitch|brake_resistor_chp:pitch->brake_hydraulic|wec_shut_down:control->manual|cable_overload:converter->electrical,stop:Repeating error BP52->pitch|warning:Repeating error BP 0->pitch|warning:Error brake resistor CHP->brake_hydraulic|stop:WEC shut down->manual|warning:Cable overload->electrical,4213,9386.501584975991,85.60548053712354,8.39674713521554,5.99777232766093,14.39451946287647,1073,1351.1417975325774,781,562.9809945991447,977,1741.3485003248225,0.0,0,unwarned,False,,0,-1.530397166194378,,False,False,False
joint_4slots,joint,4,bp_repeat:control->pitch|brake_resistor_chp:pitch->brake_hydraulic|wec_shut_down:control->manual|high_yaw_load:yaw->external,stop:Repeating error BP52->pitch|warning:Repeating error BP 0->pitch|warning:Error brake resistor CHP->brake_hydraulic|stop:WEC shut down->manual|stop:High yaw load->external,4213,9386.501584975991,85.60548053712354,8.39674713521554,5.99777232766093,14.39451946287647,1073,1351.1417975325774,781,562.9809945991447,977,1741.3485003248225,0.0,0,unwarned,False,,0,-1.530397166194378,,False,False,False
joint_5slots,joint,5,bp_repeat:control->pitch|brake_resistor_chp:pitch->brake_hydraulic|wec_shut_down:control->manual|high_yaw_load:yaw->external|cable_overload:converter->electrical,stop:Repeating error BP52->pitch|warning:Repeating error BP 0->pitch|warning:Error brake resistor CHP->brake_hydraulic|stop:WEC shut down->manual|stop:High yaw load->external|warning:Cable overload->electrical,4213,9386.501584975991,85.60548053712354,8.39674713521554,5.99777232766093,14.39451946287647,1073,1351.1417975325774,781,562.9809945991447,977,1741.3485003248225,0.0,0,unwarned,False,,0,-1.530397166194378,,False,False,False
joint_4slots,joint,4,bp_repeat:control->pitch|brake_resistor_chp:pitch->brake_hydraulic|wec_shut_down:control->manual|no_speed_development:control->pitch,stop:Repeating error BP52->pitch|warning:Repeating error BP 0->pitch|warning:Error brake resistor CHP->brake_hydraulic|stop:WEC shut down->manual|stop:No speed development->pitch,4213,9386.501584975991,85.5204861842104,8.39674713521554,6.082766680574085,14.479513815789625,1074,1359.1197938159107,782,570.958990882478,977,1741.3485003248225,0.0,0,unwarned,False,,0,-1.4454028132812224,,False,False,False
joint_5slots,joint,5,bp_repeat:control->pitch|brake_resistor_chp:pitch->brake_hydraulic|wec_shut_down:control->manual|no_speed_development:control->pitch|cable_overload:converter->electrical,stop:Repeating error BP52->pitch|warning:Repeating error BP 0->pitch|warning:Error brake resistor CHP->brake_hydraulic|stop:WEC shut down->manual|stop:No speed development->pitch|warning:Cable overload->electrical,4213,9386.501584975991,85.5204861842104,8.39674713521554,6.082766680574085,14.479513815789625,1074,1359.1197938159107,782,570.958990882478,977,1741.3485003248225,0.0,0,unwarned,False,,0,-1.4454028132812224,,False,False,False
joint_5slots,joint,5,bp_repeat:control->pitch|brake_resistor_chp:pitch->brake_hydraulic|wec_shut_down:control->manual|no_speed_development:control->pitch|high_yaw_load:yaw->external,stop:Repeating error BP52->pitch|warning:Repeating error BP 0->pitch|warning:Error brake resistor CHP->brake_hydraulic|stop:WEC shut down->manual|stop:No speed development->pitch|stop:High yaw load->external,4213,9386.501584975991,85.5204861842104,8.39674713521554,6.082766680574085,14.479513815789625,1074,1359.1197938159107,782,570.958990882478,977,1741.3485003248225,0.0,0,unwarned,False,,0,-1.4454028132812224,,False,False,False
joint_6slots,joint,6,bp_repeat:control->pitch|brake_resistor_chp:pitch->brake_hydraulic|wec_shut_down:control->manual|no_speed_development:control->pitch|high_yaw_load:yaw->external|cable_overload:converter->electrical,stop:Repeating error BP52->pitch|warning:Repeating error BP 0->pitch|warning:Error brake resistor CHP->brake_hydraulic|stop:WEC shut down->manual|stop:No speed development->pitch|stop:High yaw load->external|warning:Cable overload->electrical,4213,9386.501584975991,85.5204861842104,8.39674713521554,6.082766680574085,14.479513815789625,1074,1359.1197938159107,782,570.958990882478,977,1741.3485003248225,0.0,0,unwarned,False,,0,-1.4454028132812224,,False,False,False
joint_4slots,joint,4,bp_repeat:control->pitch|brake_resistor_chp:pitch->brake_hydraulic|wec_shut_down:control->manual|no_speed_development:control->brake_hydraulic,stop:Repeating error BP52->pitch|warning:Repeating error BP 0->pitch|warning:Error brake resistor CHP->brake_hydraulic|stop:WEC shut down->manual|stop:No speed development->brake_hydraulic,4213,9386.501584975991,85.51580380029105,8.3982702668651,6.085925932843867,14.484196199708967,1076,1359.5593058567144,783,571.2555341468544,977,1741.3485003248225,0.0,0,unwarned,False,,0,-1.4422435610114412,,False,False,False
joint_5slots,joint,5,bp_repeat:control->pitch|brake_resistor_chp:pitch->brake_hydraulic|wec_shut_down:control->manual|no_speed_development:control->brake_hydraulic|cable_overload:converter->electrical,stop:Repeating error BP52->pitch|warning:Repeating error BP 0->pitch|warning:Error brake resistor CHP->brake_hydraulic|stop:WEC shut down->manual|stop:No speed development->brake_hydraulic|warning:Cable overload->electrical,4213,9386.501584975991,85.51580380029105,8.3982702668651,6.085925932843867,14.484196199708967,1076,1359.5593058567144,783,571.2555341468544,977,1741.3485003248225,0.0,0,unwarned,False,,0,-1.4422435610114412,,False,False,False
joint_5slots,joint,5,bp_repeat:control->pitch|brake_resistor_chp:pitch->brake_hydraulic|wec_shut_down:control->manual|no_speed_development:control->brake_hydraulic|high_yaw_load:yaw->external,stop:Repeating error BP52->pitch|warning:Repeating error BP 0->pitch|warning:Error brake resistor CHP->brake_hydraulic|stop:WEC shut down->manual|stop:No speed development->brake_hydraulic|stop:High yaw load->external,4213,9386.501584975991,85.51580380029105,8.3982702668651,6.085925932843867,14.484196199708967,1076,1359.5593058567144,783,571.2555341468544,977,1741.3485003248225,0.0,0,unwarned,False,,0,-1.4422435610114412,,False,False,False
joint_6slots,joint,6,bp_repeat:control->pitch|brake_resistor_chp:pitch->brake_hydraulic|wec_shut_down:control->manual|no_speed_development:control->brake_hydraulic|high_yaw_load:yaw->external|cable_overload:converter->electrical,stop:Repeating error BP52->pitch|warning:Repeating error BP 0->pitch|warning:Error brake resistor CHP->brake_hydraulic|stop:WEC shut down->manual|stop:No speed development->brake_hydraulic|stop:High yaw load->external|warning:Cable overload->electrical,4213,9386.501584975991,85.51580380029105,8.3982702668651,6.085925932843867,14.484196199708967,1076,1359.5593058567144,783,571.2555341468544,977,1741.3485003248225,0.0,0,unwarned,False,,0,-1.4422435610114412,,False,False,False
joint_3slots,joint,3,bp_repeat:control->pitch|brake_resistor_chp:pitch->brake_hydraulic|current_asymmetry:converter->generator,stop:Repeating error BP52->pitch|warning:Repeating error BP 0->pitch|warning:Error brake resistor CHP->brake_hydraulic|stop:Current asymmetry->generator,4213,9386.501584975991,83.36663052053106,8.39674713521554,8.236622344253416,16.633369479468954,1074,1561.2914898252661,782,773.1306868918334,946,1696.3201041110958,0.0,0,actionable_unacted,True,20.788888888888888,2,0.7084528503981078,,False,False,False
joint_4slots,joint,4,bp_repeat:control->pitch|brake_resistor_chp:pitch->brake_hydraulic|current_asymmetry:converter->generator|cable_overload:converter->electrical,stop:Repeating error BP52->pitch|warning:Repeating error BP 0->pitch|warning:Error brake resistor CHP->brake_hydraulic|stop:Current asymmetry->generator|warning:Cable overload->electrical,4213,9386.501584975991,83.36663052053106,8.39674713521554,8.236622344253416,16.633369479468954,1074,1561.2914898252661,782,773.1306868918334,946,1696.3201041110958,0.0,0,actionable_unacted,True,20.788888888888888,2,0.7084528503981078,,False,False,False
joint_4slots,joint,4,bp_repeat:control->pitch|brake_resistor_chp:pitch->brake_hydraulic|current_asymmetry:converter->generator|high_yaw_load:yaw->external,stop:Repeating error BP52->pitch|warning:Repeating error BP 0->pitch|warning:Error brake resistor CHP->brake_hydraulic|stop:Current asymmetry->generator|stop:High yaw load->external,4213,9386.501584975991,83.36663052053106,8.39674713521554,8.236622344253416,16.633369479468954,1074,1561.2914898252661,782,773.1306868918334,946,1696.3201041110958,0.0,0,actionable_unacted,True,20.788888888888888,2,0.7084528503981078,,False,False,False
joint_5slots,joint,5,bp_repeat:control->pitch|brake_resistor_chp:pitch->brake_hydraulic|current_asymmetry:converter->generator|high_yaw_load:yaw->external|cable_overload:converter->electrical,stop:Repeating error BP52->pitch|warning:Repeating error BP 0->pitch|warning:Error brake resistor CHP->brake_hydraulic|stop:Current asymmetry->generator|stop:High yaw load->external|warning:Cable overload->electrical,4213,9386.501584975991,83.36663052053106,8.39674713521554,8.236622344253416,16.633369479468954,1074,1561.2914898252661,782,773.1306868918334,946,1696.3201041110958,0.0,0,actionable_unacted,True,20.788888888888888,2,0.7084528503981078,,False,False,False
joint_4slots,joint,4,bp_repeat:control->pitch|brake_resistor_chp:pitch->brake_hydraulic|current_asymmetry:converter->generator|no_speed_development:control->pitch,stop:Repeating error BP52->pitch|warning:Repeating error BP 0->pitch|warning:Error brake resistor CHP->brake_hydraulic|stop:Current asymmetry->generator|stop:No speed development->pitch,4213,9386.501584975991,83.2816361676179,8.39674713521554,8.32161669716657,16.718363832382106,1075,1569.2694861085993,783,781.1086831751668,946,1696.3201041110958,0.0,0,actionable_unacted,True,20.788888888888888,2,0.7934472033112625,,False,False,False
joint_5slots,joint,5,bp_repeat:control->pitch|brake_resistor_chp:pitch->brake_hydraulic|current_asymmetry:converter->generator|no_speed_development:control->pitch|cable_overload:converter->electrical,stop:Repeating error BP52->pitch|warning:Repeating error BP 0->pitch|warning:Error brake resistor CHP->brake_hydraulic|stop:Current asymmetry->generator|stop:No speed development->pitch|warning:Cable overload->electrical,4213,9386.501584975991,83.2816361676179,8.39674713521554,8.32161669716657,16.718363832382106,1075,1569.2694861085993,783,781.1086831751668,946,1696.3201041110958,0.0,0,actionable_unacted,True,20.788888888888888,2,0.7934472033112625,,False,False,False
joint_5slots,joint,5,bp_repeat:control->pitch|brake_resistor_chp:pitch->brake_hydraulic|current_asymmetry:converter->generator|no_speed_development:control->pitch|high_yaw_load:yaw->external,stop:Repeating error BP52->pitch|warning:Repeating error BP 0->pitch|warning:Error brake resistor CHP->brake_hydraulic|stop:Current asymmetry->generator|stop:No speed development->pitch|stop:High yaw load->external,4213,9386.501584975991,83.2816361676179,8.39674713521554,8.32161669716657,16.718363832382106,1075,1569.2694861085993,783,781.1086831751668,946,1696.3201041110958,0.0,0,actionable_unacted,True,20.788888888888888,2,0.7934472033112625,,False,False,False
joint_6slots,joint,6,bp_repeat:control->pitch|brake_resistor_chp:pitch->brake_hydraulic|current_asymmetry:converter->generator|no_speed_development:control->pitch|high_yaw_load:yaw->external|cable_overload:converter->electrical,stop:Repeating error BP52->pitch|warning:Repeating error BP 0->pitch|warning:Error brake resistor CHP->brake_hydraulic|stop:Current asymmetry->generator|stop:No speed development->pitch|stop:High yaw load->external|warning:Cable overload->electrical,4213,9386.501584975991,83.2816361676179,8.39674713521554,8.32161669716657,16.718363832382106,1075,1569.2694861085993,783,781.1086831751668,946,1696.3201041110958,0.0,0,actionable_unacted,True,20.788888888888888,2,0.7934472033112625,,False,False,False
joint_4slots,joint,4,bp_repeat:control->pitch|brake_resistor_chp:pitch->brake_hydraulic|current_asymmetry:converter->generator|no_speed_development:control->brake_hydraulic,stop:Repeating error BP52->pitch|warning:Repeating error BP 0->pitch|warning:Error brake resistor CHP->brake_hydraulic|stop:Current asymmetry->generator|stop:No speed development->brake_hydraulic,4213,9386.501584975991,83.27695378369856,8.3982702668651,8.32477594943635,16.72304621630145,1077,1569.7089981494032,784,781.4052264395432,946,1696.3201041110958,0.0,0,actionable_unacted,True,20.788888888888888,2,0.7966064555810428,,False,False,False
joint_5slots,joint,5,bp_repeat:control->pitch|brake_resistor_chp:pitch->brake_hydraulic|current_asymmetry:converter->generator|no_speed_development:control->brake_hydraulic|cable_overload:converter->electrical,stop:Repeating error BP52->pitch|warning:Repeating error BP 0->pitch|warning:Error brake resistor CHP->brake_hydraulic|stop:Current asymmetry->generator|stop:No speed development->brake_hydraulic|warning:Cable overload->electrical,4213,9386.501584975991,83.27695378369856,8.3982702668651,8.32477594943635,16.72304621630145,1077,1569.7089981494032,784,781.4052264395432,946,1696.3201041110958,0.0,0,actionable_unacted,True,20.788888888888888,2,0.7966064555810428,,False,False,False
joint_5slots,joint,5,bp_repeat:control->pitch|brake_resistor_chp:pitch->brake_hydraulic|current_asymmetry:converter->generator|no_speed_development:control->brake_hydraulic|high_yaw_load:yaw->external,stop:Repeating error BP52->pitch|warning:Repeating error BP 0->pitch|warning:Error brake resistor CHP->brake_hydraulic|stop:Current asymmetry->generator|stop:No speed development->brake_hydraulic|stop:High yaw load->external,4213,9386.501584975991,83.27695378369856,8.3982702668651,8.32477594943635,16.72304621630145,1077,1569.7089981494032,784,781.4052264395432,946,1696.3201041110958,0.0,0,actionable_unacted,True,20.788888888888888,2,0.7966064555810428,,False,False,False
joint_6slots,joint,6,bp_repeat:control->pitch|brake_resistor_chp:pitch->brake_hydraulic|current_asymmetry:converter->generator|no_speed_development:control->brake_hydraulic|high_yaw_load:yaw->external|cable_overload:converter->electrical,stop:Repeating error BP52->pitch|warning:Repeating error BP 0->pitch|warning:Error brake resistor CHP->brake_hydraulic|stop:Current asymmetry->generator|stop:No speed development->brake_hydraulic|stop:High yaw load->external|warning:Cable overload->electrical,4213,9386.501584975991,83.27695378369856,8.3982702668651,8.32477594943635,16.72304621630145,1077,1569.7089981494032,784,781.4052264395432,946,1696.3201041110958,0.0,0,actionable_unacted,True,20.788888888888888,2,0.7966064555810428,,False,False,False
joint_4slots,joint,4,bp_repeat:control->pitch|brake_resistor_chp:pitch->brake_hydraulic|current_asymmetry:converter->generator|wec_shut_down:control->manual,stop:Repeating error BP52->pitch|warning:Repeating error BP 0->pitch|warning:Error brake resistor CHP->brake_hydraulic|stop:Current asymmetry->generator|stop:WEC shut down->manual,4213,9386.501584975991,85.60548053712354,8.39674713521554,5.99777232766093,14.39451946287647,1073,1351.1417975325774,781,562.9809945991447,946,1696.3201041110958,0.0,0,unwarned,False,,0,-1.530397166194378,,False,False,False
joint_5slots,joint,5,bp_repeat:control->pitch|brake_resistor_chp:pitch->brake_hydraulic|current_asymmetry:converter->generator|wec_shut_down:control->manual|cable_overload:converter->electrical,stop:Repeating error BP52->pitch|warning:Repeating error BP 0->pitch|warning:Error brake resistor CHP->brake_hydraulic|stop:Current asymmetry->generator|stop:WEC shut down->manual|warning:Cable overload->electrical,4213,9386.501584975991,85.60548053712354,8.39674713521554,5.99777232766093,14.39451946287647,1073,1351.1417975325774,781,562.9809945991447,946,1696.3201041110958,0.0,0,unwarned,False,,0,-1.530397166194378,,False,False,False
joint_5slots,joint,5,bp_repeat:control->pitch|brake_resistor_chp:pitch->brake_hydraulic|current_asymmetry:converter->generator|wec_shut_down:control->manual|high_yaw_load:yaw->external,stop:Repeating error BP52->pitch|warning:Repeating error BP 0->pitch|warning:Error brake resistor CHP->brake_hydraulic|stop:Current asymmetry->generator|stop:WEC shut down->manual|stop:High yaw load->external,4213,9386.501584975991,85.60548053712354,8.39674713521554,5.99777232766093,14.39451946287647,1073,1351.1417975325774,781,562.9809945991447,946,1696.3201041110958,0.0,0,unwarned,False,,0,-1.530397166194378,,False,False,False
joint_6slots,joint,6,bp_repeat:control->pitch|brake_resistor_chp:pitch->brake_hydraulic|current_asymmetry:converter->generator|wec_shut_down:control->manual|high_yaw_load:yaw->external|cable_overload:converter->electrical,stop:Repeating error BP52->pitch|warning:Repeating error BP 0->pitch|warning:Error brake resistor CHP->brake_hydraulic|stop:Current asymmetry->generator|stop:WEC shut down->manual|stop:High yaw load->external|warning:Cable overload->electrical,4213,9386.501584975991,85.60548053712354,8.39674713521554,5.99777232766093,14.39451946287647,1073,1351.1417975325774,781,562.9809945991447,946,1696.3201041110958,0.0,0,unwarned,False,,0,-1.530397166194378,,False,False,False
joint_5slots,joint,5,bp_repeat:control->pitch|brake_resistor_chp:pitch->brake_hydraulic|current_asymmetry:converter->generator|wec_shut_down:control->manual|no_speed_development:control->pitch,stop:Repeating error BP52->pitch|warning:Repeating error BP 0->pitch|warning:Error brake resistor CHP->brake_hydraulic|stop:Current asymmetry->generator|stop:WEC shut down->manual|stop:No speed development->pitch,4213,9386.501584975991,85.5204861842104,8.39674713521554,6.082766680574085,14.479513815789625,1074,1359.1197938159107,782,570.958990882478,946,1696.3201041110958,0.0,0,unwarned,False,,0,-1.4454028132812224,,False,False,False
joint_6slots,joint,6,bp_repeat:control->pitch|brake_resistor_chp:pitch->brake_hydraulic|current_asymmetry:converter->generator|wec_shut_down:control->manual|no_speed_development:control->pitch|cable_overload:converter->electrical,stop:Repeating error BP52->pitch|warning:Repeating error BP 0->pitch|warning:Error brake resistor CHP->brake_hydraulic|stop:Current asymmetry->generator|stop:WEC shut down->manual|stop:No speed development->pitch|warning:Cable overload->electrical,4213,9386.501584975991,85.5204861842104,8.39674713521554,6.082766680574085,14.479513815789625,1074,1359.1197938159107,782,570.958990882478,946,1696.3201041110958,0.0,0,unwarned,False,,0,-1.4454028132812224,,False,False,False
joint_6slots,joint,6,bp_repeat:control->pitch|brake_resistor_chp:pitch->brake_hydraulic|current_asymmetry:converter->generator|wec_shut_down:control->manual|no_speed_development:control->pitch|high_yaw_load:yaw->external,stop:Repeating error BP52->pitch|warning:Repeating error BP 0->pitch|warning:Error brake resistor CHP->brake_hydraulic|stop:Current asymmetry->generator|stop:WEC shut down->manual|stop:No speed development->pitch|stop:High yaw load->external,4213,9386.501584975991,85.5204861842104,8.39674713521554,6.082766680574085,14.479513815789625,1074,1359.1197938159107,782,570.958990882478,946,1696.3201041110958,0.0,0,unwarned,False,,0,-1.4454028132812224,,False,False,False
joint_7slots,joint,7,bp_repeat:control->pitch|brake_resistor_chp:pitch->brake_hydraulic|current_asymmetry:converter->generator|wec_shut_down:control->manual|no_speed_development:control->pitch|high_yaw_load:yaw->external|cable_overload:converter->electrical,stop:Repeating error BP52->pitch|warning:Repeating error BP 0->pitch|warning:Error brake resistor CHP->brake_hydraulic|stop:Current asymmetry->generator|stop:WEC shut down->manual|stop:No speed development->pitch|stop:High yaw load->external|warning:Cable overload->electrical,4213,9386.501584975991,85.5204861842104,8.39674713521554,6.082766680574085,14.479513815789625,1074,1359.1197938159107,782,570.958990882478,946,1696.3201041110958,0.0,0,unwarned,False,,0,-1.4454028132812224,,False,False,False
joint_5slots,joint,5,bp_repeat:control->pitch|brake_resistor_chp:pitch->brake_hydraulic|current_asymmetry:converter->generator|wec_shut_down:control->manual|no_speed_development:control->brake_hydraulic,stop:Repeating error BP52->pitch|warning:Repeating error BP 0->pitch|warning:Error brake resistor CHP->brake_hydraulic|stop:Current asymmetry->generator|stop:WEC shut down->manual|stop:No speed development->brake_hydraulic,4213,9386.501584975991,85.51580380029105,8.3982702668651,6.085925932843867,14.484196199708967,1076,1359.5593058567144,783,571.2555341468544,946,1696.3201041110958,0.0,0,unwarned,False,,0,-1.4422435610114412,,False,False,False
joint_6slots,joint,6,bp_repeat:control->pitch|brake_resistor_chp:pitch->brake_hydraulic|current_asymmetry:converter->generator|wec_shut_down:control->manual|no_speed_development:control->brake_hydraulic|cable_overload:converter->electrical,stop:Repeating error BP52->pitch|warning:Repeating error BP 0->pitch|warning:Error brake resistor CHP->brake_hydraulic|stop:Current asymmetry->generator|stop:WEC shut down->manual|stop:No speed development->brake_hydraulic|warning:Cable overload->electrical,4213,9386.501584975991,85.51580380029105,8.3982702668651,6.085925932843867,14.484196199708967,1076,1359.5593058567144,783,571.2555341468544,946,1696.3201041110958,0.0,0,unwarned,False,,0,-1.4422435610114412,,False,False,False
joint_6slots,joint,6,bp_repeat:control->pitch|brake_resistor_chp:pitch->brake_hydraulic|current_asymmetry:converter->generator|wec_shut_down:control->manual|no_speed_development:control->brake_hydraulic|high_yaw_load:yaw->external,stop:Repeating error BP52->pitch|warning:Repeating error BP 0->pitch|warning:Error brake resistor CHP->brake_hydraulic|stop:Current asymmetry->generator|stop:WEC shut down->manual|stop:No speed development->brake_hydraulic|stop:High yaw load->external,4213,9386.501584975991,85.51580380029105,8.3982702668651,6.085925932843867,14.484196199708967,1076,1359.5593058567144,783,571.2555341468544,946,1696.3201041110958,0.0,0,unwarned,False,,0,-1.4422435610114412,,False,False,False
joint_7slots,joint,7,bp_repeat:control->pitch|brake_resistor_chp:pitch->brake_hydraulic|current_asymmetry:converter->generator|wec_shut_down:control->manual|no_speed_development:control->brake_hydraulic|high_yaw_load:yaw->external|cable_overload:converter->electrical,stop:Repeating error BP52->pitch|warning:Repeating error BP 0->pitch|warning:Error brake resistor CHP->brake_hydraulic|stop:Current asymmetry->generator|stop:WEC shut down->manual|stop:No speed development->brake_hydraulic|stop:High yaw load->external|warning:Cable overload->electrical,4213,9386.501584975991,85.51580380029105,8.3982702668651,6.085925932843867,14.484196199708967,1076,1359.5593058567144,783,571.2555341468544,946,1696.3201041110958,0.0,0,unwarned,False,,0,-1.4422435610114412,,False,False,False
joint_3slots,joint,3,bp_repeat:control->pitch|brake_resistor_chp:pitch->brake_hydraulic|cms_drivetrain:comms->drivetrain,stop:Repeating error BP52->pitch|warning:Repeating error BP 0->pitch|warning:Error brake resistor CHP->brake_hydraulic|warning:Comm.err. IEC server <- CMS drive tr.->drivetrain|warning:Comm.err. IEC client -> CMS drive tr.->drivetrain|warning:CMS drive train system error->drivetrain,4213,9386.501584975991,83.33214549572159,8.397627496992005,8.270227007286413,16.66785450427842,1088,1564.5284272255858,792,776.2849891200517,977,1741.3485003248225,0.0,0,actionable_unacted,True,20.788888888888888,2,0.7420575134311056,,False,False,False
joint_4slots,joint,4,bp_repeat:control->pitch|brake_resistor_chp:pitch->brake_hydraulic|cms_drivetrain:comms->drivetrain|cable_overload:converter->electrical,stop:Repeating error BP52->pitch|warning:Repeating error BP 0->pitch|warning:Error brake resistor CHP->brake_hydraulic|warning:Comm.err. IEC server <- CMS drive tr.->drivetrain|warning:Comm.err. IEC client -> CMS drive tr.->drivetrain|warning:CMS drive train system error->drivetrain|warning:Cable overload->electrical,4213,9386.501584975991,83.33214549572159,8.397627496992005,8.270227007286413,16.66785450427842,1088,1564.5284272255858,792,776.2849891200517,977,1741.3485003248225,0.0,0,actionable_unacted,True,20.788888888888888,2,0.7420575134311056,,False,False,False
joint_4slots,joint,4,bp_repeat:control->pitch|brake_resistor_chp:pitch->brake_hydraulic|cms_drivetrain:comms->drivetrain|high_yaw_load:yaw->external,stop:Repeating error BP52->pitch|warning:Repeating error BP 0->pitch|warning:Error brake resistor CHP->brake_hydraulic|warning:Comm.err. IEC server <- CMS drive tr.->drivetrain|warning:Comm.err. IEC client -> CMS drive tr.->drivetrain|warning:CMS drive train system error->drivetrain|stop:High yaw load->external,4213,9386.501584975991,83.33214549572159,8.397627496992005,8.270227007286413,16.66785450427842,1088,1564.5284272255858,792,776.2849891200517,977,1741.3485003248225,0.0,0,actionable_unacted,True,20.788888888888888,2,0.7420575134311056,,False,False,False
joint_5slots,joint,5,bp_repeat:control->pitch|brake_resistor_chp:pitch->brake_hydraulic|cms_drivetrain:comms->drivetrain|high_yaw_load:yaw->external|cable_overload:converter->electrical,stop:Repeating error BP52->pitch|warning:Repeating error BP 0->pitch|warning:Error brake resistor CHP->brake_hydraulic|warning:Comm.err. IEC server <- CMS drive tr.->drivetrain|warning:Comm.err. IEC client -> CMS drive tr.->drivetrain|warning:CMS drive train system error->drivetrain|stop:High yaw load->external|warning:Cable overload->electrical,4213,9386.501584975991,83.33214549572159,8.397627496992005,8.270227007286413,16.66785450427842,1088,1564.5284272255858,792,776.2849891200517,977,1741.3485003248225,0.0,0,actionable_unacted,True,20.788888888888888,2,0.7420575134311056,,False,False,False
joint_4slots,joint,4,bp_repeat:control->pitch|brake_resistor_chp:pitch->brake_hydraulic|cms_drivetrain:comms->drivetrain|no_speed_development:control->pitch,stop:Repeating error BP52->pitch|warning:Repeating error BP 0->pitch|warning:Error brake resistor CHP->brake_hydraulic|warning:Comm.err. IEC server <- CMS drive tr.->drivetrain|warning:Comm.err. IEC client -> CMS drive tr.->drivetrain|warning:CMS drive train system error->drivetrain|stop:No speed development->pitch,4213,9386.501584975991,83.24715114280845,8.397627496992005,8.355221360199566,16.75284885719157,1089,1572.506423508919,793,784.2629854033848,977,1741.3485003248225,0.0,0,actionable_unacted,True,20.788888888888888,2,0.8270518663442585,,False,False,False
joint_5slots,joint,5,bp_repeat:control->pitch|brake_resistor_chp:pitch->brake_hydraulic|cms_drivetrain:comms->drivetrain|no_speed_development:control->pitch|cable_overload:converter->electrical,stop:Repeating error BP52->pitch|warning:Repeating error BP 0->pitch|warning:Error brake resistor CHP->brake_hydraulic|warning:Comm.err. IEC server <- CMS drive tr.->drivetrain|warning:Comm.err. IEC client -> CMS drive tr.->drivetrain|warning:CMS drive train system error->drivetrain|stop:No speed development->pitch|warning:Cable overload->electrical,4213,9386.501584975991,83.24715114280845,8.397627496992005,8.355221360199566,16.75284885719157,1089,1572.506423508919,793,784.2629854033848,977,1741.3485003248225,0.0,0,actionable_unacted,True,20.788888888888888,2,0.8270518663442585,,False,False,False
joint_5slots,joint,5,bp_repeat:control->pitch|brake_resistor_chp:pitch->brake_hydraulic|cms_drivetrain:comms->drivetrain|no_speed_development:control->pitch|high_yaw_load:yaw->external,stop:Repeating error BP52->pitch|warning:Repeating error BP 0->pitch|warning:Error brake resistor CHP->brake_hydraulic|warning:Comm.err. IEC server <- CMS drive tr.->drivetrain|warning:Comm.err. IEC client -> CMS drive tr.->drivetrain|warning:CMS drive train system error->drivetrain|stop:No speed development->pitch|stop:High yaw load->external,4213,9386.501584975991,83.24715114280845,8.397627496992005,8.355221360199566,16.75284885719157,1089,1572.506423508919,793,784.2629854033848,977,1741.3485003248225,0.0,0,actionable_unacted,True,20.788888888888888,2,0.8270518663442585,,False,False,False
joint_6slots,joint,6,bp_repeat:control->pitch|brake_resistor_chp:pitch->brake_hydraulic|cms_drivetrain:comms->drivetrain|no_speed_development:control->pitch|high_yaw_load:yaw->external|cable_overload:converter->electrical,stop:Repeating error BP52->pitch|warning:Repeating error BP 0->pitch|warning:Error brake resistor CHP->brake_hydraulic|warning:Comm.err. IEC server <- CMS drive tr.->drivetrain|warning:Comm.err. IEC client -> CMS drive tr.->drivetrain|warning:CMS drive train system error->drivetrain|stop:No speed development->pitch|stop:High yaw load->external|warning:Cable overload->electrical,4213,9386.501584975991,83.24715114280845,8.397627496992005,8.355221360199566,16.75284885719157,1089,1572.506423508919,793,784.2629854033848,977,1741.3485003248225,0.0,0,actionable_unacted,True,20.788888888888888,2,0.8270518663442585,,False,False,False
joint_4slots,joint,4,bp_repeat:control->pitch|brake_resistor_chp:pitch->brake_hydraulic|cms_drivetrain:comms->drivetrain|no_speed_development:control->brake_hydraulic,stop:Repeating error BP52->pitch|warning:Repeating error BP 0->pitch|warning:Error brake resistor CHP->brake_hydraulic|warning:Comm.err. IEC server <- CMS drive tr.->drivetrain|warning:Comm.err. IEC client -> CMS drive tr.->drivetrain|warning:CMS drive train system error->drivetrain|stop:No speed development->brake_hydraulic,4213,9386.501584975991,83.24246875888909,8.399150628641566,8.358380612469347,16.757531241110915,1091,1572.945935549723,794,784.5595286677612,977,1741.3485003248225,0.0,0,actionable_unacted,True,20.788888888888888,2,0.8302111186140388,,False,False,False
joint_5slots,joint,5,bp_repeat:control->pitch|brake_resistor_chp:pitch->brake_hydraulic|cms_drivetrain:comms->drivetrain|no_speed_development:control->brake_hydraulic|cable_overload:converter->electrical,stop:Repeating error BP52->pitch|warning:Repeating error BP 0->pitch|warning:Error brake resistor CHP->brake_hydraulic|warning:Comm.err. IEC server <- CMS drive tr.->drivetrain|warning:Comm.err. IEC client -> CMS drive tr.->drivetrain|warning:CMS drive train system error->drivetrain|stop:No speed development->brake_hydraulic|warning:Cable overload->electrical,4213,9386.501584975991,83.24246875888909,8.399150628641566,8.358380612469347,16.757531241110915,1091,1572.945935549723,794,784.5595286677612,977,1741.3485003248225,0.0,0,actionable_unacted,True,20.788888888888888,2,0.8302111186140388,,False,False,False
joint_5slots,joint,5,bp_repeat:control->pitch|brake_resistor_chp:pitch->brake_hydraulic|cms_drivetrain:comms->drivetrain|no_speed_development:control->brake_hydraulic|high_yaw_load:yaw->external,stop:Repeating error BP52->pitch|warning:Repeating error BP 0->pitch|warning:Error brake resistor CHP->brake_hydraulic|warning:Comm.err. IEC server <- CMS drive tr.->drivetrain|warning:Comm.err. IEC client -> CMS drive tr.->drivetrain|warning:CMS drive train system error->drivetrain|stop:No speed development->brake_hydraulic|stop:High yaw load->external,4213,9386.501584975991,83.24246875888909,8.399150628641566,8.358380612469347,16.757531241110915,1091,1572.945935549723,794,784.5595286677612,977,1741.3485003248225,0.0,0,actionable_unacted,True,20.788888888888888,2,0.8302111186140388,,False,False,False
joint_6slots,joint,6,bp_repeat:control->pitch|brake_resistor_chp:pitch->brake_hydraulic|cms_drivetrain:comms->drivetrain|no_speed_development:control->brake_hydraulic|high_yaw_load:yaw->external|cable_overload:converter->electrical,stop:Repeating error BP52->pitch|warning:Repeating error BP 0->pitch|warning:Error brake resistor CHP->brake_hydraulic|warning:Comm.err. IEC server <- CMS drive tr.->drivetrain|warning:Comm.err. IEC client -> CMS drive tr.->drivetrain|warning:CMS drive train system error->drivetrain|stop:No speed development->brake_hydraulic|stop:High yaw load->external|warning:Cable overload->electrical,4213,9386.501584975991,83.24246875888909,8.399150628641566,8.358380612469347,16.757531241110915,1091,1572.945935549723,794,784.5595286677612,977,1741.3485003248225,0.0,0,actionable_unacted,True,20.788888888888888,2,0.8302111186140388,,False,False,False
joint_4slots,joint,4,bp_repeat:control->pitch|brake_resistor_chp:pitch->brake_hydraulic|cms_drivetrain:comms->drivetrain|wec_shut_down:control->manual,stop:Repeating error BP52->pitch|warning:Repeating error BP 0->pitch|warning:Error brake resistor CHP->brake_hydraulic|warning:Comm.err. IEC server <- CMS drive tr.->drivetrain|warning:Comm.err. IEC client -> CMS drive tr.->drivetrain|warning:CMS drive train system error->drivetrain|stop:WEC shut down->manual,4213,9386.501584975991,85.57099551231407,8.397627496992005,6.0313769906939285,14.429004487685935,1087,1354.3787349328973,791,566.1352968273628,977,1741.3485003248225,0.0,0,unwarned,False,,0,-1.4967925031613794,,False,False,False
joint_5slots,joint,5,bp_repeat:control->pitch|brake_resistor_chp:pitch->brake_hydraulic|cms_drivetrain:comms->drivetrain|wec_shut_down:control->manual|cable_overload:converter->electrical,stop:Repeating error BP52->pitch|warning:Repeating error BP 0->pitch|warning:Error brake resistor CHP->brake_hydraulic|warning:Comm.err. IEC server <- CMS drive tr.->drivetrain|warning:Comm.err. IEC client -> CMS drive tr.->drivetrain|warning:CMS drive train system error->drivetrain|stop:WEC shut down->manual|warning:Cable overload->electrical,4213,9386.501584975991,85.57099551231407,8.397627496992005,6.0313769906939285,14.429004487685935,1087,1354.3787349328973,791,566.1352968273628,977,1741.3485003248225,0.0,0,unwarned,False,,0,-1.4967925031613794,,False,False,False
joint_5slots,joint,5,bp_repeat:control->pitch|brake_resistor_chp:pitch->brake_hydraulic|cms_drivetrain:comms->drivetrain|wec_shut_down:control->manual|high_yaw_load:yaw->external,stop:Repeating error BP52->pitch|warning:Repeating error BP 0->pitch|warning:Error brake resistor CHP->brake_hydraulic|warning:Comm.err. IEC server <- CMS drive tr.->drivetrain|warning:Comm.err. IEC client -> CMS drive tr.->drivetrain|warning:CMS drive train system error->drivetrain|stop:WEC shut down->manual|stop:High yaw load->external,4213,9386.501584975991,85.57099551231407,8.397627496992005,6.0313769906939285,14.429004487685935,1087,1354.3787349328973,791,566.1352968273628,977,1741.3485003248225,0.0,0,unwarned,False,,0,-1.4967925031613794,,False,False,False
joint_6slots,joint,6,bp_repeat:control->pitch|brake_resistor_chp:pitch->brake_hydraulic|cms_drivetrain:comms->drivetrain|wec_shut_down:control->manual|high_yaw_load:yaw->external|cable_overload:converter->electrical,stop:Repeating error BP52->pitch|warning:Repeating error BP 0->pitch|warning:Error brake resistor CHP->brake_hydraulic|warning:Comm.err. IEC server <- CMS drive tr.->drivetrain|warning:Comm.err. IEC client -> CMS drive tr.->drivetrain|warning:CMS drive train system error->drivetrain|stop:WEC shut down->manual|stop:High yaw load->external|warning:Cable overload->electrical,4213,9386.501584975991,85.57099551231407,8.397627496992005,6.0313769906939285,14.429004487685935,1087,1354.3787349328973,791,566.1352968273628,977,1741.3485003248225,0.0,0,unwarned,False,,0,-1.4967925031613794,,False,False,False
joint_5slots,joint,5,bp_repeat:control->pitch|brake_resistor_chp:pitch->brake_hydraulic|cms_drivetrain:comms->drivetrain|wec_shut_down:control->manual|no_speed_development:control->pitch,stop:Repeating error BP52->pitch|warning:Repeating error BP 0->pitch|warning:Error brake resistor CHP->brake_hydraulic|warning:Comm.err. IEC server <- CMS drive tr.->drivetrain|warning:Comm.err. IEC client -> CMS drive tr.->drivetrain|warning:CMS drive train system error->drivetrain|stop:WEC shut down->manual|stop:No speed development->pitch,4213,9386.501584975991,85.48600115940094,8.397627496992005,6.116371343607083,14.51399884059909,1088,1362.3567312162304,792,574.1132931106962,977,1741.3485003248225,0.0,0,unwarned,False,,0,-1.4117981502482246,,False,False,False
joint_6slots,joint,6,bp_repeat:control->pitch|brake_resistor_chp:pitch->brake_hydraulic|cms_drivetrain:comms->drivetrain|wec_shut_down:control->manual|no_speed_development:control->pitch|cable_overload:converter->electrical,stop:Repeating error BP52->pitch|warning:Repeating error BP 0->pitch|warning:Error brake resistor CHP->brake_hydraulic|warning:Comm.err. IEC server <- CMS drive tr.->drivetrain|warning:Comm.err. IEC client -> CMS drive tr.->drivetrain|warning:CMS drive train system error->drivetrain|stop:WEC shut down->manual|stop:No speed development->pitch|warning:Cable overload->electrical,4213,9386.501584975991,85.48600115940094,8.397627496992005,6.116371343607083,14.51399884059909,1088,1362.3567312162304,792,574.1132931106962,977,1741.3485003248225,0.0,0,unwarned,False,,0,-1.4117981502482246,,False,False,False
joint_6slots,joint,6,bp_repeat:control->pitch|brake_resistor_chp:pitch->brake_hydraulic|cms_drivetrain:comms->drivetrain|wec_shut_down:control->manual|no_speed_development:control->pitch|high_yaw_load:yaw->external,stop:Repeating error BP52->pitch|warning:Repeating error BP 0->pitch|warning:Error brake resistor CHP->brake_hydraulic|warning:Comm.err. IEC server <- CMS drive tr.->drivetrain|warning:Comm.err. IEC client -> CMS drive tr.->drivetrain|warning:CMS drive train system error->drivetrain|stop:WEC shut down->manual|stop:No speed development->pitch|stop:High yaw load->external,4213,9386.501584975991,85.48600115940094,8.397627496992005,6.116371343607083,14.51399884059909,1088,1362.3567312162304,792,574.1132931106962,977,1741.3485003248225,0.0,0,unwarned,False,,0,-1.4117981502482246,,False,False,False
joint_7slots,joint,7,bp_repeat:control->pitch|brake_resistor_chp:pitch->brake_hydraulic|cms_drivetrain:comms->drivetrain|wec_shut_down:control->manual|no_speed_development:control->pitch|high_yaw_load:yaw->external|cable_overload:converter->electrical,stop:Repeating error BP52->pitch|warning:Repeating error BP 0->pitch|warning:Error brake resistor CHP->brake_hydraulic|warning:Comm.err. IEC server <- CMS drive tr.->drivetrain|warning:Comm.err. IEC client -> CMS drive tr.->drivetrain|warning:CMS drive train system error->drivetrain|stop:WEC shut down->manual|stop:No speed development->pitch|stop:High yaw load->external|warning:Cable overload->electrical,4213,9386.501584975991,85.48600115940094,8.397627496992005,6.116371343607083,14.51399884059909,1088,1362.3567312162304,792,574.1132931106962,977,1741.3485003248225,0.0,0,unwarned,False,,0,-1.4117981502482246,,False,False,False
joint_5slots,joint,5,bp_repeat:control->pitch|brake_resistor_chp:pitch->brake_hydraulic|cms_drivetrain:comms->drivetrain|wec_shut_down:control->manual|no_speed_development:control->brake_hydraulic,stop:Repeating error BP52->pitch|warning:Repeating error BP 0->pitch|warning:Error brake resistor CHP->brake_hydraulic|warning:Comm.err. IEC server <- CMS drive tr.->drivetrain|warning:Comm.err. IEC client -> CMS drive tr.->drivetrain|warning:CMS drive train system error->drivetrain|stop:WEC shut down->manual|stop:No speed development->brake_hydraulic,4213,9386.501584975991,85.48131877548158,8.399150628641566,6.1195305958768635,14.518681224518428,1090,1362.796243257034,793,574.4098363750725,977,1741.3485003248225,0.0,0,unwarned,False,,0,-1.4086388979784443,,False,False,False
joint_6slots,joint,6,bp_repeat:control->pitch|brake_resistor_chp:pitch->brake_hydraulic|cms_drivetrain:comms->drivetrain|wec_shut_down:control->manual|no_speed_development:control->brake_hydraulic|cable_overload:converter->electrical,stop:Repeating error BP52->pitch|warning:Repeating error BP 0->pitch|warning:Error brake resistor CHP->brake_hydraulic|warning:Comm.err. IEC server <- CMS drive tr.->drivetrain|warning:Comm.err. IEC client -> CMS drive tr.->drivetrain|warning:CMS drive train system error->drivetrain|stop:WEC shut down->manual|stop:No speed development->brake_hydraulic|warning:Cable overload->electrical,4213,9386.501584975991,85.48131877548158,8.399150628641566,6.1195305958768635,14.518681224518428,1090,1362.796243257034,793,574.4098363750725,977,1741.3485003248225,0.0,0,unwarned,False,,0,-1.4086388979784443,,False,False,False
joint_6slots,joint,6,bp_repeat:control->pitch|brake_resistor_chp:pitch->brake_hydraulic|cms_drivetrain:comms->drivetrain|wec_shut_down:control->manual|no_speed_development:control->brake_hydraulic|high_yaw_load:yaw->external,stop:Repeating error BP52->pitch|warning:Repeating error BP 0->pitch|warning:Error brake resistor CHP->brake_hydraulic|warning:Comm.err. IEC server <- CMS drive tr.->drivetrain|warning:Comm.err. IEC client -> CMS drive tr.->drivetrain|warning:CMS drive train system error->drivetrain|stop:WEC shut down->manual|stop:No speed development->brake_hydraulic|stop:High yaw load->external,4213,9386.501584975991,85.48131877548158,8.399150628641566,6.1195305958768635,14.518681224518428,1090,1362.796243257034,793,574.4098363750725,977,1741.3485003248225,0.0,0,unwarned,False,,0,-1.4086388979784443,,False,False,False
joint_7slots,joint,7,bp_repeat:control->pitch|brake_resistor_chp:pitch->brake_hydraulic|cms_drivetrain:comms->drivetrain|wec_shut_down:control->manual|no_speed_development:control->brake_hydraulic|high_yaw_load:yaw->external|cable_overload:converter->electrical,stop:Repeating error BP52->pitch|warning:Repeating error BP 0->pitch|warning:Error brake resistor CHP->brake_hydraulic|warning:Comm.err. IEC server <- CMS drive tr.->drivetrain|warning:Comm.err. IEC client -> CMS drive tr.->drivetrain|warning:CMS drive train system error->drivetrain|stop:WEC shut down->manual|stop:No speed development->brake_hydraulic|stop:High yaw load->external|warning:Cable overload->electrical,4213,9386.501584975991,85.48131877548158,8.399150628641566,6.1195305958768635,14.518681224518428,1090,1362.796243257034,793,574.4098363750725,977,1741.3485003248225,0.0,0,unwarned,False,,0,-1.4086388979784443,,False,False,False
joint_4slots,joint,4,bp_repeat:control->pitch|brake_resistor_chp:pitch->brake_hydraulic|cms_drivetrain:comms->drivetrain|current_asymmetry:converter->generator,stop:Repeating error BP52->pitch|warning:Repeating error BP 0->pitch|warning:Error brake resistor CHP->brake_hydraulic|warning:Comm.err. IEC server <- CMS drive tr.->drivetrain|warning:Comm.err. IEC client -> CMS drive tr.->drivetrain|warning:CMS drive train system error->drivetrain|stop:Current asymmetry->generator,4213,9386.501584975991,83.33214549572159,8.397627496992005,8.270227007286413,16.66785450427842,1088,1564.5284272255858,792,776.2849891200517,946,1696.3201041110958,0.0,0,actionable_unacted,True,20.788888888888888,2,0.7420575134311056,,False,False,False
joint_5slots,joint,5,bp_repeat:control->pitch|brake_resistor_chp:pitch->brake_hydraulic|cms_drivetrain:comms->drivetrain|current_asymmetry:converter->generator|cable_overload:converter->electrical,stop:Repeating error BP52->pitch|warning:Repeating error BP 0->pitch|warning:Error brake resistor CHP->brake_hydraulic|warning:Comm.err. IEC server <- CMS drive tr.->drivetrain|warning:Comm.err. IEC client -> CMS drive tr.->drivetrain|warning:CMS drive train system error->drivetrain|stop:Current asymmetry->generator|warning:Cable overload->electrical,4213,9386.501584975991,83.33214549572159,8.397627496992005,8.270227007286413,16.66785450427842,1088,1564.5284272255858,792,776.2849891200517,946,1696.3201041110958,0.0,0,actionable_unacted,True,20.788888888888888,2,0.7420575134311056,,False,False,False
joint_5slots,joint,5,bp_repeat:control->pitch|brake_resistor_chp:pitch->brake_hydraulic|cms_drivetrain:comms->drivetrain|current_asymmetry:converter->generator|high_yaw_load:yaw->external,stop:Repeating error BP52->pitch|warning:Repeating error BP 0->pitch|warning:Error brake resistor CHP->brake_hydraulic|warning:Comm.err. IEC server <- CMS drive tr.->drivetrain|warning:Comm.err. IEC client -> CMS drive tr.->drivetrain|warning:CMS drive train system error->drivetrain|stop:Current asymmetry->generator|stop:High yaw load->external,4213,9386.501584975991,83.33214549572159,8.397627496992005,8.270227007286413,16.66785450427842,1088,1564.5284272255858,792,776.2849891200517,946,1696.3201041110958,0.0,0,actionable_unacted,True,20.788888888888888,2,0.7420575134311056,,False,False,False
joint_6slots,joint,6,bp_repeat:control->pitch|brake_resistor_chp:pitch->brake_hydraulic|cms_drivetrain:comms->drivetrain|current_asymmetry:converter->generator|high_yaw_load:yaw->external|cable_overload:converter->electrical,stop:Repeating error BP52->pitch|warning:Repeating error BP 0->pitch|warning:Error brake resistor CHP->brake_hydraulic|warning:Comm.err. IEC server <- CMS drive tr.->drivetrain|warning:Comm.err. IEC client -> CMS drive tr.->drivetrain|warning:CMS drive train system error->drivetrain|stop:Current asymmetry->generator|stop:High yaw load->external|warning:Cable overload->electrical,4213,9386.501584975991,83.33214549572159,8.397627496992005,8.270227007286413,16.66785450427842,1088,1564.5284272255858,792,776.2849891200517,946,1696.3201041110958,0.0,0,actionable_unacted,True,20.788888888888888,2,0.7420575134311056,,False,False,False
joint_5slots,joint,5,bp_repeat:control->pitch|brake_resistor_chp:pitch->brake_hydraulic|cms_drivetrain:comms->drivetrain|current_asymmetry:converter->generator|no_speed_development:control->pitch,stop:Repeating error BP52->pitch|warning:Repeating error BP 0->pitch|warning:Error brake resistor CHP->brake_hydraulic|warning:Comm.err. IEC server <- CMS drive tr.->drivetrain|warning:Comm.err. IEC client -> CMS drive tr.->drivetrain|warning:CMS drive train system error->drivetrain|stop:Current asymmetry->generator|stop:No speed development->pitch,4213,9386.501584975991,83.24715114280845,8.397627496992005,8.355221360199566,16.75284885719157,1089,1572.506423508919,793,784.2629854033848,946,1696.3201041110958,0.0,0,actionable_unacted,True,20.788888888888888,2,0.8270518663442585,,False,False,False
joint_6slots,joint,6,bp_repeat:control->pitch|brake_resistor_chp:pitch->brake_hydraulic|cms_drivetrain:comms->drivetrain|current_asymmetry:converter->generator|no_speed_development:control->pitch|cable_overload:converter->electrical,stop:Repeating error BP52->pitch|warning:Repeating error BP 0->pitch|warning:Error brake resistor CHP->brake_hydraulic|warning:Comm.err. IEC server <- CMS drive tr.->drivetrain|warning:Comm.err. IEC client -> CMS drive tr.->drivetrain|warning:CMS drive train system error->drivetrain|stop:Current asymmetry->generator|stop:No speed development->pitch|warning:Cable overload->electrical,4213,9386.501584975991,83.24715114280845,8.397627496992005,8.355221360199566,16.75284885719157,1089,1572.506423508919,793,784.2629854033848,946,1696.3201041110958,0.0,0,actionable_unacted,True,20.788888888888888,2,0.8270518663442585,,False,False,False
joint_6slots,joint,6,bp_repeat:control->pitch|brake_resistor_chp:pitch->brake_hydraulic|cms_drivetrain:comms->drivetrain|current_asymmetry:converter->generator|no_speed_development:control->pitch|high_yaw_load:yaw->external,stop:Repeating error BP52->pitch|warning:Repeating error BP 0->pitch|warning:Error brake resistor CHP->brake_hydraulic|warning:Comm.err. IEC server <- CMS drive tr.->drivetrain|warning:Comm.err. IEC client -> CMS drive tr.->drivetrain|warning:CMS drive train system error->drivetrain|stop:Current asymmetry->generator|stop:No speed development->pitch|stop:High yaw load->external,4213,9386.501584975991,83.24715114280845,8.397627496992005,8.355221360199566,16.75284885719157,1089,1572.506423508919,793,784.2629854033848,946,1696.3201041110958,0.0,0,actionable_unacted,True,20.788888888888888,2,0.8270518663442585,,False,False,False
joint_7slots,joint,7,bp_repeat:control->pitch|brake_resistor_chp:pitch->brake_hydraulic|cms_drivetrain:comms->drivetrain|current_asymmetry:converter->generator|no_speed_development:control->pitch|high_yaw_load:yaw->external|cable_overload:converter->electrical,stop:Repeating error BP52->pitch|warning:Repeating error BP 0->pitch|warning:Error brake resistor CHP->brake_hydraulic|warning:Comm.err. IEC server <- CMS drive tr.->drivetrain|warning:Comm.err. IEC client -> CMS drive tr.->drivetrain|warning:CMS drive train system error->drivetrain|stop:Current asymmetry->generator|stop:No speed development->pitch|stop:High yaw load->external|warning:Cable overload->electrical,4213,9386.501584975991,83.24715114280845,8.397627496992005,8.355221360199566,16.75284885719157,1089,1572.506423508919,793,784.2629854033848,946,1696.3201041110958,0.0,0,actionable_unacted,True,20.788888888888888,2,0.8270518663442585,,False,False,False
joint_5slots,joint,5,bp_repeat:control->pitch|brake_resistor_chp:pitch->brake_hydraulic|cms_drivetrain:comms->drivetrain|current_asymmetry:converter->generator|no_speed_development:control->brake_hydraulic,stop:Repeating error BP52->pitch|warning:Repeating error BP 0->pitch|warning:Error brake resistor CHP->brake_hydraulic|warning:Comm.err. IEC server <- CMS drive tr.->drivetrain|warning:Comm.err. IEC client -> CMS drive tr.->drivetrain|warning:CMS drive train system error->drivetrain|stop:Current asymmetry->generator|stop:No speed development->brake_hydraulic,4213,9386.501584975991,83.24246875888909,8.399150628641566,8.358380612469347,16.757531241110915,1091,1572.945935549723,794,784.5595286677612,946,1696.3201041110958,0.0,0,actionable_unacted,True,20.788888888888888,2,0.8302111186140388,,False,False,False
joint_6slots,joint,6,bp_repeat:control->pitch|brake_resistor_chp:pitch->brake_hydraulic|cms_drivetrain:comms->drivetrain|current_asymmetry:converter->generator|no_speed_development:control->brake_hydraulic|cable_overload:converter->electrical,stop:Repeating error BP52->pitch|warning:Repeating error BP 0->pitch|warning:Error brake resistor CHP->brake_hydraulic|warning:Comm.err. IEC server <- CMS drive tr.->drivetrain|warning:Comm.err. IEC client -> CMS drive tr.->drivetrain|warning:CMS drive train system error->drivetrain|stop:Current asymmetry->generator|stop:No speed development->brake_hydraulic|warning:Cable overload->electrical,4213,9386.501584975991,83.24246875888909,8.399150628641566,8.358380612469347,16.757531241110915,1091,1572.945935549723,794,784.5595286677612,946,1696.3201041110958,0.0,0,actionable_unacted,True,20.788888888888888,2,0.8302111186140388,,False,False,False
joint_6slots,joint,6,bp_repeat:control->pitch|brake_resistor_chp:pitch->brake_hydraulic|cms_drivetrain:comms->drivetrain|current_asymmetry:converter->generator|no_speed_development:control->brake_hydraulic|high_yaw_load:yaw->external,stop:Repeating error BP52->pitch|warning:Repeating error BP 0->pitch|warning:Error brake resistor CHP->brake_hydraulic|warning:Comm.err. IEC server <- CMS drive tr.->drivetrain|warning:Comm.err. IEC client -> CMS drive tr.->drivetrain|warning:CMS drive train system error->drivetrain|stop:Current asymmetry->generator|stop:No speed development->brake_hydraulic|stop:High yaw load->external,4213,9386.501584975991,83.24246875888909,8.399150628641566,8.358380612469347,16.757531241110915,1091,1572.945935549723,794,784.5595286677612,946,1696.3201041110958,0.0,0,actionable_unacted,True,20.788888888888888,2,0.8302111186140388,,False,False,False
joint_7slots,joint,7,bp_repeat:control->pitch|brake_resistor_chp:pitch->brake_hydraulic|cms_drivetrain:comms->drivetrain|current_asymmetry:converter->generator|no_speed_development:control->brake_hydraulic|high_yaw_load:yaw->external|cable_overload:converter->electrical,stop:Repeating error BP52->pitch|warning:Repeating error BP 0->pitch|warning:Error brake resistor CHP->brake_hydraulic|warning:Comm.err. IEC server <- CMS drive tr.->drivetrain|warning:Comm.err. IEC client -> CMS drive tr.->drivetrain|warning:CMS drive train system error->drivetrain|stop:Current asymmetry->generator|stop:No speed development->brake_hydraulic|stop:High yaw load->external|warning:Cable overload->electrical,4213,9386.501584975991,83.24246875888909,8.399150628641566,8.358380612469347,16.757531241110915,1091,1572.945935549723,794,784.5595286677612,946,1696.3201041110958,0.0,0,actionable_unacted,True,20.788888888888888,2,0.8302111186140388,,False,False,False
joint_5slots,joint,5,bp_repeat:control->pitch|brake_resistor_chp:pitch->brake_hydraulic|cms_drivetrain:comms->drivetrain|current_asymmetry:converter->generator|wec_shut_down:control->manual,stop:Repeating error BP52->pitch|warning:Repeating error BP 0->pitch|warning:Error brake resistor CHP->brake_hydraulic|warning:Comm.err. IEC server <- CMS drive tr.->drivetrain|warning:Comm.err. IEC client -> CMS drive tr.->drivetrain|warning:CMS drive train system error->drivetrain|stop:Current asymmetry->generator|stop:WEC shut down->manual,4213,9386.501584975991,85.57099551231407,8.397627496992005,6.0313769906939285,14.429004487685935,1087,1354.3787349328973,791,566.1352968273628,946,1696.3201041110958,0.0,0,unwarned,False,,0,-1.4967925031613794,,False,False,False
joint_6slots,joint,6,bp_repeat:control->pitch|brake_resistor_chp:pitch->brake_hydraulic|cms_drivetrain:comms->drivetrain|current_asymmetry:converter->generator|wec_shut_down:control->manual|cable_overload:converter->electrical,stop:Repeating error BP52->pitch|warning:Repeating error BP 0->pitch|warning:Error brake resistor CHP->brake_hydraulic|warning:Comm.err. IEC server <- CMS drive tr.->drivetrain|warning:Comm.err. IEC client -> CMS drive tr.->drivetrain|warning:CMS drive train system error->drivetrain|stop:Current asymmetry->generator|stop:WEC shut down->manual|warning:Cable overload->electrical,4213,9386.501584975991,85.57099551231407,8.397627496992005,6.0313769906939285,14.429004487685935,1087,1354.3787349328973,791,566.1352968273628,946,1696.3201041110958,0.0,0,unwarned,False,,0,-1.4967925031613794,,False,False,False
joint_6slots,joint,6,bp_repeat:control->pitch|brake_resistor_chp:pitch->brake_hydraulic|cms_drivetrain:comms->drivetrain|current_asymmetry:converter->generator|wec_shut_down:control->manual|high_yaw_load:yaw->external,stop:Repeating error BP52->pitch|warning:Repeating error BP 0->pitch|warning:Error brake resistor CHP->brake_hydraulic|warning:Comm.err. IEC server <- CMS drive tr.->drivetrain|warning:Comm.err. IEC client -> CMS drive tr.->drivetrain|warning:CMS drive train system error->drivetrain|stop:Current asymmetry->generator|stop:WEC shut down->manual|stop:High yaw load->external,4213,9386.501584975991,85.57099551231407,8.397627496992005,6.0313769906939285,14.429004487685935,1087,1354.3787349328973,791,566.1352968273628,946,1696.3201041110958,0.0,0,unwarned,False,,0,-1.4967925031613794,,False,False,False
joint_7slots,joint,7,bp_repeat:control->pitch|brake_resistor_chp:pitch->brake_hydraulic|cms_drivetrain:comms->drivetrain|current_asymmetry:converter->generator|wec_shut_down:control->manual|high_yaw_load:yaw->external|cable_overload:converter->electrical,stop:Repeating error BP52->pitch|warning:Repeating error BP 0->pitch|warning:Error brake resistor CHP->brake_hydraulic|warning:Comm.err. IEC server <- CMS drive tr.->drivetrain|warning:Comm.err. IEC client -> CMS drive tr.->drivetrain|warning:CMS drive train system error->drivetrain|stop:Current asymmetry->generator|stop:WEC shut down->manual|stop:High yaw load->external|warning:Cable overload->electrical,4213,9386.501584975991,85.57099551231407,8.397627496992005,6.0313769906939285,14.429004487685935,1087,1354.3787349328973,791,566.1352968273628,946,1696.3201041110958,0.0,0,unwarned,False,,0,-1.4967925031613794,,False,False,False
joint_6slots,joint,6,bp_repeat:control->pitch|brake_resistor_chp:pitch->brake_hydraulic|cms_drivetrain:comms->drivetrain|current_asymmetry:converter->generator|wec_shut_down:control->manual|no_speed_development:control->pitch,stop:Repeating error BP52->pitch|warning:Repeating error BP 0->pitch|warning:Error brake resistor CHP->brake_hydraulic|warning:Comm.err. IEC server <- CMS drive tr.->drivetrain|warning:Comm.err. IEC client -> CMS drive tr.->drivetrain|warning:CMS drive train system error->drivetrain|stop:Current asymmetry->generator|stop:WEC shut down->manual|stop:No speed development->pitch,4213,9386.501584975991,85.48600115940094,8.397627496992005,6.116371343607083,14.51399884059909,1088,1362.3567312162304,792,574.1132931106962,946,1696.3201041110958,0.0,0,unwarned,False,,0,-1.4117981502482246,,False,False,False
joint_7slots,joint,7,bp_repeat:control->pitch|brake_resistor_chp:pitch->brake_hydraulic|cms_drivetrain:comms->drivetrain|current_asymmetry:converter->generator|wec_shut_down:control->manual|no_speed_development:control->pitch|cable_overload:converter->electrical,stop:Repeating error BP52->pitch|warning:Repeating error BP 0->pitch|warning:Error brake resistor CHP->brake_hydraulic|warning:Comm.err. IEC server <- CMS drive tr.->drivetrain|warning:Comm.err. IEC client -> CMS drive tr.->drivetrain|warning:CMS drive train system error->drivetrain|stop:Current asymmetry->generator|stop:WEC shut down->manual|stop:No speed development->pitch|warning:Cable overload->electrical,4213,9386.501584975991,85.48600115940094,8.397627496992005,6.116371343607083,14.51399884059909,1088,1362.3567312162304,792,574.1132931106962,946,1696.3201041110958,0.0,0,unwarned,False,,0,-1.4117981502482246,,False,False,False
joint_7slots,joint,7,bp_repeat:control->pitch|brake_resistor_chp:pitch->brake_hydraulic|cms_drivetrain:comms->drivetrain|current_asymmetry:converter->generator|wec_shut_down:control->manual|no_speed_development:control->pitch|high_yaw_load:yaw->external,stop:Repeating error BP52->pitch|warning:Repeating error BP 0->pitch|warning:Error brake resistor CHP->brake_hydraulic|warning:Comm.err. IEC server <- CMS drive tr.->drivetrain|warning:Comm.err. IEC client -> CMS drive tr.->drivetrain|warning:CMS drive train system error->drivetrain|stop:Current asymmetry->generator|stop:WEC shut down->manual|stop:No speed development->pitch|stop:High yaw load->external,4213,9386.501584975991,85.48600115940094,8.397627496992005,6.116371343607083,14.51399884059909,1088,1362.3567312162304,792,574.1132931106962,946,1696.3201041110958,0.0,0,unwarned,False,,0,-1.4117981502482246,,False,False,False
joint_8slots,joint,8,bp_repeat:control->pitch|brake_resistor_chp:pitch->brake_hydraulic|cms_drivetrain:comms->drivetrain|current_asymmetry:converter->generator|wec_shut_down:control->manual|no_speed_development:control->pitch|high_yaw_load:yaw->external|cable_overload:converter->electrical,stop:Repeating error BP52->pitch|warning:Repeating error BP 0->pitch|warning:Error brake resistor CHP->brake_hydraulic|warning:Comm.err. IEC server <- CMS drive tr.->drivetrain|warning:Comm.err. IEC client -> CMS drive tr.->drivetrain|warning:CMS drive train system error->drivetrain|stop:Current asymmetry->generator|stop:WEC shut down->manual|stop:No speed development->pitch|stop:High yaw load->external|warning:Cable overload->electrical,4213,9386.501584975991,85.48600115940094,8.397627496992005,6.116371343607083,14.51399884059909,1088,1362.3567312162304,792,574.1132931106962,946,1696.3201041110958,0.0,0,unwarned,False,,0,-1.4117981502482246,,False,False,False
joint_6slots,joint,6,bp_repeat:control->pitch|brake_resistor_chp:pitch->brake_hydraulic|cms_drivetrain:comms->drivetrain|current_asymmetry:converter->generator|wec_shut_down:control->manual|no_speed_development:control->brake_hydraulic,stop:Repeating error BP52->pitch|warning:Repeating error BP 0->pitch|warning:Error brake resistor CHP->brake_hydraulic|warning:Comm.err. IEC server <- CMS drive tr.->drivetrain|warning:Comm.err. IEC client -> CMS drive tr.->drivetrain|warning:CMS drive train system error->drivetrain|stop:Current asymmetry->generator|stop:WEC shut down->manual|stop:No speed development->brake_hydraulic,4213,9386.501584975991,85.48131877548158,8.399150628641566,6.1195305958768635,14.518681224518428,1090,1362.796243257034,793,574.4098363750725,946,1696.3201041110958,0.0,0,unwarned,False,,0,-1.4086388979784443,,False,False,False
joint_7slots,joint,7,bp_repeat:control->pitch|brake_resistor_chp:pitch->brake_hydraulic|cms_drivetrain:comms->drivetrain|current_asymmetry:converter->generator|wec_shut_down:control->manual|no_speed_development:control->brake_hydraulic|cable_overload:converter->electrical,stop:Repeating error BP52->pitch|warning:Repeating error BP 0->pitch|warning:Error brake resistor CHP->brake_hydraulic|warning:Comm.err. IEC server <- CMS drive tr.->drivetrain|warning:Comm.err. IEC client -> CMS drive tr.->drivetrain|warning:CMS drive train system error->drivetrain|stop:Current asymmetry->generator|stop:WEC shut down->manual|stop:No speed development->brake_hydraulic|warning:Cable overload->electrical,4213,9386.501584975991,85.48131877548158,8.399150628641566,6.1195305958768635,14.518681224518428,1090,1362.796243257034,793,574.4098363750725,946,1696.3201041110958,0.0,0,unwarned,False,,0,-1.4086388979784443,,False,False,False
joint_7slots,joint,7,bp_repeat:control->pitch|brake_resistor_chp:pitch->brake_hydraulic|cms_drivetrain:comms->drivetrain|current_asymmetry:converter->generator|wec_shut_down:control->manual|no_speed_development:control->brake_hydraulic|high_yaw_load:yaw->external,stop:Repeating error BP52->pitch|warning:Repeating error BP 0->pitch|warning:Error brake resistor CHP->brake_hydraulic|warning:Comm.err. IEC server <- CMS drive tr.->drivetrain|warning:Comm.err. IEC client -> CMS drive tr.->drivetrain|warning:CMS drive train system error->drivetrain|stop:Current asymmetry->generator|stop:WEC shut down->manual|stop:No speed development->brake_hydraulic|stop:High yaw load->external,4213,9386.501584975991,85.48131877548158,8.399150628641566,6.1195305958768635,14.518681224518428,1090,1362.796243257034,793,574.4098363750725,946,1696.3201041110958,0.0,0,unwarned,False,,0,-1.4086388979784443,,False,False,False
joint_8slots,joint,8,bp_repeat:control->pitch|brake_resistor_chp:pitch->brake_hydraulic|cms_drivetrain:comms->drivetrain|current_asymmetry:converter->generator|wec_shut_down:control->manual|no_speed_development:control->brake_hydraulic|high_yaw_load:yaw->external|cable_overload:converter->electrical,stop:Repeating error BP52->pitch|warning:Repeating error BP 0->pitch|warning:Error brake resistor CHP->brake_hydraulic|warning:Comm.err. IEC server <- CMS drive tr.->drivetrain|warning:Comm.err. IEC client -> CMS drive tr.->drivetrain|warning:CMS drive train system error->drivetrain|stop:Current asymmetry->generator|stop:WEC shut down->manual|stop:No speed development->brake_hydraulic|stop:High yaw load->external|warning:Cable overload->electrical,4213,9386.501584975991,85.48131877548158,8.399150628641566,6.1195305958768635,14.518681224518428,1090,1362.796243257034,793,574.4098363750725,946,1696.3201041110958,0.0,0,unwarned,False,,0,-1.4086388979784443,,False,False,False
joint_3slots,joint,3,bp_repeat:control->pitch|brake_resistor_chp:pitch->brake_hydraulic|time_sync:external->control,stop:Repeating error BP52->pitch|warning:Repeating error BP 0->pitch|warning:Error brake resistor CHP->brake_hydraulic|warning:Check time synchronization->control|warning:Time sync. failed (SNTP error)->control,4213,9386.501584975991,83.36663052053106,8.39674713521554,8.236622344253416,16.633369479468954,1074,1561.2914898252661,782,773.1306868918334,977,1741.3485003248225,0.0,0,actionable_unacted,True,46.393055555555556,3,0.7084528503981078,,False,False,False
joint_4slots,joint,4,bp_repeat:control->pitch|brake_resistor_chp:pitch->brake_hydraulic|time_sync:external->control|cable_overload:converter->electrical,stop:Repeating error BP52->pitch|warning:Repeating error BP 0->pitch|warning:Error brake resistor CHP->brake_hydraulic|warning:Check time synchronization->control|warning:Time sync. failed (SNTP error)->control|warning:Cable overload->electrical,4213,9386.501584975991,83.36663052053106,8.39674713521554,8.236622344253416,16.633369479468954,1074,1561.2914898252661,782,773.1306868918334,977,1741.3485003248225,0.0,0,actionable_unacted,True,46.393055555555556,3,0.7084528503981078,,False,False,False
joint_4slots,joint,4,bp_repeat:control->pitch|brake_resistor_chp:pitch->brake_hydraulic|time_sync:external->control|high_yaw_load:yaw->external,stop:Repeating error BP52->pitch|warning:Repeating error BP 0->pitch|warning:Error brake resistor CHP->brake_hydraulic|warning:Check time synchronization->control|warning:Time sync. failed (SNTP error)->control|stop:High yaw load->external,4213,9386.501584975991,83.36663052053106,8.39674713521554,8.236622344253416,16.633369479468954,1074,1561.2914898252661,782,773.1306868918334,977,1741.3485003248225,0.0,0,actionable_unacted,True,46.393055555555556,3,0.7084528503981078,,False,False,False
joint_5slots,joint,5,bp_repeat:control->pitch|brake_resistor_chp:pitch->brake_hydraulic|time_sync:external->control|high_yaw_load:yaw->external|cable_overload:converter->electrical,stop:Repeating error BP52->pitch|warning:Repeating error BP 0->pitch|warning:Error brake resistor CHP->brake_hydraulic|warning:Check time synchronization->control|warning:Time sync. failed (SNTP error)->control|stop:High yaw load->external|warning:Cable overload->electrical,4213,9386.501584975991,83.36663052053106,8.39674713521554,8.236622344253416,16.633369479468954,1074,1561.2914898252661,782,773.1306868918334,977,1741.3485003248225,0.0,0,actionable_unacted,True,46.393055555555556,3,0.7084528503981078,,False,False,False
joint_4slots,joint,4,bp_repeat:control->pitch|brake_resistor_chp:pitch->brake_hydraulic|time_sync:external->control|no_speed_development:control->pitch,stop:Repeating error BP52->pitch|warning:Repeating error BP 0->pitch|warning:Error brake resistor CHP->brake_hydraulic|warning:Check time synchronization->control|warning:Time sync. failed (SNTP error)->control|stop:No speed development->pitch,4213,9386.501584975991,83.2816361676179,8.39674713521554,8.32161669716657,16.718363832382106,1075,1569.2694861085993,783,781.1086831751668,977,1741.3485003248225,0.0,0,actionable_unacted,True,46.393055555555556,3,0.7934472033112625,,False,False,False
joint_5slots,joint,5,bp_repeat:control->pitch|brake_resistor_chp:pitch->brake_hydraulic|time_sync:external->control|no_speed_development:control->pitch|cable_overload:converter->electrical,stop:Repeating error BP52->pitch|warning:Repeating error BP 0->pitch|warning:Error brake resistor CHP->brake_hydraulic|warning:Check time synchronization->control|warning:Time sync. failed (SNTP error)->control|stop:No speed development->pitch|warning:Cable overload->electrical,4213,9386.501584975991,83.2816361676179,8.39674713521554,8.32161669716657,16.718363832382106,1075,1569.2694861085993,783,781.1086831751668,977,1741.3485003248225,0.0,0,actionable_unacted,True,46.393055555555556,3,0.7934472033112625,,False,False,False
joint_5slots,joint,5,bp_repeat:control->pitch|brake_resistor_chp:pitch->brake_hydraulic|time_sync:external->control|no_speed_development:control->pitch|high_yaw_load:yaw->external,stop:Repeating error BP52->pitch|warning:Repeating error BP 0->pitch|warning:Error brake resistor CHP->brake_hydraulic|warning:Check time synchronization->control|warning:Time sync. failed (SNTP error)->control|stop:No speed development->pitch|stop:High yaw load->external,4213,9386.501584975991,83.2816361676179,8.39674713521554,8.32161669716657,16.718363832382106,1075,1569.2694861085993,783,781.1086831751668,977,1741.3485003248225,0.0,0,actionable_unacted,True,46.393055555555556,3,0.7934472033112625,,False,False,False
joint_6slots,joint,6,bp_repeat:control->pitch|brake_resistor_chp:pitch->brake_hydraulic|time_sync:external->control|no_speed_development:control->pitch|high_yaw_load:yaw->external|cable_overload:converter->electrical,stop:Repeating error BP52->pitch|warning:Repeating error BP 0->pitch|warning:Error brake resistor CHP->brake_hydraulic|warning:Check time synchronization->control|warning:Time sync. failed (SNTP error)->control|stop:No speed development->pitch|stop:High yaw load->external|warning:Cable overload->electrical,4213,9386.501584975991,83.2816361676179,8.39674713521554,8.32161669716657,16.718363832382106,1075,1569.2694861085993,783,781.1086831751668,977,1741.3485003248225,0.0,0,actionable_unacted,True,46.393055555555556,3,0.7934472033112625,,False,False,False
joint_4slots,joint,4,bp_repeat:control->pitch|brake_resistor_chp:pitch->brake_hydraulic|time_sync:external->control|no_speed_development:control->brake_hydraulic,stop:Repeating error BP52->pitch|warning:Repeating error BP 0->pitch|warning:Error brake resistor CHP->brake_hydraulic|warning:Check time synchronization->control|warning:Time sync. failed (SNTP error)->control|stop:No speed development->brake_hydraulic,4213,9386.501584975991,83.27695378369856,8.3982702668651,8.32477594943635,16.72304621630145,1077,1569.7089981494032,784,781.4052264395432,977,1741.3485003248225,0.0,0,actionable_unacted,True,46.393055555555556,3,0.7966064555810428,,False,False,False
joint_5slots,joint,5,bp_repeat:control->pitch|brake_resistor_chp:pitch->brake_hydraulic|time_sync:external->control|no_speed_development:control->brake_hydraulic|cable_overload:converter->electrical,stop:Repeating error BP52->pitch|warning:Repeating error BP 0->pitch|warning:Error brake resistor CHP->brake_hydraulic|warning:Check time synchronization->control|warning:Time sync. failed (SNTP error)->control|stop:No speed development->brake_hydraulic|warning:Cable overload->electrical,4213,9386.501584975991,83.27695378369856,8.3982702668651,8.32477594943635,16.72304621630145,1077,1569.7089981494032,784,781.4052264395432,977,1741.3485003248225,0.0,0,actionable_unacted,True,46.393055555555556,3,0.7966064555810428,,False,False,False
joint_5slots,joint,5,bp_repeat:control->pitch|brake_resistor_chp:pitch->brake_hydraulic|time_sync:external->control|no_speed_development:control->brake_hydraulic|high_yaw_load:yaw->external,stop:Repeating error BP52->pitch|warning:Repeating error BP 0->pitch|warning:Error brake resistor CHP->brake_hydraulic|warning:Check time synchronization->control|warning:Time sync. failed (SNTP error)->control|stop:No speed development->brake_hydraulic|stop:High yaw load->external,4213,9386.501584975991,83.27695378369856,8.3982702668651,8.32477594943635,16.72304621630145,1077,1569.7089981494032,784,781.4052264395432,977,1741.3485003248225,0.0,0,actionable_unacted,True,46.393055555555556,3,0.7966064555810428,,False,False,False
joint_6slots,joint,6,bp_repeat:control->pitch|brake_resistor_chp:pitch->brake_hydraulic|time_sync:external->control|no_speed_development:control->brake_hydraulic|high_yaw_load:yaw->external|cable_overload:converter->electrical,stop:Repeating error BP52->pitch|warning:Repeating error BP 0->pitch|warning:Error brake resistor CHP->brake_hydraulic|warning:Check time synchronization->control|warning:Time sync. failed (SNTP error)->control|stop:No speed development->brake_hydraulic|stop:High yaw load->external|warning:Cable overload->electrical,4213,9386.501584975991,83.27695378369856,8.3982702668651,8.32477594943635,16.72304621630145,1077,1569.7089981494032,784,781.4052264395432,977,1741.3485003248225,0.0,0,actionable_unacted,True,46.393055555555556,3,0.7966064555810428,,False,False,False
joint_4slots,joint,4,bp_repeat:control->pitch|brake_resistor_chp:pitch->brake_hydraulic|time_sync:external->control|wec_shut_down:control->manual,stop:Repeating error BP52->pitch|warning:Repeating error BP 0->pitch|warning:Error brake resistor CHP->brake_hydraulic|warning:Check time synchronization->control|warning:Time sync. failed (SNTP error)->control|stop:WEC shut down->manual,4213,9386.501584975991,85.60548053712354,8.39674713521554,5.99777232766093,14.39451946287647,1073,1351.1417975325774,781,562.9809945991447,977,1741.3485003248225,0.0,0,unwarned,False,,0,-1.530397166194378,,False,False,False
joint_5slots,joint,5,bp_repeat:control->pitch|brake_resistor_chp:pitch->brake_hydraulic|time_sync:external->control|wec_shut_down:control->manual|cable_overload:converter->electrical,stop:Repeating error BP52->pitch|warning:Repeating error BP 0->pitch|warning:Error brake resistor CHP->brake_hydraulic|warning:Check time synchronization->control|warning:Time sync. failed (SNTP error)->control|stop:WEC shut down->manual|warning:Cable overload->electrical,4213,9386.501584975991,85.60548053712354,8.39674713521554,5.99777232766093,14.39451946287647,1073,1351.1417975325774,781,562.9809945991447,977,1741.3485003248225,0.0,0,unwarned,False,,0,-1.530397166194378,,False,False,False
joint_5slots,joint,5,bp_repeat:control->pitch|brake_resistor_chp:pitch->brake_hydraulic|time_sync:external->control|wec_shut_down:control->manual|high_yaw_load:yaw->external,stop:Repeating error BP52->pitch|warning:Repeating error BP 0->pitch|warning:Error brake resistor CHP->brake_hydraulic|warning:Check time synchronization->control|warning:Time sync. failed (SNTP error)->control|stop:WEC shut down->manual|stop:High yaw load->external,4213,9386.501584975991,85.60548053712354,8.39674713521554,5.99777232766093,14.39451946287647,1073,1351.1417975325774,781,562.9809945991447,977,1741.3485003248225,0.0,0,unwarned,False,,0,-1.530397166194378,,False,False,False
joint_6slots,joint,6,bp_repeat:control->pitch|brake_resistor_chp:pitch->brake_hydraulic|time_sync:external->control|wec_shut_down:control->manual|high_yaw_load:yaw->external|cable_overload:converter->electrical,stop:Repeating error BP52->pitch|warning:Repeating error BP 0->pitch|warning:Error brake resistor CHP->brake_hydraulic|warning:Check time synchronization->control|warning:Time sync. failed (SNTP error)->control|stop:WEC shut down->manual|stop:High yaw load->external|warning:Cable overload->electrical,4213,9386.501584975991,85.60548053712354,8.39674713521554,5.99777232766093,14.39451946287647,1073,1351.1417975325774,781,562.9809945991447,977,1741.3485003248225,0.0,0,unwarned,False,,0,-1.530397166194378,,False,False,False
joint_5slots,joint,5,bp_repeat:control->pitch|brake_resistor_chp:pitch->brake_hydraulic|time_sync:external->control|wec_shut_down:control->manual|no_speed_development:control->pitch,stop:Repeating error BP52->pitch|warning:Repeating error BP 0->pitch|warning:Error brake resistor CHP->brake_hydraulic|warning:Check time synchronization->control|warning:Time sync. failed (SNTP error)->control|stop:WEC shut down->manual|stop:No speed development->pitch,4213,9386.501584975991,85.5204861842104,8.39674713521554,6.082766680574085,14.479513815789625,1074,1359.1197938159107,782,570.958990882478,977,1741.3485003248225,0.0,0,unwarned,False,,0,-1.4454028132812224,,False,False,False
joint_6slots,joint,6,bp_repeat:control->pitch|brake_resistor_chp:pitch->brake_hydraulic|time_sync:external->control|wec_shut_down:control->manual|no_speed_development:control->pitch|cable_overload:converter->electrical,stop:Repeating error BP52->pitch|warning:Repeating error BP 0->pitch|warning:Error brake resistor CHP->brake_hydraulic|warning:Check time synchronization->control|warning:Time sync. failed (SNTP error)->control|stop:WEC shut down->manual|stop:No speed development->pitch|warning:Cable overload->electrical,4213,9386.501584975991,85.5204861842104,8.39674713521554,6.082766680574085,14.479513815789625,1074,1359.1197938159107,782,570.958990882478,977,1741.3485003248225,0.0,0,unwarned,False,,0,-1.4454028132812224,,False,False,False
joint_6slots,joint,6,bp_repeat:control->pitch|brake_resistor_chp:pitch->brake_hydraulic|time_sync:external->control|wec_shut_down:control->manual|no_speed_development:control->pitch|high_yaw_load:yaw->external,stop:Repeating error BP52->pitch|warning:Repeating error BP 0->pitch|warning:Error brake resistor CHP->brake_hydraulic|warning:Check time synchronization->control|warning:Time sync. failed (SNTP error)->control|stop:WEC shut down->manual|stop:No speed development->pitch|stop:High yaw load->external,4213,9386.501584975991,85.5204861842104,8.39674713521554,6.082766680574085,14.479513815789625,1074,1359.1197938159107,782,570.958990882478,977,1741.3485003248225,0.0,0,unwarned,False,,0,-1.4454028132812224,,False,False,False
joint_7slots,joint,7,bp_repeat:control->pitch|brake_resistor_chp:pitch->brake_hydraulic|time_sync:external->control|wec_shut_down:control->manual|no_speed_development:control->pitch|high_yaw_load:yaw->external|cable_overload:converter->electrical,stop:Repeating error BP52->pitch|warning:Repeating error BP 0->pitch|warning:Error brake resistor CHP->brake_hydraulic|warning:Check time synchronization->control|warning:Time sync. failed (SNTP error)->control|stop:WEC shut down->manual|stop:No speed development->pitch|stop:High yaw load->external|warning:Cable overload->electrical,4213,9386.501584975991,85.5204861842104,8.39674713521554,6.082766680574085,14.479513815789625,1074,1359.1197938159107,782,570.958990882478,977,1741.3485003248225,0.0,0,unwarned,False,,0,-1.4454028132812224,,False,False,False
joint_5slots,joint,5,bp_repeat:control->pitch|brake_resistor_chp:pitch->brake_hydraulic|time_sync:external->control|wec_shut_down:control->manual|no_speed_development:control->brake_hydraulic,stop:Repeating error BP52->pitch|warning:Repeating error BP 0->pitch|warning:Error brake resistor CHP->brake_hydraulic|warning:Check time synchronization->control|warning:Time sync. failed (SNTP error)->control|stop:WEC shut down->manual|stop:No speed development->brake_hydraulic,4213,9386.501584975991,85.51580380029105,8.3982702668651,6.085925932843867,14.484196199708967,1076,1359.5593058567144,783,571.2555341468544,977,1741.3485003248225,0.0,0,unwarned,False,,0,-1.4422435610114412,,False,False,False
joint_6slots,joint,6,bp_repeat:control->pitch|brake_resistor_chp:pitch->brake_hydraulic|time_sync:external->control|wec_shut_down:control->manual|no_speed_development:control->brake_hydraulic|cable_overload:converter->electrical,stop:Repeating error BP52->pitch|warning:Repeating error BP 0->pitch|warning:Error brake resistor CHP->brake_hydraulic|warning:Check time synchronization->control|warning:Time sync. failed (SNTP error)->control|stop:WEC shut down->manual|stop:No speed development->brake_hydraulic|warning:Cable overload->electrical,4213,9386.501584975991,85.51580380029105,8.3982702668651,6.085925932843867,14.484196199708967,1076,1359.5593058567144,783,571.2555341468544,977,1741.3485003248225,0.0,0,unwarned,False,,0,-1.4422435610114412,,False,False,False
joint_6slots,joint,6,bp_repeat:control->pitch|brake_resistor_chp:pitch->brake_hydraulic|time_sync:external->control|wec_shut_down:control->manual|no_speed_development:control->brake_hydraulic|high_yaw_load:yaw->external,stop:Repeating error BP52->pitch|warning:Repeating error BP 0->pitch|warning:Error brake resistor CHP->brake_hydraulic|warning:Check time synchronization->control|warning:Time sync. failed (SNTP error)->control|stop:WEC shut down->manual|stop:No speed development->brake_hydraulic|stop:High yaw load->external,4213,9386.501584975991,85.51580380029105,8.3982702668651,6.085925932843867,14.484196199708967,1076,1359.5593058567144,783,571.2555341468544,977,1741.3485003248225,0.0,0,unwarned,False,,0,-1.4422435610114412,,False,False,False
joint_7slots,joint,7,bp_repeat:control->pitch|brake_resistor_chp:pitch->brake_hydraulic|time_sync:external->control|wec_shut_down:control->manual|no_speed_development:control->brake_hydraulic|high_yaw_load:yaw->external|cable_overload:converter->electrical,stop:Repeating error BP52->pitch|warning:Repeating error BP 0->pitch|warning:Error brake resistor CHP->brake_hydraulic|warning:Check time synchronization->control|warning:Time sync. failed (SNTP error)->control|stop:WEC shut down->manual|stop:No speed development->brake_hydraulic|stop:High yaw load->external|warning:Cable overload->electrical,4213,9386.501584975991,85.51580380029105,8.3982702668651,6.085925932843867,14.484196199708967,1076,1359.5593058567144,783,571.2555341468544,977,1741.3485003248225,0.0,0,unwarned,False,,0,-1.4422435610114412,,False,False,False
joint_4slots,joint,4,bp_repeat:control->pitch|brake_resistor_chp:pitch->brake_hydraulic|time_sync:external->control|current_asymmetry:converter->generator,stop:Repeating error BP52->pitch|warning:Repeating error BP 0->pitch|warning:Error brake resistor CHP->brake_hydraulic|warning:Check time synchronization->control|warning:Time sync. failed (SNTP error)->control|stop:Current asymmetry->generator,4213,9386.501584975991,83.36663052053106,8.39674713521554,8.236622344253416,16.633369479468954,1074,1561.2914898252661,782,773.1306868918334,946,1696.3201041110958,0.0,0,actionable_unacted,True,46.393055555555556,3,0.7084528503981078,,False,False,False
joint_5slots,joint,5,bp_repeat:control->pitch|brake_resistor_chp:pitch->brake_hydraulic|time_sync:external->control|current_asymmetry:converter->generator|cable_overload:converter->electrical,stop:Repeating error BP52->pitch|warning:Repeating error BP 0->pitch|warning:Error brake resistor CHP->brake_hydraulic|warning:Check time synchronization->control|warning:Time sync. failed (SNTP error)->control|stop:Current asymmetry->generator|warning:Cable overload->electrical,4213,9386.501584975991,83.36663052053106,8.39674713521554,8.236622344253416,16.633369479468954,1074,1561.2914898252661,782,773.1306868918334,946,1696.3201041110958,0.0,0,actionable_unacted,True,46.393055555555556,3,0.7084528503981078,,False,False,False
joint_5slots,joint,5,bp_repeat:control->pitch|brake_resistor_chp:pitch->brake_hydraulic|time_sync:external->control|current_asymmetry:converter->generator|high_yaw_load:yaw->external,stop:Repeating error BP52->pitch|warning:Repeating error BP 0->pitch|warning:Error brake resistor CHP->brake_hydraulic|warning:Check time synchronization->control|warning:Time sync. failed (SNTP error)->control|stop:Current asymmetry->generator|stop:High yaw load->external,4213,9386.501584975991,83.36663052053106,8.39674713521554,8.236622344253416,16.633369479468954,1074,1561.2914898252661,782,773.1306868918334,946,1696.3201041110958,0.0,0,actionable_unacted,True,46.393055555555556,3,0.7084528503981078,,False,False,False
joint_6slots,joint,6,bp_repeat:control->pitch|brake_resistor_chp:pitch->brake_hydraulic|time_sync:external->control|current_asymmetry:converter->generator|high_yaw_load:yaw->external|cable_overload:converter->electrical,stop:Repeating error BP52->pitch|warning:Repeating error BP 0->pitch|warning:Error brake resistor CHP->brake_hydraulic|warning:Check time synchronization->control|warning:Time sync. failed (SNTP error)->control|stop:Current asymmetry->generator|stop:High yaw load->external|warning:Cable overload->electrical,4213,9386.501584975991,83.36663052053106,8.39674713521554,8.236622344253416,16.633369479468954,1074,1561.2914898252661,782,773.1306868918334,946,1696.3201041110958,0.0,0,actionable_unacted,True,46.393055555555556,3,0.7084528503981078,,False,False,False
joint_5slots,joint,5,bp_repeat:control->pitch|brake_resistor_chp:pitch->brake_hydraulic|time_sync:external->control|current_asymmetry:converter->generator|no_speed_development:control->pitch,stop:Repeating error BP52->pitch|warning:Repeating error BP 0->pitch|warning:Error brake resistor CHP->brake_hydraulic|warning:Check time synchronization->control|warning:Time sync. failed (SNTP error)->control|stop:Current asymmetry->generator|stop:No speed development->pitch,4213,9386.501584975991,83.2816361676179,8.39674713521554,8.32161669716657,16.718363832382106,1075,1569.2694861085993,783,781.1086831751668,946,1696.3201041110958,0.0,0,actionable_unacted,True,46.393055555555556,3,0.7934472033112625,,False,False,False
joint_6slots,joint,6,bp_repeat:control->pitch|brake_resistor_chp:pitch->brake_hydraulic|time_sync:external->control|current_asymmetry:converter->generator|no_speed_development:control->pitch|cable_overload:converter->electrical,stop:Repeating error BP52->pitch|warning:Repeating error BP 0->pitch|warning:Error brake resistor CHP->brake_hydraulic|warning:Check time synchronization->control|warning:Time sync. failed (SNTP error)->control|stop:Current asymmetry->generator|stop:No speed development->pitch|warning:Cable overload->electrical,4213,9386.501584975991,83.2816361676179,8.39674713521554,8.32161669716657,16.718363832382106,1075,1569.2694861085993,783,781.1086831751668,946,1696.3201041110958,0.0,0,actionable_unacted,True,46.393055555555556,3,0.7934472033112625,,False,False,False
joint_6slots,joint,6,bp_repeat:control->pitch|brake_resistor_chp:pitch->brake_hydraulic|time_sync:external->control|current_asymmetry:converter->generator|no_speed_development:control->pitch|high_yaw_load:yaw->external,stop:Repeating error BP52->pitch|warning:Repeating error BP 0->pitch|warning:Error brake resistor CHP->brake_hydraulic|warning:Check time synchronization->control|warning:Time sync. failed (SNTP error)->control|stop:Current asymmetry->generator|stop:No speed development->pitch|stop:High yaw load->external,4213,9386.501584975991,83.2816361676179,8.39674713521554,8.32161669716657,16.718363832382106,1075,1569.2694861085993,783,781.1086831751668,946,1696.3201041110958,0.0,0,actionable_unacted,True,46.393055555555556,3,0.7934472033112625,,False,False,False
joint_7slots,joint,7,bp_repeat:control->pitch|brake_resistor_chp:pitch->brake_hydraulic|time_sync:external->control|current_asymmetry:converter->generator|no_speed_development:control->pitch|high_yaw_load:yaw->external|cable_overload:converter->electrical,stop:Repeating error BP52->pitch|warning:Repeating error BP 0->pitch|warning:Error brake resistor CHP->brake_hydraulic|warning:Check time synchronization->control|warning:Time sync. failed (SNTP error)->control|stop:Current asymmetry->generator|stop:No speed development->pitch|stop:High yaw load->external|warning:Cable overload->electrical,4213,9386.501584975991,83.2816361676179,8.39674713521554,8.32161669716657,16.718363832382106,1075,1569.2694861085993,783,781.1086831751668,946,1696.3201041110958,0.0,0,actionable_unacted,True,46.393055555555556,3,0.7934472033112625,,False,False,False
joint_5slots,joint,5,bp_repeat:control->pitch|brake_resistor_chp:pitch->brake_hydraulic|time_sync:external->control|current_asymmetry:converter->generator|no_speed_development:control->brake_hydraulic,stop:Repeating error BP52->pitch|warning:Repeating error BP 0->pitch|warning:Error brake resistor CHP->brake_hydraulic|warning:Check time synchronization->control|warning:Time sync. failed (SNTP error)->control|stop:Current asymmetry->generator|stop:No speed development->brake_hydraulic,4213,9386.501584975991,83.27695378369856,8.3982702668651,8.32477594943635,16.72304621630145,1077,1569.7089981494032,784,781.4052264395432,946,1696.3201041110958,0.0,0,actionable_unacted,True,46.393055555555556,3,0.7966064555810428,,False,False,False
joint_6slots,joint,6,bp_repeat:control->pitch|brake_resistor_chp:pitch->brake_hydraulic|time_sync:external->control|current_asymmetry:converter->generator|no_speed_development:control->brake_hydraulic|cable_overload:converter->electrical,stop:Repeating error BP52->pitch|warning:Repeating error BP 0->pitch|warning:Error brake resistor CHP->brake_hydraulic|warning:Check time synchronization->control|warning:Time sync. failed (SNTP error)->control|stop:Current asymmetry->generator|stop:No speed development->brake_hydraulic|warning:Cable overload->electrical,4213,9386.501584975991,83.27695378369856,8.3982702668651,8.32477594943635,16.72304621630145,1077,1569.7089981494032,784,781.4052264395432,946,1696.3201041110958,0.0,0,actionable_unacted,True,46.393055555555556,3,0.7966064555810428,,False,False,False
joint_6slots,joint,6,bp_repeat:control->pitch|brake_resistor_chp:pitch->brake_hydraulic|time_sync:external->control|current_asymmetry:converter->generator|no_speed_development:control->brake_hydraulic|high_yaw_load:yaw->external,stop:Repeating error BP52->pitch|warning:Repeating error BP 0->pitch|warning:Error brake resistor CHP->brake_hydraulic|warning:Check time synchronization->control|warning:Time sync. failed (SNTP error)->control|stop:Current asymmetry->generator|stop:No speed development->brake_hydraulic|stop:High yaw load->external,4213,9386.501584975991,83.27695378369856,8.3982702668651,8.32477594943635,16.72304621630145,1077,1569.7089981494032,784,781.4052264395432,946,1696.3201041110958,0.0,0,actionable_unacted,True,46.393055555555556,3,0.7966064555810428,,False,False,False
joint_7slots,joint,7,bp_repeat:control->pitch|brake_resistor_chp:pitch->brake_hydraulic|time_sync:external->control|current_asymmetry:converter->generator|no_speed_development:control->brake_hydraulic|high_yaw_load:yaw->external|cable_overload:converter->electrical,stop:Repeating error BP52->pitch|warning:Repeating error BP 0->pitch|warning:Error brake resistor CHP->brake_hydraulic|warning:Check time synchronization->control|warning:Time sync. failed (SNTP error)->control|stop:Current asymmetry->generator|stop:No speed development->brake_hydraulic|stop:High yaw load->external|warning:Cable overload->electrical,4213,9386.501584975991,83.27695378369856,8.3982702668651,8.32477594943635,16.72304621630145,1077,1569.7089981494032,784,781.4052264395432,946,1696.3201041110958,0.0,0,actionable_unacted,True,46.393055555555556,3,0.7966064555810428,,False,False,False
joint_5slots,joint,5,bp_repeat:control->pitch|brake_resistor_chp:pitch->brake_hydraulic|time_sync:external->control|current_asymmetry:converter->generator|wec_shut_down:control->manual,stop:Repeating error BP52->pitch|warning:Repeating error BP 0->pitch|warning:Error brake resistor CHP->brake_hydraulic|warning:Check time synchronization->control|warning:Time sync. failed (SNTP error)->control|stop:Current asymmetry->generator|stop:WEC shut down->manual,4213,9386.501584975991,85.60548053712354,8.39674713521554,5.99777232766093,14.39451946287647,1073,1351.1417975325774,781,562.9809945991447,946,1696.3201041110958,0.0,0,unwarned,False,,0,-1.530397166194378,,False,False,False
joint_6slots,joint,6,bp_repeat:control->pitch|brake_resistor_chp:pitch->brake_hydraulic|time_sync:external->control|current_asymmetry:converter->generator|wec_shut_down:control->manual|cable_overload:converter->electrical,stop:Repeating error BP52->pitch|warning:Repeating error BP 0->pitch|warning:Error brake resistor CHP->brake_hydraulic|warning:Check time synchronization->control|warning:Time sync. failed (SNTP error)->control|stop:Current asymmetry->generator|stop:WEC shut down->manual|warning:Cable overload->electrical,4213,9386.501584975991,85.60548053712354,8.39674713521554,5.99777232766093,14.39451946287647,1073,1351.1417975325774,781,562.9809945991447,946,1696.3201041110958,0.0,0,unwarned,False,,0,-1.530397166194378,,False,False,False
joint_6slots,joint,6,bp_repeat:control->pitch|brake_resistor_chp:pitch->brake_hydraulic|time_sync:external->control|current_asymmetry:converter->generator|wec_shut_down:control->manual|high_yaw_load:yaw->external,stop:Repeating error BP52->pitch|warning:Repeating error BP 0->pitch|warning:Error brake resistor CHP->brake_hydraulic|warning:Check time synchronization->control|warning:Time sync. failed (SNTP error)->control|stop:Current asymmetry->generator|stop:WEC shut down->manual|stop:High yaw load->external,4213,9386.501584975991,85.60548053712354,8.39674713521554,5.99777232766093,14.39451946287647,1073,1351.1417975325774,781,562.9809945991447,946,1696.3201041110958,0.0,0,unwarned,False,,0,-1.530397166194378,,False,False,False
joint_7slots,joint,7,bp_repeat:control->pitch|brake_resistor_chp:pitch->brake_hydraulic|time_sync:external->control|current_asymmetry:converter->generator|wec_shut_down:control->manual|high_yaw_load:yaw->external|cable_overload:converter->electrical,stop:Repeating error BP52->pitch|warning:Repeating error BP 0->pitch|warning:Error brake resistor CHP->brake_hydraulic|warning:Check time synchronization->control|warning:Time sync. failed (SNTP error)->control|stop:Current asymmetry->generator|stop:WEC shut down->manual|stop:High yaw load->external|warning:Cable overload->electrical,4213,9386.501584975991,85.60548053712354,8.39674713521554,5.99777232766093,14.39451946287647,1073,1351.1417975325774,781,562.9809945991447,946,1696.3201041110958,0.0,0,unwarned,False,,0,-1.530397166194378,,False,False,False
joint_6slots,joint,6,bp_repeat:control->pitch|brake_resistor_chp:pitch->brake_hydraulic|time_sync:external->control|current_asymmetry:converter->generator|wec_shut_down:control->manual|no_speed_development:control->pitch,stop:Repeating error BP52->pitch|warning:Repeating error BP 0->pitch|warning:Error brake resistor CHP->brake_hydraulic|warning:Check time synchronization->control|warning:Time sync. failed (SNTP error)->control|stop:Current asymmetry->generator|stop:WEC shut down->manual|stop:No speed development->pitch,4213,9386.501584975991,85.5204861842104,8.39674713521554,6.082766680574085,14.479513815789625,1074,1359.1197938159107,782,570.958990882478,946,1696.3201041110958,0.0,0,unwarned,False,,0,-1.4454028132812224,,False,False,False
joint_7slots,joint,7,bp_repeat:control->pitch|brake_resistor_chp:pitch->brake_hydraulic|time_sync:external->control|current_asymmetry:converter->generator|wec_shut_down:control->manual|no_speed_development:control->pitch|cable_overload:converter->electrical,stop:Repeating error BP52->pitch|warning:Repeating error BP 0->pitch|warning:Error brake resistor CHP->brake_hydraulic|warning:Check time synchronization->control|warning:Time sync. failed (SNTP error)->control|stop:Current asymmetry->generator|stop:WEC shut down->manual|stop:No speed development->pitch|warning:Cable overload->electrical,4213,9386.501584975991,85.5204861842104,8.39674713521554,6.082766680574085,14.479513815789625,1074,1359.1197938159107,782,570.958990882478,946,1696.3201041110958,0.0,0,unwarned,False,,0,-1.4454028132812224,,False,False,False
joint_7slots,joint,7,bp_repeat:control->pitch|brake_resistor_chp:pitch->brake_hydraulic|time_sync:external->control|current_asymmetry:converter->generator|wec_shut_down:control->manual|no_speed_development:control->pitch|high_yaw_load:yaw->external,stop:Repeating error BP52->pitch|warning:Repeating error BP 0->pitch|warning:Error brake resistor CHP->brake_hydraulic|warning:Check time synchronization->control|warning:Time sync. failed (SNTP error)->control|stop:Current asymmetry->generator|stop:WEC shut down->manual|stop:No speed development->pitch|stop:High yaw load->external,4213,9386.501584975991,85.5204861842104,8.39674713521554,6.082766680574085,14.479513815789625,1074,1359.1197938159107,782,570.958990882478,946,1696.3201041110958,0.0,0,unwarned,False,,0,-1.4454028132812224,,False,False,False
joint_8slots,joint,8,bp_repeat:control->pitch|brake_resistor_chp:pitch->brake_hydraulic|time_sync:external->control|current_asymmetry:converter->generator|wec_shut_down:control->manual|no_speed_development:control->pitch|high_yaw_load:yaw->external|cable_overload:converter->electrical,stop:Repeating error BP52->pitch|warning:Repeating error BP 0->pitch|warning:Error brake resistor CHP->brake_hydraulic|warning:Check time synchronization->control|warning:Time sync. failed (SNTP error)->control|stop:Current asymmetry->generator|stop:WEC shut down->manual|stop:No speed development->pitch|stop:High yaw load->external|warning:Cable overload->electrical,4213,9386.501584975991,85.5204861842104,8.39674713521554,6.082766680574085,14.479513815789625,1074,1359.1197938159107,782,570.958990882478,946,1696.3201041110958,0.0,0,unwarned,False,,0,-1.4454028132812224,,False,False,False
joint_6slots,joint,6,bp_repeat:control->pitch|brake_resistor_chp:pitch->brake_hydraulic|time_sync:external->control|current_asymmetry:converter->generator|wec_shut_down:control->manual|no_speed_development:control->brake_hydraulic,stop:Repeating error BP52->pitch|warning:Repeating error BP 0->pitch|warning:Error brake resistor CHP->brake_hydraulic|warning:Check time synchronization->control|warning:Time sync. failed (SNTP error)->control|stop:Current asymmetry->generator|stop:WEC shut down->manual|stop:No speed development->brake_hydraulic,4213,9386.501584975991,85.51580380029105,8.3982702668651,6.085925932843867,14.484196199708967,1076,1359.5593058567144,783,571.2555341468544,946,1696.3201041110958,0.0,0,unwarned,False,,0,-1.4422435610114412,,False,False,False
joint_7slots,joint,7,bp_repeat:control->pitch|brake_resistor_chp:pitch->brake_hydraulic|time_sync:external->control|current_asymmetry:converter->generator|wec_shut_down:control->manual|no_speed_development:control->brake_hydraulic|cable_overload:converter->electrical,stop:Repeating error BP52->pitch|warning:Repeating error BP 0->pitch|warning:Error brake resistor CHP->brake_hydraulic|warning:Check time synchronization->control|warning:Time sync. failed (SNTP error)->control|stop:Current asymmetry->generator|stop:WEC shut down->manual|stop:No speed development->brake_hydraulic|warning:Cable overload->electrical,4213,9386.501584975991,85.51580380029105,8.3982702668651,6.085925932843867,14.484196199708967,1076,1359.5593058567144,783,571.2555341468544,946,1696.3201041110958,0.0,0,unwarned,False,,0,-1.4422435610114412,,False,False,False
joint_7slots,joint,7,bp_repeat:control->pitch|brake_resistor_chp:pitch->brake_hydraulic|time_sync:external->control|current_asymmetry:converter->generator|wec_shut_down:control->manual|no_speed_development:control->brake_hydraulic|high_yaw_load:yaw->external,stop:Repeating error BP52->pitch|warning:Repeating error BP 0->pitch|warning:Error brake resistor CHP->brake_hydraulic|warning:Check time synchronization->control|warning:Time sync. failed (SNTP error)->control|stop:Current asymmetry->generator|stop:WEC shut down->manual|stop:No speed development->brake_hydraulic|stop:High yaw load->external,4213,9386.501584975991,85.51580380029105,8.3982702668651,6.085925932843867,14.484196199708967,1076,1359.5593058567144,783,571.2555341468544,946,1696.3201041110958,0.0,0,unwarned,False,,0,-1.4422435610114412,,False,False,False
joint_8slots,joint,8,bp_repeat:control->pitch|brake_resistor_chp:pitch->brake_hydraulic|time_sync:external->control|current_asymmetry:converter->generator|wec_shut_down:control->manual|no_speed_development:control->brake_hydraulic|high_yaw_load:yaw->external|cable_overload:converter->electrical,stop:Repeating error BP52->pitch|warning:Repeating error BP 0->pitch|warning:Error brake resistor CHP->brake_hydraulic|warning:Check time synchronization->control|warning:Time sync. failed (SNTP error)->control|stop:Current asymmetry->generator|stop:WEC shut down->manual|stop:No speed development->brake_hydraulic|stop:High yaw load->external|warning:Cable overload->electrical,4213,9386.501584975991,85.51580380029105,8.3982702668651,6.085925932843867,14.484196199708967,1076,1359.5593058567144,783,571.2555341468544,946,1696.3201041110958,0.0,0,unwarned,False,,0,-1.4422435610114412,,False,False,False
joint_4slots,joint,4,bp_repeat:control->pitch|brake_resistor_chp:pitch->brake_hydraulic|time_sync:external->control|cms_drivetrain:comms->drivetrain,stop:Repeating error BP52->pitch|warning:Repeating error BP 0->pitch|warning:Error brake resistor CHP->brake_hydraulic|warning:Check time synchronization->control|warning:Time sync. failed (SNTP error)->control|warning:Comm.err. IEC server <- CMS drive tr.->drivetrain|warning:Comm.err. IEC client -> CMS drive tr.->drivetrain|warning:CMS drive train system error->drivetrain,4213,9386.501584975991,83.33214549572159,8.397627496992005,8.270227007286413,16.66785450427842,1088,1564.5284272255858,792,776.2849891200517,977,1741.3485003248225,0.0,0,actionable_unacted,True,46.393055555555556,3,0.7420575134311056,,False,False,False
joint_5slots,joint,5,bp_repeat:control->pitch|brake_resistor_chp:pitch->brake_hydraulic|time_sync:external->control|cms_drivetrain:comms->drivetrain|cable_overload:converter->electrical,stop:Repeating error BP52->pitch|warning:Repeating error BP 0->pitch|warning:Error brake resistor CHP->brake_hydraulic|warning:Check time synchronization->control|warning:Time sync. failed (SNTP error)->control|warning:Comm.err. IEC server <- CMS drive tr.->drivetrain|warning:Comm.err. IEC client -> CMS drive tr.->drivetrain|warning:CMS drive train system error->drivetrain|warning:Cable overload->electrical,4213,9386.501584975991,83.33214549572159,8.397627496992005,8.270227007286413,16.66785450427842,1088,1564.5284272255858,792,776.2849891200517,977,1741.3485003248225,0.0,0,actionable_unacted,True,46.393055555555556,3,0.7420575134311056,,False,False,False
joint_5slots,joint,5,bp_repeat:control->pitch|brake_resistor_chp:pitch->brake_hydraulic|time_sync:external->control|cms_drivetrain:comms->drivetrain|high_yaw_load:yaw->external,stop:Repeating error BP52->pitch|warning:Repeating error BP 0->pitch|warning:Error brake resistor CHP->brake_hydraulic|warning:Check time synchronization->control|warning:Time sync. failed (SNTP error)->control|warning:Comm.err. IEC server <- CMS drive tr.->drivetrain|warning:Comm.err. IEC client -> CMS drive tr.->drivetrain|warning:CMS drive train system error->drivetrain|stop:High yaw load->external,4213,9386.501584975991,83.33214549572159,8.397627496992005,8.270227007286413,16.66785450427842,1088,1564.5284272255858,792,776.2849891200517,977,1741.3485003248225,0.0,0,actionable_unacted,True,46.393055555555556,3,0.7420575134311056,,False,False,False
joint_6slots,joint,6,bp_repeat:control->pitch|brake_resistor_chp:pitch->brake_hydraulic|time_sync:external->control|cms_drivetrain:comms->drivetrain|high_yaw_load:yaw->external|cable_overload:converter->electrical,stop:Repeating error BP52->pitch|warning:Repeating error BP 0->pitch|warning:Error brake resistor CHP->brake_hydraulic|warning:Check time synchronization->control|warning:Time sync. failed (SNTP error)->control|warning:Comm.err. IEC server <- CMS drive tr.->drivetrain|warning:Comm.err. IEC client -> CMS drive tr.->drivetrain|warning:CMS drive train system error->drivetrain|stop:High yaw load->external|warning:Cable overload->electrical,4213,9386.501584975991,83.33214549572159,8.397627496992005,8.270227007286413,16.66785450427842,1088,1564.5284272255858,792,776.2849891200517,977,1741.3485003248225,0.0,0,actionable_unacted,True,46.393055555555556,3,0.7420575134311056,,False,False,False
joint_5slots,joint,5,bp_repeat:control->pitch|brake_resistor_chp:pitch->brake_hydraulic|time_sync:external->control|cms_drivetrain:comms->drivetrain|no_speed_development:control->pitch,stop:Repeating error BP52->pitch|warning:Repeating error BP 0->pitch|warning:Error brake resistor CHP->brake_hydraulic|warning:Check time synchronization->control|warning:Time sync. failed (SNTP error)->control|warning:Comm.err. IEC server <- CMS drive tr.->drivetrain|warning:Comm.err. IEC client -> CMS drive tr.->drivetrain|warning:CMS drive train system error->drivetrain|stop:No speed development->pitch,4213,9386.501584975991,83.24715114280845,8.397627496992005,8.355221360199566,16.75284885719157,1089,1572.506423508919,793,784.2629854033848,977,1741.3485003248225,0.0,0,actionable_unacted,True,46.393055555555556,3,0.8270518663442585,,False,False,False
joint_6slots,joint,6,bp_repeat:control->pitch|brake_resistor_chp:pitch->brake_hydraulic|time_sync:external->control|cms_drivetrain:comms->drivetrain|no_speed_development:control->pitch|cable_overload:converter->electrical,stop:Repeating error BP52->pitch|warning:Repeating error BP 0->pitch|warning:Error brake resistor CHP->brake_hydraulic|warning:Check time synchronization->control|warning:Time sync. failed (SNTP error)->control|warning:Comm.err. IEC server <- CMS drive tr.->drivetrain|warning:Comm.err. IEC client -> CMS drive tr.->drivetrain|warning:CMS drive train system error->drivetrain|stop:No speed development->pitch|warning:Cable overload->electrical,4213,9386.501584975991,83.24715114280845,8.397627496992005,8.355221360199566,16.75284885719157,1089,1572.506423508919,793,784.2629854033848,977,1741.3485003248225,0.0,0,actionable_unacted,True,46.393055555555556,3,0.8270518663442585,,False,False,False
joint_6slots,joint,6,bp_repeat:control->pitch|brake_resistor_chp:pitch->brake_hydraulic|time_sync:external->control|cms_drivetrain:comms->drivetrain|no_speed_development:control->pitch|high_yaw_load:yaw->external,stop:Repeating error BP52->pitch|warning:Repeating error BP 0->pitch|warning:Error brake resistor CHP->brake_hydraulic|warning:Check time synchronization->control|warning:Time sync. failed (SNTP error)->control|warning:Comm.err. IEC server <- CMS drive tr.->drivetrain|warning:Comm.err. IEC client -> CMS drive tr.->drivetrain|warning:CMS drive train system error->drivetrain|stop:No speed development->pitch|stop:High yaw load->external,4213,9386.501584975991,83.24715114280845,8.397627496992005,8.355221360199566,16.75284885719157,1089,1572.506423508919,793,784.2629854033848,977,1741.3485003248225,0.0,0,actionable_unacted,True,46.393055555555556,3,0.8270518663442585,,False,False,False
joint_7slots,joint,7,bp_repeat:control->pitch|brake_resistor_chp:pitch->brake_hydraulic|time_sync:external->control|cms_drivetrain:comms->drivetrain|no_speed_development:control->pitch|high_yaw_load:yaw->external|cable_overload:converter->electrical,stop:Repeating error BP52->pitch|warning:Repeating error BP 0->pitch|warning:Error brake resistor CHP->brake_hydraulic|warning:Check time synchronization->control|warning:Time sync. failed (SNTP error)->control|warning:Comm.err. IEC server <- CMS drive tr.->drivetrain|warning:Comm.err. IEC client -> CMS drive tr.->drivetrain|warning:CMS drive train system error->drivetrain|stop:No speed development->pitch|stop:High yaw load->external|warning:Cable overload->electrical,4213,9386.501584975991,83.24715114280845,8.397627496992005,8.355221360199566,16.75284885719157,1089,1572.506423508919,793,784.2629854033848,977,1741.3485003248225,0.0,0,actionable_unacted,True,46.393055555555556,3,0.8270518663442585,,False,False,False
joint_5slots,joint,5,bp_repeat:control->pitch|brake_resistor_chp:pitch->brake_hydraulic|time_sync:external->control|cms_drivetrain:comms->drivetrain|no_speed_development:control->brake_hydraulic,stop:Repeating error BP52->pitch|warning:Repeating error BP 0->pitch|warning:Error brake resistor CHP->brake_hydraulic|warning:Check time synchronization->control|warning:Time sync. failed (SNTP error)->control|warning:Comm.err. IEC server <- CMS drive tr.->drivetrain|warning:Comm.err. IEC client -> CMS drive tr.->drivetrain|warning:CMS drive train system error->drivetrain|stop:No speed development->brake_hydraulic,4213,9386.501584975991,83.24246875888909,8.399150628641566,8.358380612469347,16.757531241110915,1091,1572.945935549723,794,784.5595286677612,977,1741.3485003248225,0.0,0,actionable_unacted,True,46.393055555555556,3,0.8302111186140388,,False,False,False
joint_6slots,joint,6,bp_repeat:control->pitch|brake_resistor_chp:pitch->brake_hydraulic|time_sync:external->control|cms_drivetrain:comms->drivetrain|no_speed_development:control->brake_hydraulic|cable_overload:converter->electrical,stop:Repeating error BP52->pitch|warning:Repeating error BP 0->pitch|warning:Error brake resistor CHP->brake_hydraulic|warning:Check time synchronization->control|warning:Time sync. failed (SNTP error)->control|warning:Comm.err. IEC server <- CMS drive tr.->drivetrain|warning:Comm.err. IEC client -> CMS drive tr.->drivetrain|warning:CMS drive train system error->drivetrain|stop:No speed development->brake_hydraulic|warning:Cable overload->electrical,4213,9386.501584975991,83.24246875888909,8.399150628641566,8.358380612469347,16.757531241110915,1091,1572.945935549723,794,784.5595286677612,977,1741.3485003248225,0.0,0,actionable_unacted,True,46.393055555555556,3,0.8302111186140388,,False,False,False
joint_6slots,joint,6,bp_repeat:control->pitch|brake_resistor_chp:pitch->brake_hydraulic|time_sync:external->control|cms_drivetrain:comms->drivetrain|no_speed_development:control->brake_hydraulic|high_yaw_load:yaw->external,stop:Repeating error BP52->pitch|warning:Repeating error BP 0->pitch|warning:Error brake resistor CHP->brake_hydraulic|warning:Check time synchronization->control|warning:Time sync. failed (SNTP error)->control|warning:Comm.err. IEC server <- CMS drive tr.->drivetrain|warning:Comm.err. IEC client -> CMS drive tr.->drivetrain|warning:CMS drive train system error->drivetrain|stop:No speed development->brake_hydraulic|stop:High yaw load->external,4213,9386.501584975991,83.24246875888909,8.399150628641566,8.358380612469347,16.757531241110915,1091,1572.945935549723,794,784.5595286677612,977,1741.3485003248225,0.0,0,actionable_unacted,True,46.393055555555556,3,0.8302111186140388,,False,False,False
joint_7slots,joint,7,bp_repeat:control->pitch|brake_resistor_chp:pitch->brake_hydraulic|time_sync:external->control|cms_drivetrain:comms->drivetrain|no_speed_development:control->brake_hydraulic|high_yaw_load:yaw->external|cable_overload:converter->electrical,stop:Repeating error BP52->pitch|warning:Repeating error BP 0->pitch|warning:Error brake resistor CHP->brake_hydraulic|warning:Check time synchronization->control|warning:Time sync. failed (SNTP error)->control|warning:Comm.err. IEC server <- CMS drive tr.->drivetrain|warning:Comm.err. IEC client -> CMS drive tr.->drivetrain|warning:CMS drive train system error->drivetrain|stop:No speed development->brake_hydraulic|stop:High yaw load->external|warning:Cable overload->electrical,4213,9386.501584975991,83.24246875888909,8.399150628641566,8.358380612469347,16.757531241110915,1091,1572.945935549723,794,784.5595286677612,977,1741.3485003248225,0.0,0,actionable_unacted,True,46.393055555555556,3,0.8302111186140388,,False,False,False
joint_5slots,joint,5,bp_repeat:control->pitch|brake_resistor_chp:pitch->brake_hydraulic|time_sync:external->control|cms_drivetrain:comms->drivetrain|wec_shut_down:control->manual,stop:Repeating error BP52->pitch|warning:Repeating error BP 0->pitch|warning:Error brake resistor CHP->brake_hydraulic|warning:Check time synchronization->control|warning:Time sync. failed (SNTP error)->control|warning:Comm.err. IEC server <- CMS drive tr.->drivetrain|warning:Comm.err. IEC client -> CMS drive tr.->drivetrain|warning:CMS drive train system error->drivetrain|stop:WEC shut down->manual,4213,9386.501584975991,85.57099551231407,8.397627496992005,6.0313769906939285,14.429004487685935,1087,1354.3787349328973,791,566.1352968273628,977,1741.3485003248225,0.0,0,unwarned,False,,0,-1.4967925031613794,,False,False,False
joint_6slots,joint,6,bp_repeat:control->pitch|brake_resistor_chp:pitch->brake_hydraulic|time_sync:external->control|cms_drivetrain:comms->drivetrain|wec_shut_down:control->manual|cable_overload:converter->electrical,stop:Repeating error BP52->pitch|warning:Repeating error BP 0->pitch|warning:Error brake resistor CHP->brake_hydraulic|warning:Check time synchronization->control|warning:Time sync. failed (SNTP error)->control|warning:Comm.err. IEC server <- CMS drive tr.->drivetrain|warning:Comm.err. IEC client -> CMS drive tr.->drivetrain|warning:CMS drive train system error->drivetrain|stop:WEC shut down->manual|warning:Cable overload->electrical,4213,9386.501584975991,85.57099551231407,8.397627496992005,6.0313769906939285,14.429004487685935,1087,1354.3787349328973,791,566.1352968273628,977,1741.3485003248225,0.0,0,unwarned,False,,0,-1.4967925031613794,,False,False,False
joint_6slots,joint,6,bp_repeat:control->pitch|brake_resistor_chp:pitch->brake_hydraulic|time_sync:external->control|cms_drivetrain:comms->drivetrain|wec_shut_down:control->manual|high_yaw_load:yaw->external,stop:Repeating error BP52->pitch|warning:Repeating error BP 0->pitch|warning:Error brake resistor CHP->brake_hydraulic|warning:Check time synchronization->control|warning:Time sync. failed (SNTP error)->control|warning:Comm.err. IEC server <- CMS drive tr.->drivetrain|warning:Comm.err. IEC client -> CMS drive tr.->drivetrain|warning:CMS drive train system error->drivetrain|stop:WEC shut down->manual|stop:High yaw load->external,4213,9386.501584975991,85.57099551231407,8.397627496992005,6.0313769906939285,14.429004487685935,1087,1354.3787349328973,791,566.1352968273628,977,1741.3485003248225,0.0,0,unwarned,False,,0,-1.4967925031613794,,False,False,False
joint_7slots,joint,7,bp_repeat:control->pitch|brake_resistor_chp:pitch->brake_hydraulic|time_sync:external->control|cms_drivetrain:comms->drivetrain|wec_shut_down:control->manual|high_yaw_load:yaw->external|cable_overload:converter->electrical,stop:Repeating error BP52->pitch|warning:Repeating error BP 0->pitch|warning:Error brake resistor CHP->brake_hydraulic|warning:Check time synchronization->control|warning:Time sync. failed (SNTP error)->control|warning:Comm.err. IEC server <- CMS drive tr.->drivetrain|warning:Comm.err. IEC client -> CMS drive tr.->drivetrain|warning:CMS drive train system error->drivetrain|stop:WEC shut down->manual|stop:High yaw load->external|warning:Cable overload->electrical,4213,9386.501584975991,85.57099551231407,8.397627496992005,6.0313769906939285,14.429004487685935,1087,1354.3787349328973,791,566.1352968273628,977,1741.3485003248225,0.0,0,unwarned,False,,0,-1.4967925031613794,,False,False,False
joint_6slots,joint,6,bp_repeat:control->pitch|brake_resistor_chp:pitch->brake_hydraulic|time_sync:external->control|cms_drivetrain:comms->drivetrain|wec_shut_down:control->manual|no_speed_development:control->pitch,stop:Repeating error BP52->pitch|warning:Repeating error BP 0->pitch|warning:Error brake resistor CHP->brake_hydraulic|warning:Check time synchronization->control|warning:Time sync. failed (SNTP error)->control|warning:Comm.err. IEC server <- CMS drive tr.->drivetrain|warning:Comm.err. IEC client -> CMS drive tr.->drivetrain|warning:CMS drive train system error->drivetrain|stop:WEC shut down->manual|stop:No speed development->pitch,4213,9386.501584975991,85.48600115940094,8.397627496992005,6.116371343607083,14.51399884059909,1088,1362.3567312162304,792,574.1132931106962,977,1741.3485003248225,0.0,0,unwarned,False,,0,-1.4117981502482246,,False,False,False
joint_7slots,joint,7,bp_repeat:control->pitch|brake_resistor_chp:pitch->brake_hydraulic|time_sync:external->control|cms_drivetrain:comms->drivetrain|wec_shut_down:control->manual|no_speed_development:control->pitch|cable_overload:converter->electrical,stop:Repeating error BP52->pitch|warning:Repeating error BP 0->pitch|warning:Error brake resistor CHP->brake_hydraulic|warning:Check time synchronization->control|warning:Time sync. failed (SNTP error)->control|warning:Comm.err. IEC server <- CMS drive tr.->drivetrain|warning:Comm.err. IEC client -> CMS drive tr.->drivetrain|warning:CMS drive train system error->drivetrain|stop:WEC shut down->manual|stop:No speed development->pitch|warning:Cable overload->electrical,4213,9386.501584975991,85.48600115940094,8.397627496992005,6.116371343607083,14.51399884059909,1088,1362.3567312162304,792,574.1132931106962,977,1741.3485003248225,0.0,0,unwarned,False,,0,-1.4117981502482246,,False,False,False
joint_7slots,joint,7,bp_repeat:control->pitch|brake_resistor_chp:pitch->brake_hydraulic|time_sync:external->control|cms_drivetrain:comms->drivetrain|wec_shut_down:control->manual|no_speed_development:control->pitch|high_yaw_load:yaw->external,stop:Repeating error BP52->pitch|warning:Repeating error BP 0->pitch|warning:Error brake resistor CHP->brake_hydraulic|warning:Check time synchronization->control|warning:Time sync. failed (SNTP error)->control|warning:Comm.err. IEC server <- CMS drive tr.->drivetrain|warning:Comm.err. IEC client -> CMS drive tr.->drivetrain|warning:CMS drive train system error->drivetrain|stop:WEC shut down->manual|stop:No speed development->pitch|stop:High yaw load->external,4213,9386.501584975991,85.48600115940094,8.397627496992005,6.116371343607083,14.51399884059909,1088,1362.3567312162304,792,574.1132931106962,977,1741.3485003248225,0.0,0,unwarned,False,,0,-1.4117981502482246,,False,False,False
joint_8slots,joint,8,bp_repeat:control->pitch|brake_resistor_chp:pitch->brake_hydraulic|time_sync:external->control|cms_drivetrain:comms->drivetrain|wec_shut_down:control->manual|no_speed_development:control->pitch|high_yaw_load:yaw->external|cable_overload:converter->electrical,stop:Repeating error BP52->pitch|warning:Repeating error BP 0->pitch|warning:Error brake resistor CHP->brake_hydraulic|warning:Check time synchronization->control|warning:Time sync. failed (SNTP error)->control|warning:Comm.err. IEC server <- CMS drive tr.->drivetrain|warning:Comm.err. IEC client -> CMS drive tr.->drivetrain|warning:CMS drive train system error->drivetrain|stop:WEC shut down->manual|stop:No speed development->pitch|stop:High yaw load->external|warning:Cable overload->electrical,4213,9386.501584975991,85.48600115940094,8.397627496992005,6.116371343607083,14.51399884059909,1088,1362.3567312162304,792,574.1132931106962,977,1741.3485003248225,0.0,0,unwarned,False,,0,-1.4117981502482246,,False,False,False
joint_6slots,joint,6,bp_repeat:control->pitch|brake_resistor_chp:pitch->brake_hydraulic|time_sync:external->control|cms_drivetrain:comms->drivetrain|wec_shut_down:control->manual|no_speed_development:control->brake_hydraulic,stop:Repeating error BP52->pitch|warning:Repeating error BP 0->pitch|warning:Error brake resistor CHP->brake_hydraulic|warning:Check time synchronization->control|warning:Time sync. failed (SNTP error)->control|warning:Comm.err. IEC server <- CMS drive tr.->drivetrain|warning:Comm.err. IEC client -> CMS drive tr.->drivetrain|warning:CMS drive train system error->drivetrain|stop:WEC shut down->manual|stop:No speed development->brake_hydraulic,4213,9386.501584975991,85.48131877548158,8.399150628641566,6.1195305958768635,14.518681224518428,1090,1362.796243257034,793,574.4098363750725,977,1741.3485003248225,0.0,0,unwarned,False,,0,-1.4086388979784443,,False,False,False
joint_7slots,joint,7,bp_repeat:control->pitch|brake_resistor_chp:pitch->brake_hydraulic|time_sync:external->control|cms_drivetrain:comms->drivetrain|wec_shut_down:control->manual|no_speed_development:control->brake_hydraulic|cable_overload:converter->electrical,stop:Repeating error BP52->pitch|warning:Repeating error BP 0->pitch|warning:Error brake resistor CHP->brake_hydraulic|warning:Check time synchronization->control|warning:Time sync. failed (SNTP error)->control|warning:Comm.err. IEC server <- CMS drive tr.->drivetrain|warning:Comm.err. IEC client -> CMS drive tr.->drivetrain|warning:CMS drive train system error->drivetrain|stop:WEC shut down->manual|stop:No speed development->brake_hydraulic|warning:Cable overload->electrical,4213,9386.501584975991,85.48131877548158,8.399150628641566,6.1195305958768635,14.518681224518428,1090,1362.796243257034,793,574.4098363750725,977,1741.3485003248225,0.0,0,unwarned,False,,0,-1.4086388979784443,,False,False,False
joint_7slots,joint,7,bp_repeat:control->pitch|brake_resistor_chp:pitch->brake_hydraulic|time_sync:external->control|cms_drivetrain:comms->drivetrain|wec_shut_down:control->manual|no_speed_development:control->brake_hydraulic|high_yaw_load:yaw->external,stop:Repeating error BP52->pitch|warning:Repeating error BP 0->pitch|warning:Error brake resistor CHP->brake_hydraulic|warning:Check time synchronization->control|warning:Time sync. failed (SNTP error)->control|warning:Comm.err. IEC server <- CMS drive tr.->drivetrain|warning:Comm.err. IEC client -> CMS drive tr.->drivetrain|warning:CMS drive train system error->drivetrain|stop:WEC shut down->manual|stop:No speed development->brake_hydraulic|stop:High yaw load->external,4213,9386.501584975991,85.48131877548158,8.399150628641566,6.1195305958768635,14.518681224518428,1090,1362.796243257034,793,574.4098363750725,977,1741.3485003248225,0.0,0,unwarned,False,,0,-1.4086388979784443,,False,False,False
joint_8slots,joint,8,bp_repeat:control->pitch|brake_resistor_chp:pitch->brake_hydraulic|time_sync:external->control|cms_drivetrain:comms->drivetrain|wec_shut_down:control->manual|no_speed_development:control->brake_hydraulic|high_yaw_load:yaw->external|cable_overload:converter->electrical,stop:Repeating error BP52->pitch|warning:Repeating error BP 0->pitch|warning:Error brake resistor CHP->brake_hydraulic|warning:Check time synchronization->control|warning:Time sync. failed (SNTP error)->control|warning:Comm.err. IEC server <- CMS drive tr.->drivetrain|warning:Comm.err. IEC client -> CMS drive tr.->drivetrain|warning:CMS drive train system error->drivetrain|stop:WEC shut down->manual|stop:No speed development->brake_hydraulic|stop:High yaw load->external|warning:Cable overload->electrical,4213,9386.501584975991,85.48131877548158,8.399150628641566,6.1195305958768635,14.518681224518428,1090,1362.796243257034,793,574.4098363750725,977,1741.3485003248225,0.0,0,unwarned,False,,0,-1.4086388979784443,,False,False,False
joint_5slots,joint,5,bp_repeat:control->pitch|brake_resistor_chp:pitch->brake_hydraulic|time_sync:external->control|cms_drivetrain:comms->drivetrain|current_asymmetry:converter->generator,stop:Repeating error BP52->pitch|warning:Repeating error BP 0->pitch|warning:Error brake resistor CHP->brake_hydraulic|warning:Check time synchronization->control|warning:Time sync. failed (SNTP error)->control|warning:Comm.err. IEC server <- CMS drive tr.->drivetrain|warning:Comm.err. IEC client -> CMS drive tr.->drivetrain|warning:CMS drive train system error->drivetrain|stop:Current asymmetry->generator,4213,9386.501584975991,83.33214549572159,8.397627496992005,8.270227007286413,16.66785450427842,1088,1564.5284272255858,792,776.2849891200517,946,1696.3201041110958,0.0,0,actionable_unacted,True,46.393055555555556,3,0.7420575134311056,,False,False,False
joint_6slots,joint,6,bp_repeat:control->pitch|brake_resistor_chp:pitch->brake_hydraulic|time_sync:external->control|cms_drivetrain:comms->drivetrain|current_asymmetry:converter->generator|cable_overload:converter->electrical,stop:Repeating error BP52->pitch|warning:Repeating error BP 0->pitch|warning:Error brake resistor CHP->brake_hydraulic|warning:Check time synchronization->control|warning:Time sync. failed (SNTP error)->control|warning:Comm.err. IEC server <- CMS drive tr.->drivetrain|warning:Comm.err. IEC client -> CMS drive tr.->drivetrain|warning:CMS drive train system error->drivetrain|stop:Current asymmetry->generator|warning:Cable overload->electrical,4213,9386.501584975991,83.33214549572159,8.397627496992005,8.270227007286413,16.66785450427842,1088,1564.5284272255858,792,776.2849891200517,946,1696.3201041110958,0.0,0,actionable_unacted,True,46.393055555555556,3,0.7420575134311056,,False,False,False
joint_6slots,joint,6,bp_repeat:control->pitch|brake_resistor_chp:pitch->brake_hydraulic|time_sync:external->control|cms_drivetrain:comms->drivetrain|current_asymmetry:converter->generator|high_yaw_load:yaw->external,stop:Repeating error BP52->pitch|warning:Repeating error BP 0->pitch|warning:Error brake resistor CHP->brake_hydraulic|warning:Check time synchronization->control|warning:Time sync. failed (SNTP error)->control|warning:Comm.err. IEC server <- CMS drive tr.->drivetrain|warning:Comm.err. IEC client -> CMS drive tr.->drivetrain|warning:CMS drive train system error->drivetrain|stop:Current asymmetry->generator|stop:High yaw load->external,4213,9386.501584975991,83.33214549572159,8.397627496992005,8.270227007286413,16.66785450427842,1088,1564.5284272255858,792,776.2849891200517,946,1696.3201041110958,0.0,0,actionable_unacted,True,46.393055555555556,3,0.7420575134311056,,False,False,False
joint_7slots,joint,7,bp_repeat:control->pitch|brake_resistor_chp:pitch->brake_hydraulic|time_sync:external->control|cms_drivetrain:comms->drivetrain|current_asymmetry:converter->generator|high_yaw_load:yaw->external|cable_overload:converter->electrical,stop:Repeating error BP52->pitch|warning:Repeating error BP 0->pitch|warning:Error brake resistor CHP->brake_hydraulic|warning:Check time synchronization->control|warning:Time sync. failed (SNTP error)->control|warning:Comm.err. IEC server <- CMS drive tr.->drivetrain|warning:Comm.err. IEC client -> CMS drive tr.->drivetrain|warning:CMS drive train system error->drivetrain|stop:Current asymmetry->generator|stop:High yaw load->external|warning:Cable overload->electrical,4213,9386.501584975991,83.33214549572159,8.397627496992005,8.270227007286413,16.66785450427842,1088,1564.5284272255858,792,776.2849891200517,946,1696.3201041110958,0.0,0,actionable_unacted,True,46.393055555555556,3,0.7420575134311056,,False,False,False
joint_6slots,joint,6,bp_repeat:control->pitch|brake_resistor_chp:pitch->brake_hydraulic|time_sync:external->control|cms_drivetrain:comms->drivetrain|current_asymmetry:converter->generator|no_speed_development:control->pitch,stop:Repeating error BP52->pitch|warning:Repeating error BP 0->pitch|warning:Error brake resistor CHP->brake_hydraulic|warning:Check time synchronization->control|warning:Time sync. failed (SNTP error)->control|warning:Comm.err. IEC server <- CMS drive tr.->drivetrain|warning:Comm.err. IEC client -> CMS drive tr.->drivetrain|warning:CMS drive train system error->drivetrain|stop:Current asymmetry->generator|stop:No speed development->pitch,4213,9386.501584975991,83.24715114280845,8.397627496992005,8.355221360199566,16.75284885719157,1089,1572.506423508919,793,784.2629854033848,946,1696.3201041110958,0.0,0,actionable_unacted,True,46.393055555555556,3,0.8270518663442585,,False,False,False
joint_7slots,joint,7,bp_repeat:control->pitch|brake_resistor_chp:pitch->brake_hydraulic|time_sync:external->control|cms_drivetrain:comms->drivetrain|current_asymmetry:converter->generator|no_speed_development:control->pitch|cable_overload:converter->electrical,stop:Repeating error BP52->pitch|warning:Repeating error BP 0->pitch|warning:Error brake resistor CHP->brake_hydraulic|warning:Check time synchronization->control|warning:Time sync. failed (SNTP error)->control|warning:Comm.err. IEC server <- CMS drive tr.->drivetrain|warning:Comm.err. IEC client -> CMS drive tr.->drivetrain|warning:CMS drive train system error->drivetrain|stop:Current asymmetry->generator|stop:No speed development->pitch|warning:Cable overload->electrical,4213,9386.501584975991,83.24715114280845,8.397627496992005,8.355221360199566,16.75284885719157,1089,1572.506423508919,793,784.2629854033848,946,1696.3201041110958,0.0,0,actionable_unacted,True,46.393055555555556,3,0.8270518663442585,,False,False,False
joint_7slots,joint,7,bp_repeat:control->pitch|brake_resistor_chp:pitch->brake_hydraulic|time_sync:external->control|cms_drivetrain:comms->drivetrain|current_asymmetry:converter->generator|no_speed_development:control->pitch|high_yaw_load:yaw->external,stop:Repeating error BP52->pitch|warning:Repeating error BP 0->pitch|warning:Error brake resistor CHP->brake_hydraulic|warning:Check time synchronization->control|warning:Time sync. failed (SNTP error)->control|warning:Comm.err. IEC server <- CMS drive tr.->drivetrain|warning:Comm.err. IEC client -> CMS drive tr.->drivetrain|warning:CMS drive train system error->drivetrain|stop:Current asymmetry->generator|stop:No speed development->pitch|stop:High yaw load->external,4213,9386.501584975991,83.24715114280845,8.397627496992005,8.355221360199566,16.75284885719157,1089,1572.506423508919,793,784.2629854033848,946,1696.3201041110958,0.0,0,actionable_unacted,True,46.393055555555556,3,0.8270518663442585,,False,False,False
joint_8slots,joint,8,bp_repeat:control->pitch|brake_resistor_chp:pitch->brake_hydraulic|time_sync:external->control|cms_drivetrain:comms->drivetrain|current_asymmetry:converter->generator|no_speed_development:control->pitch|high_yaw_load:yaw->external|cable_overload:converter->electrical,stop:Repeating error BP52->pitch|warning:Repeating error BP 0->pitch|warning:Error brake resistor CHP->brake_hydraulic|warning:Check time synchronization->control|warning:Time sync. failed (SNTP error)->control|warning:Comm.err. IEC server <- CMS drive tr.->drivetrain|warning:Comm.err. IEC client -> CMS drive tr.->drivetrain|warning:CMS drive train system error->drivetrain|stop:Current asymmetry->generator|stop:No speed development->pitch|stop:High yaw load->external|warning:Cable overload->electrical,4213,9386.501584975991,83.24715114280845,8.397627496992005,8.355221360199566,16.75284885719157,1089,1572.506423508919,793,784.2629854033848,946,1696.3201041110958,0.0,0,actionable_unacted,True,46.393055555555556,3,0.8270518663442585,,False,False,False
joint_6slots,joint,6,bp_repeat:control->pitch|brake_resistor_chp:pitch->brake_hydraulic|time_sync:external->control|cms_drivetrain:comms->drivetrain|current_asymmetry:converter->generator|no_speed_development:control->brake_hydraulic,stop:Repeating error BP52->pitch|warning:Repeating error BP 0->pitch|warning:Error brake resistor CHP->brake_hydraulic|warning:Check time synchronization->control|warning:Time sync. failed (SNTP error)->control|warning:Comm.err. IEC server <- CMS drive tr.->drivetrain|warning:Comm.err. IEC client -> CMS drive tr.->drivetrain|warning:CMS drive train system error->drivetrain|stop:Current asymmetry->generator|stop:No speed development->brake_hydraulic,4213,9386.501584975991,83.24246875888909,8.399150628641566,8.358380612469347,16.757531241110915,1091,1572.945935549723,794,784.5595286677612,946,1696.3201041110958,0.0,0,actionable_unacted,True,46.393055555555556,3,0.8302111186140388,,False,False,False
joint_7slots,joint,7,bp_repeat:control->pitch|brake_resistor_chp:pitch->brake_hydraulic|time_sync:external->control|cms_drivetrain:comms->drivetrain|current_asymmetry:converter->generator|no_speed_development:control->brake_hydraulic|cable_overload:converter->electrical,stop:Repeating error BP52->pitch|warning:Repeating error BP 0->pitch|warning:Error brake resistor CHP->brake_hydraulic|warning:Check time synchronization->control|warning:Time sync. failed (SNTP error)->control|warning:Comm.err. IEC server <- CMS drive tr.->drivetrain|warning:Comm.err. IEC client -> CMS drive tr.->drivetrain|warning:CMS drive train system error->drivetrain|stop:Current asymmetry->generator|stop:No speed development->brake_hydraulic|warning:Cable overload->electrical,4213,9386.501584975991,83.24246875888909,8.399150628641566,8.358380612469347,16.757531241110915,1091,1572.945935549723,794,784.5595286677612,946,1696.3201041110958,0.0,0,actionable_unacted,True,46.393055555555556,3,0.8302111186140388,,False,False,False
joint_7slots,joint,7,bp_repeat:control->pitch|brake_resistor_chp:pitch->brake_hydraulic|time_sync:external->control|cms_drivetrain:comms->drivetrain|current_asymmetry:converter->generator|no_speed_development:control->brake_hydraulic|high_yaw_load:yaw->external,stop:Repeating error BP52->pitch|warning:Repeating error BP 0->pitch|warning:Error brake resistor CHP->brake_hydraulic|warning:Check time synchronization->control|warning:Time sync. failed (SNTP error)->control|warning:Comm.err. IEC server <- CMS drive tr.->drivetrain|warning:Comm.err. IEC client -> CMS drive tr.->drivetrain|warning:CMS drive train system error->drivetrain|stop:Current asymmetry->generator|stop:No speed development->brake_hydraulic|stop:High yaw load->external,4213,9386.501584975991,83.24246875888909,8.399150628641566,8.358380612469347,16.757531241110915,1091,1572.945935549723,794,784.5595286677612,946,1696.3201041110958,0.0,0,actionable_unacted,True,46.393055555555556,3,0.8302111186140388,,False,False,False
joint_8slots,joint,8,bp_repeat:control->pitch|brake_resistor_chp:pitch->brake_hydraulic|time_sync:external->control|cms_drivetrain:comms->drivetrain|current_asymmetry:converter->generator|no_speed_development:control->brake_hydraulic|high_yaw_load:yaw->external|cable_overload:converter->electrical,stop:Repeating error BP52->pitch|warning:Repeating error BP 0->pitch|warning:Error brake resistor CHP->brake_hydraulic|warning:Check time synchronization->control|warning:Time sync. failed (SNTP error)->control|warning:Comm.err. IEC server <- CMS drive tr.->drivetrain|warning:Comm.err. IEC client -> CMS drive tr.->drivetrain|warning:CMS drive train system error->drivetrain|stop:Current asymmetry->generator|stop:No speed development->brake_hydraulic|stop:High yaw load->external|warning:Cable overload->electrical,4213,9386.501584975991,83.24246875888909,8.399150628641566,8.358380612469347,16.757531241110915,1091,1572.945935549723,794,784.5595286677612,946,1696.3201041110958,0.0,0,actionable_unacted,True,46.393055555555556,3,0.8302111186140388,,False,False,False
joint_6slots,joint,6,bp_repeat:control->pitch|brake_resistor_chp:pitch->brake_hydraulic|time_sync:external->control|cms_drivetrain:comms->drivetrain|current_asymmetry:converter->generator|wec_shut_down:control->manual,stop:Repeating error BP52->pitch|warning:Repeating error BP 0->pitch|warning:Error brake resistor CHP->brake_hydraulic|warning:Check time synchronization->control|warning:Time sync. failed (SNTP error)->control|warning:Comm.err. IEC server <- CMS drive tr.->drivetrain|warning:Comm.err. IEC client -> CMS drive tr.->drivetrain|warning:CMS drive train system error->drivetrain|stop:Current asymmetry->generator|stop:WEC shut down->manual,4213,9386.501584975991,85.57099551231407,8.397627496992005,6.0313769906939285,14.429004487685935,1087,1354.3787349328973,791,566.1352968273628,946,1696.3201041110958,0.0,0,unwarned,False,,0,-1.4967925031613794,,False,False,False
joint_7slots,joint,7,bp_repeat:control->pitch|brake_resistor_chp:pitch->brake_hydraulic|time_sync:external->control|cms_drivetrain:comms->drivetrain|current_asymmetry:converter->generator|wec_shut_down:control->manual|cable_overload:converter->electrical,stop:Repeating error BP52->pitch|warning:Repeating error BP 0->pitch|warning:Error brake resistor CHP->brake_hydraulic|warning:Check time synchronization->control|warning:Time sync. failed (SNTP error)->control|warning:Comm.err. IEC server <- CMS drive tr.->drivetrain|warning:Comm.err. IEC client -> CMS drive tr.->drivetrain|warning:CMS drive train system error->drivetrain|stop:Current asymmetry->generator|stop:WEC shut down->manual|warning:Cable overload->electrical,4213,9386.501584975991,85.57099551231407,8.397627496992005,6.0313769906939285,14.429004487685935,1087,1354.3787349328973,791,566.1352968273628,946,1696.3201041110958,0.0,0,unwarned,False,,0,-1.4967925031613794,,False,False,False
joint_7slots,joint,7,bp_repeat:control->pitch|brake_resistor_chp:pitch->brake_hydraulic|time_sync:external->control|cms_drivetrain:comms->drivetrain|current_asymmetry:converter->generator|wec_shut_down:control->manual|high_yaw_load:yaw->external,stop:Repeating error BP52->pitch|warning:Repeating error BP 0->pitch|warning:Error brake resistor CHP->brake_hydraulic|warning:Check time synchronization->control|warning:Time sync. failed (SNTP error)->control|warning:Comm.err. IEC server <- CMS drive tr.->drivetrain|warning:Comm.err. IEC client -> CMS drive tr.->drivetrain|warning:CMS drive train system error->drivetrain|stop:Current asymmetry->generator|stop:WEC shut down->manual|stop:High yaw load->external,4213,9386.501584975991,85.57099551231407,8.397627496992005,6.0313769906939285,14.429004487685935,1087,1354.3787349328973,791,566.1352968273628,946,1696.3201041110958,0.0,0,unwarned,False,,0,-1.4967925031613794,,False,False,False
joint_8slots,joint,8,bp_repeat:control->pitch|brake_resistor_chp:pitch->brake_hydraulic|time_sync:external->control|cms_drivetrain:comms->drivetrain|current_asymmetry:converter->generator|wec_shut_down:control->manual|high_yaw_load:yaw->external|cable_overload:converter->electrical,stop:Repeating error BP52->pitch|warning:Repeating error BP 0->pitch|warning:Error brake resistor CHP->brake_hydraulic|warning:Check time synchronization->control|warning:Time sync. failed (SNTP error)->control|warning:Comm.err. IEC server <- CMS drive tr.->drivetrain|warning:Comm.err. IEC client -> CMS drive tr.->drivetrain|warning:CMS drive train system error->drivetrain|stop:Current asymmetry->generator|stop:WEC shut down->manual|stop:High yaw load->external|warning:Cable overload->electrical,4213,9386.501584975991,85.57099551231407,8.397627496992005,6.0313769906939285,14.429004487685935,1087,1354.3787349328973,791,566.1352968273628,946,1696.3201041110958,0.0,0,unwarned,False,,0,-1.4967925031613794,,False,False,False
joint_7slots,joint,7,bp_repeat:control->pitch|brake_resistor_chp:pitch->brake_hydraulic|time_sync:external->control|cms_drivetrain:comms->drivetrain|current_asymmetry:converter->generator|wec_shut_down:control->manual|no_speed_development:control->pitch,stop:Repeating error BP52->pitch|warning:Repeating error BP 0->pitch|warning:Error brake resistor CHP->brake_hydraulic|warning:Check time synchronization->control|warning:Time sync. failed (SNTP error)->control|warning:Comm.err. IEC server <- CMS drive tr.->drivetrain|warning:Comm.err. IEC client -> CMS drive tr.->drivetrain|warning:CMS drive train system error->drivetrain|stop:Current asymmetry->generator|stop:WEC shut down->manual|stop:No speed development->pitch,4213,9386.501584975991,85.48600115940094,8.397627496992005,6.116371343607083,14.51399884059909,1088,1362.3567312162304,792,574.1132931106962,946,1696.3201041110958,0.0,0,unwarned,False,,0,-1.4117981502482246,,False,False,False
joint_8slots,joint,8,bp_repeat:control->pitch|brake_resistor_chp:pitch->brake_hydraulic|time_sync:external->control|cms_drivetrain:comms->drivetrain|current_asymmetry:converter->generator|wec_shut_down:control->manual|no_speed_development:control->pitch|cable_overload:converter->electrical,stop:Repeating error BP52->pitch|warning:Repeating error BP 0->pitch|warning:Error brake resistor CHP->brake_hydraulic|warning:Check time synchronization->control|warning:Time sync. failed (SNTP error)->control|warning:Comm.err. IEC server <- CMS drive tr.->drivetrain|warning:Comm.err. IEC client -> CMS drive tr.->drivetrain|warning:CMS drive train system error->drivetrain|stop:Current asymmetry->generator|stop:WEC shut down->manual|stop:No speed development->pitch|warning:Cable overload->electrical,4213,9386.501584975991,85.48600115940094,8.397627496992005,6.116371343607083,14.51399884059909,1088,1362.3567312162304,792,574.1132931106962,946,1696.3201041110958,0.0,0,unwarned,False,,0,-1.4117981502482246,,False,False,False
joint_8slots,joint,8,bp_repeat:control->pitch|brake_resistor_chp:pitch->brake_hydraulic|time_sync:external->control|cms_drivetrain:comms->drivetrain|current_asymmetry:converter->generator|wec_shut_down:control->manual|no_speed_development:control->pitch|high_yaw_load:yaw->external,stop:Repeating error BP52->pitch|warning:Repeating error BP 0->pitch|warning:Error brake resistor CHP->brake_hydraulic|warning:Check time synchronization->control|warning:Time sync. failed (SNTP error)->control|warning:Comm.err. IEC server <- CMS drive tr.->drivetrain|warning:Comm.err. IEC client -> CMS drive tr.->drivetrain|warning:CMS drive train system error->drivetrain|stop:Current asymmetry->generator|stop:WEC shut down->manual|stop:No speed development->pitch|stop:High yaw load->external,4213,9386.501584975991,85.48600115940094,8.397627496992005,6.116371343607083,14.51399884059909,1088,1362.3567312162304,792,574.1132931106962,946,1696.3201041110958,0.0,0,unwarned,False,,0,-1.4117981502482246,,False,False,False
joint_9slots,joint,9,bp_repeat:control->pitch|brake_resistor_chp:pitch->brake_hydraulic|time_sync:external->control|cms_drivetrain:comms->drivetrain|current_asymmetry:converter->generator|wec_shut_down:control->manual|no_speed_development:control->pitch|high_yaw_load:yaw->external|cable_overload:converter->electrical,stop:Repeating error BP52->pitch|warning:Repeating error BP 0->pitch|warning:Error brake resistor CHP->brake_hydraulic|warning:Check time synchronization->control|warning:Time sync. failed (SNTP error)->control|warning:Comm.err. IEC server <- CMS drive tr.->drivetrain|warning:Comm.err. IEC client -> CMS drive tr.->drivetrain|warning:CMS drive train system error->drivetrain|stop:Current asymmetry->generator|stop:WEC shut down->manual|stop:No speed development->pitch|stop:High yaw load->external|warning:Cable overload->electrical,4213,9386.501584975991,85.48600115940094,8.397627496992005,6.116371343607083,14.51399884059909,1088,1362.3567312162304,792,574.1132931106962,946,1696.3201041110958,0.0,0,unwarned,False,,0,-1.4117981502482246,,False,False,False
joint_7slots,joint,7,bp_repeat:control->pitch|brake_resistor_chp:pitch->brake_hydraulic|time_sync:external->control|cms_drivetrain:comms->drivetrain|current_asymmetry:converter->generator|wec_shut_down:control->manual|no_speed_development:control->brake_hydraulic,stop:Repeating error BP52->pitch|warning:Repeating error BP 0->pitch|warning:Error brake resistor CHP->brake_hydraulic|warning:Check time synchronization->control|warning:Time sync. failed (SNTP error)->control|warning:Comm.err. IEC server <- CMS drive tr.->drivetrain|warning:Comm.err. IEC client -> CMS drive tr.->drivetrain|warning:CMS drive train system error->drivetrain|stop:Current asymmetry->generator|stop:WEC shut down->manual|stop:No speed development->brake_hydraulic,4213,9386.501584975991,85.48131877548158,8.399150628641566,6.1195305958768635,14.518681224518428,1090,1362.796243257034,793,574.4098363750725,946,1696.3201041110958,0.0,0,unwarned,False,,0,-1.4086388979784443,,False,False,False
joint_8slots,joint,8,bp_repeat:control->pitch|brake_resistor_chp:pitch->brake_hydraulic|time_sync:external->control|cms_drivetrain:comms->drivetrain|current_asymmetry:converter->generator|wec_shut_down:control->manual|no_speed_development:control->brake_hydraulic|cable_overload:converter->electrical,stop:Repeating error BP52->pitch|warning:Repeating error BP 0->pitch|warning:Error brake resistor CHP->brake_hydraulic|warning:Check time synchronization->control|warning:Time sync. failed (SNTP error)->control|warning:Comm.err. IEC server <- CMS drive tr.->drivetrain|warning:Comm.err. IEC client -> CMS drive tr.->drivetrain|warning:CMS drive train system error->drivetrain|stop:Current asymmetry->generator|stop:WEC shut down->manual|stop:No speed development->brake_hydraulic|warning:Cable overload->electrical,4213,9386.501584975991,85.48131877548158,8.399150628641566,6.1195305958768635,14.518681224518428,1090,1362.796243257034,793,574.4098363750725,946,1696.3201041110958,0.0,0,unwarned,False,,0,-1.4086388979784443,,False,False,False
joint_8slots,joint,8,bp_repeat:control->pitch|brake_resistor_chp:pitch->brake_hydraulic|time_sync:external->control|cms_drivetrain:comms->drivetrain|current_asymmetry:converter->generator|wec_shut_down:control->manual|no_speed_development:control->brake_hydraulic|high_yaw_load:yaw->external,stop:Repeating error BP52->pitch|warning:Repeating error BP 0->pitch|warning:Error brake resistor CHP->brake_hydraulic|warning:Check time synchronization->control|warning:Time sync. failed (SNTP error)->control|warning:Comm.err. IEC server <- CMS drive tr.->drivetrain|warning:Comm.err. IEC client -> CMS drive tr.->drivetrain|warning:CMS drive train system error->drivetrain|stop:Current asymmetry->generator|stop:WEC shut down->manual|stop:No speed development->brake_hydraulic|stop:High yaw load->external,4213,9386.501584975991,85.48131877548158,8.399150628641566,6.1195305958768635,14.518681224518428,1090,1362.796243257034,793,574.4098363750725,946,1696.3201041110958,0.0,0,unwarned,False,,0,-1.4086388979784443,,False,False,False
joint_9slots,joint,9,bp_repeat:control->pitch|brake_resistor_chp:pitch->brake_hydraulic|time_sync:external->control|cms_drivetrain:comms->drivetrain|current_asymmetry:converter->generator|wec_shut_down:control->manual|no_speed_development:control->brake_hydraulic|high_yaw_load:yaw->external|cable_overload:converter->electrical,stop:Repeating error BP52->pitch|warning:Repeating error BP 0->pitch|warning:Error brake resistor CHP->brake_hydraulic|warning:Check time synchronization->control|warning:Time sync. failed (SNTP error)->control|warning:Comm.err. IEC server <- CMS drive tr.->drivetrain|warning:Comm.err. IEC client -> CMS drive tr.->drivetrain|warning:CMS drive train system error->drivetrain|stop:Current asymmetry->generator|stop:WEC shut down->manual|stop:No speed development->brake_hydraulic|stop:High yaw load->external|warning:Cable overload->electrical,4213,9386.501584975991,85.48131877548158,8.399150628641566,6.1195305958768635,14.518681224518428,1090,1362.796243257034,793,574.4098363750725,946,1696.3201041110958,0.0,0,unwarned,False,,0,-1.4086388979784443,,False,False,False
