event_id,farm,turbine,start,end,duration_h,n_bin_starts_in_window,lost_energy_mwh,reason
6,kelmarsh,K01,2016-09-10 16:51:50,2016-09-10 17:09:31,0.294722,1,0.0,potential_never_exceeds_measured
7,kelmarsh,K01,2016-09-18 10:35:15,2016-09-18 10:47:06,0.1975,1,0.0,potential_never_exceeds_measured
9,kelmarsh,K01,2016-10-29 07:13:14,2016-10-29 11:53:16,4.667222,28,0.0,potential_never_exceeds_measured
12,kelmarsh,K01,2016-11-23 01:59:52,2016-11-23 02:13:23,0.225278,2,0.0,potential_never_exceeds_measured
14,kelmarsh,K01,2016-12-10 16:25:56,2016-12-10 16:49:52,0.398889,2,0.0,potential_never_exceeds_measured
20,kelmarsh,K01,2017-01-16 12:04:51,2017-01-16 12:06:40,0.030278,0,0.0,no_bin_start
21,kelmarsh,K01,2017-01-16 12:07:43,2017-01-16 12:08:09,0.007222,0,0.0,no_bin_start
22,kelmarsh,K01,2017-01-16 12:09:45,2017-01-16 12:09:58,0.003611,0,0.0,no_bin_start
23,kelmarsh,K01,2017-01-18 18:39:04,2017-01-18 19:03:03,0.399722,3,0.0,potential_never_exceeds_measured
24,kelmarsh,K01,2017-01-18 22:46:02,2017-01-18 22:55:35,0.159167,1,0.0,potential_never_exceeds_measured
26,kelmarsh,K01,2017-01-19 10:44:47,2017-01-19 11:09:38,0.414167,2,0.0,potential_never_exceeds_measured
28,kelmarsh,K01,2017-01-25 20:55:01,2017-01-25 20:57:01,0.033333,0,0.0,no_bin_start
30,kelmarsh,K01,2017-01-25 21:03:11,2017-01-25 21:08:41,0.091667,0,0.0,no_bin_start
38,kelmarsh,K01,2017-08-19 03:01:34,2017-08-19 03:07:22,0.096667,0,0.0,no_bin_start
44,kelmarsh,K01,2018-02-06 00:03:31,2018-02-06 00:31:16,0.4625,3,0.0,potential_never_exceeds_measured
47,kelmarsh,K01,2018-11-02 16:34:47,2018-11-02 16:36:47,0.033333,0,0.0,no_bin_start
49,kelmarsh,K01,2018-11-02 16:42:47,2018-11-02 16:44:47,0.033333,0,0.0,no_bin_start
52,kelmarsh,K01,2019-02-24 02:31:49,2019-02-24 02:39:36,0.129722,0,0.0,no_bin_start
61,kelmarsh,K01,2019-11-05 15:54:41,2019-11-05 15:56:41,0.033333,0,0.0,no_bin_start
63,kelmarsh,K01,2019-11-05 16:02:41,2019-11-05 16:04:41,0.033333,0,0.0,no_bin_start
78,kelmarsh,K01,2020-08-22 09:01:05,2020-08-22 09:06:51,0.096111,0,0.0,no_bin_start
80,kelmarsh,K01,2020-08-25 15:02:58,2020-08-25 15:05:19,0.039167,0,0.0,no_bin_start
84,kelmarsh,K01,2020-09-22 14:26:23,2020-09-22 14:28:23,0.033333,0,0.0,no_bin_start
85,kelmarsh,K01,2020-09-22 14:30:48,2020-09-22 14:32:48,0.033333,0,0.0,no_bin_start
86,kelmarsh,K01,2020-09-22 14:34:48,2020-09-22 14:36:48,0.033333,0,0.0,no_bin_start
88,kelmarsh,K01,2021-02-02 16:04:11,2021-02-02 16:06:10,0.033056,0,0.0,no_bin_start
90,kelmarsh,K01,2021-02-02 16:12:16,2021-02-02 16:14:16,0.033333,0,0.0,no_bin_start
93,kelmarsh,K01,2021-06-30 22:19:25,2021-06-30 22:20:14,0.013611,1,0.0,potential_never_exceeds_measured
95,kelmarsh,K01,2021-08-12 12:44:59,2021-08-12 12:46:59,0.033333,0,0.0,no_bin_start
97,kelmarsh,K01,2021-08-12 12:53:15,2021-08-12 12:55:15,0.033333,0,0.0,no_bin_start
100,kelmarsh,K01,2021-12-06 02:45:52,2021-12-06 02:47:45,0.031389,0,0.0,no_bin_start
101,kelmarsh,K01,2021-12-06 03:00:57,2021-12-06 03:02:37,0.027778,0,0.0,no_bin_start
102,kelmarsh,K01,2021-12-06 03:04:24,2021-12-06 03:08:11,0.063056,0,0.0,no_bin_start
103,kelmarsh,K01,2021-12-06 03:13:56,2021-12-06 03:34:32,0.343333,2,0.0,potential_never_exceeds_measured
104,kelmarsh,K01,2021-12-17 22:30:32,2021-12-17 22:32:21,0.030278,0,0.0,no_bin_start
105,kelmarsh,K01,2021-12-17 22:34:52,2021-12-17 22:41:37,0.1125,1,0.0,potential_never_exceeds_measured
107,kelmarsh,K01,2021-12-19 10:30:20,2021-12-19 10:33:34,0.053889,0,0.0,no_bin_start
109,kelmarsh,K01,2021-12-19 10:50:24,2021-12-19 11:57:02,1.110556,6,0.0,potential_never_exceeds_measured
110,kelmarsh,K01,2021-12-22 02:11:11,2021-12-22 02:15:31,0.072222,0,0.0,no_bin_start
111,kelmarsh,K01,2021-12-22 02:41:35,2021-12-22 02:43:32,0.0325,0,0.0,no_bin_start
114,kelmarsh,K01,2022-01-15 05:36:27,2022-01-15 05:43:00,0.109167,1,0.0,potential_never_exceeds_measured
115,kelmarsh,K01,2022-01-20 19:28:55,2022-01-20 19:30:57,0.033889,1,0.0,potential_never_exceeds_measured
116,kelmarsh,K01,2022-01-20 19:31:58,2022-01-20 19:33:12,0.020556,0,0.0,no_bin_start
117,kelmarsh,K01,2022-01-25 05:48:25,2022-01-25 05:51:59,0.059444,1,0.0,potential_never_exceeds_measured
120,kelmarsh,K01,2022-02-04 21:51:39,2022-02-04 21:53:28,0.030278,0,0.0,no_bin_start
121,kelmarsh,K01,2022-02-09 15:41:20,2022-02-09 15:45:22,0.067222,0,0.0,no_bin_start
129,kelmarsh,K01,2022-03-22 02:53:21,2022-03-22 02:55:10,0.030278,0,0.0,no_bin_start
130,kelmarsh,K01,2022-03-22 04:57:41,2022-03-22 04:59:30,0.030278,0,0.0,no_bin_start
131,kelmarsh,K01,2022-03-22 06:00:23,2022-03-22 06:02:12,0.030278,0,0.0,no_bin_start
132,kelmarsh,K01,2022-03-23 10:15:50,2022-03-23 10:20:28,0.077222,1,0.0,potential_never_exceeds_measured
133,kelmarsh,K01,2022-03-23 16:52:52,2022-03-23 16:56:13,0.055833,0,0.0,no_bin_start
134,kelmarsh,K01,2022-03-24 00:05:21,2022-03-24 00:33:23,0.467222,3,0.0,potential_never_exceeds_measured
135,kelmarsh,K01,2022-03-24 01:40:00,2022-03-24 01:42:57,0.049167,1,0.0,potential_never_exceeds_measured
136,kelmarsh,K01,2022-03-24 02:45:01,2022-03-24 02:47:26,0.040278,0,0.0,no_bin_start
137,kelmarsh,K01,2022-03-24 03:48:23,2022-03-24 04:16:41,0.471667,3,0.0,potential_never_exceeds_measured
138,kelmarsh,K01,2022-03-24 04:19:59,2022-03-24 04:21:08,0.019167,1,0.0,potential_never_exceeds_measured
139,kelmarsh,K01,2022-03-24 05:22:31,2022-03-24 05:24:22,0.030833,0,0.0,no_bin_start
140,kelmarsh,K01,2022-03-24 06:25:38,2022-03-24 06:27:09,0.025278,0,0.0,no_bin_start
141,kelmarsh,K01,2022-03-24 07:29:17,2022-03-24 07:43:38,0.239167,2,0.0,potential_never_exceeds_measured
142,kelmarsh,K01,2022-03-24 08:33:54,2022-03-24 08:37:25,0.058611,0,0.0,no_bin_start
143,kelmarsh,K01,2022-03-24 09:39:41,2022-03-24 10:11:30,0.530278,4,0.0,potential_never_exceeds_measured
144,kelmarsh,K01,2022-03-24 12:40:47,2022-03-24 12:42:36,0.030278,0,0.0,no_bin_start
146,kelmarsh,K01,2022-03-25 03:18:40,2022-03-25 03:20:11,0.025278,1,0.0,potential_never_exceeds_measured
147,kelmarsh,K01,2022-03-25 05:23:57,2022-03-25 05:28:56,0.083056,0,0.0,no_bin_start
148,kelmarsh,K01,2022-03-25 07:33:19,2022-03-25 07:36:04,0.045833,0,0.0,no_bin_start
149,kelmarsh,K01,2022-03-25 08:37:59,2022-03-25 08:54:15,0.271111,2,0.0,potential_never_exceeds_measured
150,kelmarsh,K01,2022-03-25 14:24:48,2022-03-25 14:26:36,0.03,0,0.0,no_bin_start
151,kelmarsh,K01,2022-03-26 05:00:21,2022-03-26 05:02:10,0.030278,0,0.0,no_bin_start
153,kelmarsh,K01,2022-03-27 11:45:50,2022-03-27 11:47:39,0.030278,0,0.0,no_bin_start
154,kelmarsh,K01,2022-03-27 17:02:02,2022-03-27 17:03:51,0.030278,0,0.0,no_bin_start
155,kelmarsh,K01,2022-03-28 01:28:41,2022-03-28 01:30:29,0.03,1,0.0,potential_never_exceeds_measured
156,kelmarsh,K01,2022-03-28 02:35:19,2022-03-28 02:36:50,0.025278,0,0.0,no_bin_start
157,kelmarsh,K01,2022-04-03 12:20:56,2022-04-03 12:22:45,0.030278,0,0.0,no_bin_start
158,kelmarsh,K01,2022-04-07 03:37:42,2022-04-07 03:39:25,0.028611,0,0.0,no_bin_start
159,kelmarsh,K01,2022-04-07 04:54:59,2022-04-07 04:56:41,0.028333,0,0.0,no_bin_start
160,kelmarsh,K01,2022-04-07 13:43:00,2022-04-07 13:44:41,0.028056,0,0.0,no_bin_start
161,kelmarsh,K01,2022-04-07 14:22:42,2022-04-07 14:24:23,0.028056,0,0.0,no_bin_start
162,kelmarsh,K01,2022-04-10 05:05:58,2022-04-10 05:07:29,0.025278,0,0.0,no_bin_start
163,kelmarsh,K01,2022-04-10 05:09:07,2022-04-10 05:10:20,0.020278,1,0.0,potential_never_exceeds_measured
164,kelmarsh,K01,2022-04-10 05:14:39,2022-04-10 05:16:20,0.028056,0,0.0,no_bin_start
165,kelmarsh,K01,2022-04-10 05:20:27,2022-04-10 05:29:42,0.154167,0,0.0,no_bin_start
166,kelmarsh,K01,2022-04-12 10:19:07,2022-04-12 10:20:38,0.025278,1,0.0,potential_never_exceeds_measured
167,kelmarsh,K01,2022-04-12 10:53:21,2022-04-12 10:56:06,0.045833,0,0.0,no_bin_start
168,kelmarsh,K01,2022-04-12 11:00:53,2022-04-12 11:03:03,0.036111,0,0.0,no_bin_start
169,kelmarsh,K01,2022-04-12 13:17:37,2022-04-12 13:19:26,0.030278,0,0.0,no_bin_start
171,kelmarsh,K01,2022-04-14 06:50:22,2022-04-14 06:51:53,0.025278,0,0.0,no_bin_start
172,kelmarsh,K01,2022-04-14 06:53:59,2022-04-14 06:55:13,0.020556,0,0.0,no_bin_start
173,kelmarsh,K01,2022-04-14 06:58:50,2022-04-14 07:01:20,0.041667,1,0.0,potential_never_exceeds_measured
174,kelmarsh,K01,2022-04-14 07:02:51,2022-04-14 07:04:22,0.025278,0,0.0,no_bin_start
175,kelmarsh,K01,2022-04-14 07:05:27,2022-04-14 07:07:42,0.0375,0,0.0,no_bin_start
176,kelmarsh,K01,2022-04-14 07:12:17,2022-04-14 07:52:18,0.666944,4,0.0,potential_never_exceeds_measured
177,kelmarsh,K01,2022-04-15 02:59:32,2022-04-15 03:01:45,0.036944,1,0.0,potential_never_exceeds_measured
178,kelmarsh,K01,2022-04-15 03:03:04,2022-04-15 03:05:10,0.035,0,0.0,no_bin_start
179,kelmarsh,K01,2022-04-15 06:55:00,2022-04-15 06:56:07,0.018611,0,0.0,no_bin_start
180,kelmarsh,K01,2022-04-15 11:09:01,2022-04-15 11:11:11,0.036111,1,0.0,potential_never_exceeds_measured
181,kelmarsh,K01,2022-04-15 12:50:00,2022-04-15 12:51:40,0.027778,1,0.0,potential_never_exceeds_measured
182,kelmarsh,K01,2022-04-15 13:01:40,2022-04-15 13:27:03,0.423056,2,0.0,potential_never_exceeds_measured
194,kelmarsh,K01,2022-08-22 05:17:06,2022-08-22 05:19:48,0.045,0,0.0,no_bin_start
195,kelmarsh,K01,2022-08-25 21:25:18,2022-08-25 21:27:58,0.044444,0,0.0,no_bin_start
197,kelmarsh,K01,2023-07-26 15:15:44,2023-07-26 15:17:44,0.033333,0,0.0,no_bin_start
204,kelmarsh,K01,2023-11-16 02:01:19,2023-11-16 02:05:24,0.068056,0,0.0,no_bin_start
212,kelmarsh,K01,2024-03-26 10:14:09,2024-03-26 10:31:57,0.296667,2,0.0,potential_never_exceeds_measured
217,kelmarsh,K01,2024-03-31 06:11:13,2024-03-31 06:18:56,0.128611,0,0.0,no_bin_start
220,kelmarsh,K01,2024-08-01 10:58:54,2024-08-01 10:59:43,0.013611,0,0.0,no_bin_start
231,kelmarsh,K02,2016-04-23 09:57:30,2016-04-23 09:59:30,0.033333,0,0.0,no_bin_start
232,kelmarsh,K02,2016-04-23 10:01:39,2016-04-23 10:03:39,0.033333,0,0.0,no_bin_start
233,kelmarsh,K02,2016-04-23 10:06:05,2016-04-23 10:08:05,0.033333,0,0.0,no_bin_start
239,kelmarsh,K02,2016-07-23 10:13:49,2016-07-23 10:32:58,0.319167,2,0.0,potential_never_exceeds_measured
245,kelmarsh,K02,2017-01-25 20:45:51,2017-01-25 20:47:51,0.033333,0,0.0,no_bin_start
246,kelmarsh,K02,2017-01-25 20:50:02,2017-01-25 20:52:02,0.033333,0,0.0,no_bin_start
258,kelmarsh,K02,2017-06-07 10:33:51,2017-06-07 10:39:38,0.096389,0,0.0,no_bin_start
269,kelmarsh,K02,2018-03-30 14:12:17,2018-03-30 14:18:07,0.097222,0,0.0,no_bin_start
272,kelmarsh,K02,2018-07-21 13:34:57,2018-07-21 13:35:46,0.013611,0,0.0,no_bin_start
276,kelmarsh,K02,2018-12-17 14:52:55,2018-12-17 14:54:55,0.033333,0,0.0,no_bin_start
277,kelmarsh,K02,2018-12-17 14:56:55,2018-12-17 14:58:55,0.033333,0,0.0,no_bin_start
284,kelmarsh,K02,2019-03-15 12:13:25,2019-03-15 12:19:05,0.094444,0,0.0,no_bin_start
287,kelmarsh,K02,2019-03-16 11:51:57,2019-03-16 11:58:20,0.106389,0,0.0,no_bin_start
290,kelmarsh,K02,2019-11-04 16:59:08,2019-11-04 16:59:12,0.001111,0,0.0,no_bin_start
291,kelmarsh,K02,2019-11-04 17:00:34,2019-11-04 17:01:24,0.013889,0,0.0,no_bin_start
292,kelmarsh,K02,2019-11-04 17:03:39,2019-11-04 17:05:39,0.033333,0,0.0,no_bin_start
293,kelmarsh,K02,2019-11-04 17:07:39,2019-11-04 17:09:39,0.033333,0,0.0,no_bin_start
311,kelmarsh,K02,2020-04-15 16:07:48,2020-04-15 16:08:36,0.013333,0,0.0,no_bin_start
312,kelmarsh,K02,2020-07-02 13:55:24,2020-07-02 13:57:24,0.033333,0,0.0,no_bin_start
315,kelmarsh,K02,2020-08-25 14:55:30,2020-08-25 14:57:30,0.033333,0,0.0,no_bin_start
317,kelmarsh,K02,2020-08-25 15:03:30,2020-08-25 15:05:30,0.033333,0,0.0,no_bin_start
319,kelmarsh,K02,2020-09-22 14:22:36,2020-09-22 14:28:08,0.092222,0,0.0,no_bin_start
320,kelmarsh,K02,2020-09-22 14:30:08,2020-09-22 14:39:28,0.155556,0,0.0,no_bin_start
321,kelmarsh,K02,2021-02-02 15:53:02,2021-02-02 15:55:02,0.033333,0,0.0,no_bin_start
322,kelmarsh,K02,2021-02-02 15:57:02,2021-02-02 15:59:02,0.033333,0,0.0,no_bin_start
323,kelmarsh,K02,2021-02-02 16:01:10,2021-02-02 16:03:10,0.033333,0,0.0,no_bin_start
329,kelmarsh,K02,2021-08-12 13:04:56,2021-08-12 13:06:56,0.033333,0,0.0,no_bin_start
333,kelmarsh,K02,2021-11-28 04:30:44,2021-11-28 04:42:32,0.196667,1,0.0,potential_never_exceeds_measured
350,kelmarsh,K02,2022-04-10 07:14:24,2022-04-10 07:17:07,0.045278,0,0.0,no_bin_start
351,kelmarsh,K02,2022-04-10 07:20:25,2022-04-10 07:24:53,0.074444,0,0.0,no_bin_start
352,kelmarsh,K02,2022-11-04 10:03:30,2022-11-04 10:05:19,0.030278,0,0.0,no_bin_start
353,kelmarsh,K02,2022-11-04 10:08:53,2022-11-04 10:10:26,0.025833,1,0.0,potential_never_exceeds_measured
354,kelmarsh,K02,2022-11-04 10:11:48,2022-11-04 10:12:58,0.019444,0,0.0,no_bin_start
355,kelmarsh,K02,2022-11-04 10:14:44,2022-11-04 10:19:37,0.081389,0,0.0,no_bin_start
356,kelmarsh,K02,2022-11-04 10:23:29,2022-11-04 10:24:59,0.025,0,0.0,no_bin_start
357,kelmarsh,K02,2022-11-04 10:27:19,2022-11-04 10:46:30,0.319722,2,0.0,potential_never_exceeds_measured
362,kelmarsh,K02,2022-11-20 15:10:07,2022-11-20 15:10:55,0.013333,0,0.0,no_bin_start
363,kelmarsh,K02,2022-11-20 15:15:53,2022-11-20 15:16:40,0.013056,0,0.0,no_bin_start
365,kelmarsh,K02,2022-11-29 13:31:53,2022-11-29 13:32:01,0.002222,0,0.0,no_bin_start
366,kelmarsh,K02,2022-11-29 22:24:28,2022-11-29 22:25:17,0.013611,0,0.0,no_bin_start
374,kelmarsh,K02,2023-08-16 15:05:57,2023-08-16 15:35:44,0.496389,3,0.0,potential_never_exceeds_measured
375,kelmarsh,K02,2023-08-23 15:10:41,2023-08-23 15:20:58,0.171389,1,0.0,potential_never_exceeds_measured
381,kelmarsh,K02,2023-12-01 14:18:22,2023-12-01 14:19:10,0.013333,0,0.0,no_bin_start
382,kelmarsh,K02,2023-12-01 16:24:24,2023-12-01 16:25:12,0.013333,0,0.0,no_bin_start
383,kelmarsh,K02,2023-12-01 16:31:12,2023-12-01 16:32:00,0.013333,0,0.0,no_bin_start
384,kelmarsh,K02,2023-12-01 17:44:11,2023-12-01 17:44:59,0.013333,0,0.0,no_bin_start
385,kelmarsh,K02,2023-12-01 18:04:48,2023-12-01 18:05:36,0.013333,0,0.0,no_bin_start
418,kelmarsh,K03,2016-04-22 11:53:15,2016-04-22 11:59:03,0.096667,0,0.0,no_bin_start
419,kelmarsh,K03,2016-04-22 12:21:15,2016-04-22 12:27:02,0.096389,0,0.0,no_bin_start
434,kelmarsh,K03,2018-01-03 02:30:38,2018-01-03 02:36:17,0.094167,0,0.0,no_bin_start
438,kelmarsh,K03,2018-01-18 03:50:36,2018-01-18 03:59:03,0.140833,0,0.0,no_bin_start
447,kelmarsh,K03,2018-11-03 15:53:51,2018-11-03 15:54:01,0.002778,0,0.0,no_bin_start
449,kelmarsh,K03,2018-11-03 16:10:07,2018-11-03 16:10:26,0.005278,0,0.0,no_bin_start
450,kelmarsh,K03,2018-11-03 16:12:17,2018-11-03 16:12:19,0.000556,0,0.0,no_bin_start
451,kelmarsh,K03,2018-11-03 16:14:19,2018-11-03 16:15:05,0.012778,0,0.0,no_bin_start
452,kelmarsh,K03,2018-11-03 16:17:05,2018-11-03 16:18:33,0.024444,0,0.0,no_bin_start
454,kelmarsh,K03,2018-11-03 16:22:38,2018-11-03 16:22:41,0.000833,0,0.0,no_bin_start
465,kelmarsh,K03,2019-12-08 05:50:40,2019-12-08 05:56:24,0.095556,0,0.0,no_bin_start
473,kelmarsh,K03,2020-07-02 13:31:14,2020-07-02 13:34:33,0.055278,0,0.0,no_bin_start
474,kelmarsh,K03,2020-08-25 15:06:58,2020-08-25 15:08:58,0.033333,0,0.0,no_bin_start
475,kelmarsh,K03,2020-08-25 15:10:58,2020-08-25 15:12:58,0.033333,0,0.0,no_bin_start
481,kelmarsh,K03,2020-10-26 15:34:53,2020-10-26 15:38:30,0.060278,0,0.0,no_bin_start
482,kelmarsh,K03,2021-02-02 16:04:24,2021-02-02 16:06:24,0.033333,0,0.0,no_bin_start
484,kelmarsh,K03,2021-02-02 16:12:24,2021-02-02 16:14:24,0.033333,0,0.0,no_bin_start
487,kelmarsh,K03,2021-06-23 02:06:48,2021-06-23 02:09:51,0.050833,0,0.0,no_bin_start
488,kelmarsh,K03,2021-08-12 12:44:50,2021-08-12 12:46:50,0.033333,0,0.0,no_bin_start
490,kelmarsh,K03,2021-08-12 12:52:52,2021-08-12 12:54:52,0.033333,0,0.0,no_bin_start
492,kelmarsh,K03,2021-11-18 14:11:03,2021-11-18 14:17:04,0.100278,0,0.0,no_bin_start
498,kelmarsh,K03,2022-05-14 17:36:53,2022-05-14 17:47:41,0.18,1,0.0,potential_never_exceeds_measured
501,kelmarsh,K03,2023-02-06 00:44:45,2023-02-06 00:46:56,0.036389,0,0.0,no_bin_start
519,kelmarsh,K04,2016-04-22 11:04:28,2016-04-22 11:06:28,0.033333,0,0.0,no_bin_start
521,kelmarsh,K04,2016-04-22 11:12:31,2016-04-22 11:14:31,0.033333,0,0.0,no_bin_start
526,kelmarsh,K04,2017-01-25 20:52:27,2017-01-25 20:54:27,0.033333,0,0.0,no_bin_start
527,kelmarsh,K04,2017-01-25 20:56:33,2017-01-25 20:58:33,0.033333,0,0.0,no_bin_start
528,kelmarsh,K04,2017-01-25 21:00:33,2017-01-25 21:02:33,0.033333,0,0.0,no_bin_start
529,kelmarsh,K04,2017-01-25 21:04:33,2017-01-25 21:07:39,0.051667,0,0.0,no_bin_start
531,kelmarsh,K04,2017-01-25 21:13:39,2017-01-25 21:15:39,0.033333,0,0.0,no_bin_start
532,kelmarsh,K04,2017-01-25 21:17:39,2017-01-25 21:19:39,0.033333,0,0.0,no_bin_start
549,kelmarsh,K04,2018-03-18 14:50:25,2018-03-18 14:56:13,0.096667,0,0.0,no_bin_start
566,kelmarsh,K04,2019-11-04 16:21:40,2019-11-04 16:23:40,0.033333,0,0.0,no_bin_start
567,kelmarsh,K04,2019-11-04 16:25:40,2019-11-04 16:27:40,0.033333,0,0.0,no_bin_start
571,kelmarsh,K04,2019-11-14 16:44:03,2019-11-14 16:46:15,0.036667,0,0.0,no_bin_start
600,kelmarsh,K04,2020-09-22 14:40:59,2020-09-22 14:42:59,0.033333,0,0.0,no_bin_start
601,kelmarsh,K04,2020-09-22 14:44:59,2020-09-22 14:47:18,0.038611,0,0.0,no_bin_start
604,kelmarsh,K04,2021-02-02 16:13:09,2021-02-02 16:15:08,0.033056,0,0.0,no_bin_start
605,kelmarsh,K04,2021-02-02 16:17:09,2021-02-02 16:19:09,0.033333,0,0.0,no_bin_start
606,kelmarsh,K04,2021-02-02 16:21:11,2021-02-02 16:23:11,0.033333,0,0.0,no_bin_start
609,kelmarsh,K04,2021-08-12 12:45:15,2021-08-12 12:47:15,0.033333,0,0.0,no_bin_start
611,kelmarsh,K04,2021-08-12 12:53:27,2021-08-12 12:55:27,0.033333,0,0.0,no_bin_start
613,kelmarsh,K04,2021-12-19 02:10:03,2021-12-19 02:11:34,0.025278,0,0.0,no_bin_start
619,kelmarsh,K04,2022-03-16 08:33:36,2022-03-16 08:35:25,0.030278,0,0.0,no_bin_start
621,kelmarsh,K04,2022-11-03 11:55:43,2022-11-03 11:56:27,0.012222,0,0.0,no_bin_start
632,kelmarsh,K04,2023-07-29 06:30:00,2023-07-29 07:26:24,0.94,6,0.0,potential_never_exceeds_measured
634,kelmarsh,K04,2023-08-02 01:24:28,2023-08-02 01:27:04,0.043333,0,0.0,no_bin_start
636,kelmarsh,K04,2023-08-02 21:14:48,2023-08-02 21:48:07,0.555278,3,0.0,potential_never_exceeds_measured
637,kelmarsh,K04,2023-08-05 06:09:01,2023-08-05 06:19:28,0.174167,1,0.0,potential_never_exceeds_measured
641,kelmarsh,K04,2023-09-19 14:55:59,2023-09-19 15:39:52,0.731389,4,0.0,potential_never_exceeds_measured
642,kelmarsh,K04,2023-10-01 04:41:46,2023-10-01 04:43:36,0.030556,0,0.0,no_bin_start
644,kelmarsh,K04,2023-10-01 09:53:04,2023-10-01 09:53:35,0.008611,0,0.0,no_bin_start
662,kelmarsh,K04,2024-07-07 06:42:20,2024-07-07 06:46:05,0.0625,0,0.0,no_bin_start
665,kelmarsh,K04,2024-11-15 00:51:14,2024-11-15 00:54:45,0.058611,0,0.0,no_bin_start
714,kelmarsh,K05,2020-07-02 13:35:32,2020-07-02 13:37:32,0.033333,0,0.0,no_bin_start
715,kelmarsh,K05,2020-08-25 15:01:12,2020-08-25 15:03:12,0.033333,0,0.0,no_bin_start
716,kelmarsh,K05,2020-08-25 15:05:12,2020-08-25 15:07:12,0.033333,0,0.0,no_bin_start
720,kelmarsh,K05,2020-09-22 14:32:18,2020-09-22 14:34:18,0.033333,0,0.0,no_bin_start
721,kelmarsh,K05,2020-09-22 14:36:18,2020-09-22 14:38:18,0.033333,0,0.0,no_bin_start
722,kelmarsh,K05,2021-02-02 16:04:11,2021-02-02 16:06:10,0.033056,0,0.0,no_bin_start
724,kelmarsh,K05,2021-02-02 16:12:40,2021-02-02 16:14:40,0.033333,0,0.0,no_bin_start
728,kelmarsh,K05,2021-08-12 12:44:56,2021-08-12 12:46:56,0.033333,0,0.0,no_bin_start
730,kelmarsh,K05,2021-08-12 12:53:41,2021-08-12 12:55:41,0.033333,0,0.0,no_bin_start
736,kelmarsh,K05,2021-11-04 11:57:47,2021-11-04 11:58:34,0.013056,0,0.0,no_bin_start
738,kelmarsh,K05,2021-11-15 10:17:20,2021-11-15 10:17:45,0.006944,0,0.0,no_bin_start
739,kelmarsh,K05,2021-11-15 10:18:56,2021-11-15 10:19:06,0.002778,0,0.0,no_bin_start
740,kelmarsh,K05,2021-11-15 10:22:50,2021-11-15 10:23:06,0.004444,0,0.0,no_bin_start
741,kelmarsh,K05,2021-11-15 10:25:15,2021-11-15 10:25:59,0.012222,0,0.0,no_bin_start
745,kelmarsh,K05,2021-12-17 19:36:17,2021-12-17 19:37:29,0.02,0,0.0,no_bin_start
746,kelmarsh,K05,2021-12-17 19:39:36,2021-12-17 19:41:12,0.026667,1,0.0,potential_never_exceeds_measured
747,kelmarsh,K05,2021-12-17 19:44:35,2021-12-17 19:45:54,0.021944,0,0.0,no_bin_start
748,kelmarsh,K05,2021-12-17 19:48:18,2021-12-17 20:06:09,0.2975,2,0.0,potential_never_exceeds_measured
751,kelmarsh,K05,2022-01-15 05:11:33,2022-01-15 05:16:07,0.076111,0,0.0,no_bin_start
754,kelmarsh,K05,2022-02-04 07:12:49,2022-02-04 07:16:58,0.069167,0,0.0,no_bin_start
755,kelmarsh,K05,2022-02-04 07:21:19,2022-02-04 07:24:11,0.047778,0,0.0,no_bin_start
758,kelmarsh,K05,2022-02-12 00:47:10,2022-02-12 00:49:11,0.033611,0,0.0,no_bin_start
765,kelmarsh,K05,2022-02-27 04:53:22,2022-02-27 04:56:04,0.045,0,0.0,no_bin_start
766,kelmarsh,K05,2022-03-07 08:01:35,2022-03-07 08:09:11,0.126667,0,0.0,no_bin_start
767,kelmarsh,K05,2022-03-07 21:07:06,2022-03-07 21:08:55,0.030278,0,0.0,no_bin_start
768,kelmarsh,K05,2022-03-07 21:11:10,2022-03-07 21:38:43,0.459167,2,0.0,potential_never_exceeds_measured
769,kelmarsh,K05,2022-03-30 21:23:26,2022-03-30 21:27:32,0.068333,0,0.0,no_bin_start
773,kelmarsh,K05,2022-10-23 18:42:01,2022-10-23 18:43:41,0.027778,0,0.0,no_bin_start
774,kelmarsh,K05,2022-11-02 01:29:47,2022-11-02 01:35:34,0.096389,1,0.0,potential_never_exceeds_measured
775,kelmarsh,K05,2022-11-02 01:37:41,2022-11-02 01:44:56,0.120833,1,0.0,potential_never_exceeds_measured
783,kelmarsh,K05,2023-01-05 00:40:34,2023-01-05 00:42:21,0.029722,0,0.0,no_bin_start
784,kelmarsh,K05,2023-01-05 02:44:08,2023-01-05 02:45:55,0.029722,0,0.0,no_bin_start
787,kelmarsh,K05,2023-01-06 17:16:30,2023-01-06 17:18:17,0.029722,0,0.0,no_bin_start
788,kelmarsh,K05,2023-01-30 12:57:51,2023-01-30 12:59:48,0.0325,0,0.0,no_bin_start
790,kelmarsh,K05,2023-02-02 04:01:31,2023-02-02 04:05:49,0.071667,0,0.0,no_bin_start
792,kelmarsh,K05,2023-02-02 12:00:43,2023-02-02 12:02:31,0.03,0,0.0,no_bin_start
793,kelmarsh,K05,2023-02-02 13:02:59,2023-02-02 13:04:48,0.030278,0,0.0,no_bin_start
796,kelmarsh,K05,2023-02-03 14:02:51,2023-02-03 14:04:40,0.030278,0,0.0,no_bin_start
797,kelmarsh,K05,2023-02-03 17:08:55,2023-02-03 17:15:29,0.109444,1,0.0,potential_never_exceeds_measured
798,kelmarsh,K05,2023-02-03 19:18:04,2023-02-03 19:19:53,0.030278,0,0.0,no_bin_start
799,kelmarsh,K05,2023-02-03 20:24:36,2023-02-03 20:26:25,0.030278,0,0.0,no_bin_start
800,kelmarsh,K05,2023-02-03 21:33:02,2023-02-03 21:34:51,0.030278,0,0.0,no_bin_start
801,kelmarsh,K05,2023-02-04 00:47:43,2023-02-04 00:49:36,0.031389,0,0.0,no_bin_start
802,kelmarsh,K05,2023-02-04 01:50:19,2023-02-04 01:52:08,0.030278,0,0.0,no_bin_start
803,kelmarsh,K05,2023-02-04 02:52:14,2023-02-04 03:09:48,0.292778,1,0.0,potential_never_exceeds_measured
804,kelmarsh,K05,2023-02-04 03:54:19,2023-02-04 03:57:48,0.058056,0,0.0,no_bin_start
807,kelmarsh,K05,2023-02-04 11:22:41,2023-02-04 11:24:39,0.032778,0,0.0,no_bin_start
808,kelmarsh,K05,2023-02-04 14:35:03,2023-02-04 14:36:52,0.030278,0,0.0,no_bin_start
810,kelmarsh,K05,2023-02-04 17:40:54,2023-02-04 17:42:43,0.030278,0,0.0,no_bin_start
811,kelmarsh,K05,2023-02-04 18:43:28,2023-02-04 18:58:33,0.251389,1,0.0,potential_never_exceeds_measured
812,kelmarsh,K05,2023-02-04 19:45:08,2023-02-04 19:47:08,0.033333,0,0.0,no_bin_start
814,kelmarsh,K05,2023-02-05 23:14:45,2023-02-05 23:16:16,0.025278,0,0.0,no_bin_start
815,kelmarsh,K05,2023-02-06 00:36:13,2023-02-06 00:37:21,0.018889,0,0.0,no_bin_start
816,kelmarsh,K05,2023-02-06 00:41:54,2023-02-06 00:43:04,0.019444,0,0.0,no_bin_start
817,kelmarsh,K05,2023-02-06 14:56:46,2023-02-06 14:58:35,0.030278,0,0.0,no_bin_start
818,kelmarsh,K05,2023-02-06 19:12:39,2023-02-06 19:14:28,0.030278,0,0.0,no_bin_start
819,kelmarsh,K05,2023-02-07 16:06:45,2023-02-07 16:08:16,0.025278,0,0.0,no_bin_start
820,kelmarsh,K05,2023-02-10 14:32:42,2023-02-10 14:35:04,0.039444,0,0.0,no_bin_start
821,kelmarsh,K05,2023-02-10 15:35:40,2023-02-10 15:37:29,0.030278,0,0.0,no_bin_start
822,kelmarsh,K05,2023-02-10 22:55:22,2023-02-10 22:57:11,0.030278,0,0.0,no_bin_start
823,kelmarsh,K05,2023-02-10 23:57:10,2023-02-10 23:59:22,0.036667,0,0.0,no_bin_start
825,kelmarsh,K05,2023-02-11 02:00:37,2023-02-11 02:05:00,0.073056,0,0.0,no_bin_start
828,kelmarsh,K05,2023-02-11 05:12:05,2023-02-11 05:13:54,0.030278,0,0.0,no_bin_start
830,kelmarsh,K05,2023-02-11 09:20:44,2023-02-11 09:22:33,0.030278,0,0.0,no_bin_start
831,kelmarsh,K05,2023-02-11 23:32:09,2023-02-12 00:00:05,0.465556,3,0.0,potential_never_exceeds_measured
832,kelmarsh,K05,2023-02-12 01:20:24,2023-02-12 01:21:30,0.018333,0,0.0,no_bin_start
833,kelmarsh,K05,2023-02-12 20:45:56,2023-02-12 20:47:45,0.030278,0,0.0,no_bin_start
834,kelmarsh,K05,2023-02-12 23:51:30,2023-02-12 23:53:19,0.030278,0,0.0,no_bin_start
836,kelmarsh,K05,2023-02-13 20:03:53,2023-02-13 20:05:42,0.030278,0,0.0,no_bin_start
837,kelmarsh,K05,2023-02-13 21:06:23,2023-02-13 21:08:12,0.030278,0,0.0,no_bin_start
838,kelmarsh,K05,2023-02-14 17:01:44,2023-02-14 17:03:33,0.030278,0,0.0,no_bin_start
840,kelmarsh,K05,2023-02-15 02:25:15,2023-02-15 02:27:04,0.030278,0,0.0,no_bin_start
841,kelmarsh,K05,2023-02-15 11:33:02,2023-02-15 11:34:49,0.029722,0,0.0,no_bin_start
842,kelmarsh,K05,2023-02-15 12:35:18,2023-02-15 12:37:07,0.030278,0,0.0,no_bin_start
843,kelmarsh,K05,2023-02-15 17:42:32,2023-02-15 17:46:03,0.058611,0,0.0,no_bin_start
844,kelmarsh,K05,2023-02-15 18:54:52,2023-02-15 18:56:41,0.030278,0,0.0,no_bin_start
845,kelmarsh,K05,2023-02-16 12:54:25,2023-02-16 12:56:14,0.030278,0,0.0,no_bin_start
846,kelmarsh,K05,2023-02-16 13:56:27,2023-02-16 13:58:16,0.030278,0,0.0,no_bin_start
848,kelmarsh,K05,2023-02-17 13:00:14,2023-02-17 13:02:03,0.030278,0,0.0,no_bin_start
849,kelmarsh,K05,2023-02-17 16:05:12,2023-02-17 16:07:01,0.030278,0,0.0,no_bin_start
850,kelmarsh,K05,2023-02-17 17:07:03,2023-02-17 17:08:52,0.030278,0,0.0,no_bin_start
854,kelmarsh,K05,2023-02-19 11:38:02,2023-02-19 11:39:51,0.030278,0,0.0,no_bin_start
855,kelmarsh,K05,2023-02-19 13:25:09,2023-02-19 13:26:58,0.030278,0,0.0,no_bin_start
856,kelmarsh,K05,2023-02-19 16:31:37,2023-02-19 16:33:26,0.030278,0,0.0,no_bin_start
857,kelmarsh,K05,2023-02-20 13:15:38,2023-02-20 13:17:27,0.030278,0,0.0,no_bin_start
858,kelmarsh,K05,2023-02-20 18:26:33,2023-02-20 18:28:22,0.030278,0,0.0,no_bin_start
859,kelmarsh,K05,2023-02-20 19:27:57,2023-02-20 19:29:45,0.03,0,0.0,no_bin_start
860,kelmarsh,K05,2023-02-20 22:54:20,2023-02-20 22:56:09,0.030278,0,0.0,no_bin_start
861,kelmarsh,K05,2023-02-20 23:55:43,2023-02-20 23:57:32,0.030278,0,0.0,no_bin_start
862,kelmarsh,K05,2023-02-21 04:04:04,2023-02-21 04:06:06,0.033889,0,0.0,no_bin_start
863,kelmarsh,K05,2023-02-21 05:06:34,2023-02-21 05:08:23,0.030278,0,0.0,no_bin_start
865,kelmarsh,K05,2023-02-21 10:26:24,2023-02-21 10:43:30,0.285,2,0.0,potential_never_exceeds_measured
866,kelmarsh,K05,2023-02-21 13:05:13,2023-02-21 13:07:02,0.030278,0,0.0,no_bin_start
869,kelmarsh,K05,2023-02-21 16:50:30,2023-02-21 16:52:28,0.032778,0,0.0,no_bin_start
870,kelmarsh,K05,2023-02-21 19:08:00,2023-02-21 19:09:49,0.030278,0,0.0,no_bin_start
871,kelmarsh,K05,2023-02-21 21:11:39,2023-02-21 21:13:28,0.030278,0,0.0,no_bin_start
875,kelmarsh,K05,2023-02-24 10:13:18,2023-02-24 10:15:07,0.030278,0,0.0,no_bin_start
876,kelmarsh,K05,2023-02-24 11:14:47,2023-02-24 11:16:36,0.030278,0,0.0,no_bin_start
877,kelmarsh,K05,2023-02-24 12:41:47,2023-02-24 12:43:36,0.030278,0,0.0,no_bin_start
878,kelmarsh,K05,2023-02-24 16:47:30,2023-02-24 16:49:19,0.030278,0,0.0,no_bin_start
880,kelmarsh,K05,2023-03-12 05:35:39,2023-03-12 05:37:28,0.030278,0,0.0,no_bin_start
881,kelmarsh,K05,2023-03-12 06:37:59,2023-03-12 06:39:48,0.030278,0,0.0,no_bin_start
883,kelmarsh,K05,2023-03-13 19:07:25,2023-03-13 19:09:13,0.03,0,0.0,no_bin_start
886,kelmarsh,K05,2023-03-16 05:15:19,2023-03-16 05:17:08,0.030278,0,0.0,no_bin_start
887,kelmarsh,K05,2023-03-16 07:34:25,2023-03-16 07:36:14,0.030278,0,0.0,no_bin_start
889,kelmarsh,K05,2023-03-16 10:40:45,2023-03-16 10:45:33,0.08,0,0.0,no_bin_start
890,kelmarsh,K05,2023-03-16 11:47:13,2023-03-16 11:49:02,0.030278,0,0.0,no_bin_start
891,kelmarsh,K05,2023-03-16 13:51:53,2023-03-16 13:53:41,0.03,0,0.0,no_bin_start
892,kelmarsh,K05,2023-03-16 15:14:35,2023-03-16 15:16:24,0.030278,0,0.0,no_bin_start
894,kelmarsh,K05,2023-03-17 08:32:23,2023-03-17 08:34:37,0.037222,0,0.0,no_bin_start
895,kelmarsh,K05,2023-03-17 10:36:15,2023-03-17 10:38:04,0.030278,0,0.0,no_bin_start
896,kelmarsh,K05,2023-03-17 12:52:56,2023-03-17 12:54:44,0.03,0,0.0,no_bin_start
897,kelmarsh,K05,2023-03-17 13:54:17,2023-03-17 13:58:34,0.071389,0,0.0,no_bin_start
898,kelmarsh,K05,2023-03-17 15:03:40,2023-03-17 15:05:29,0.030278,0,0.0,no_bin_start
899,kelmarsh,K05,2023-03-17 16:51:32,2023-03-17 16:53:21,0.030278,0,0.0,no_bin_start
900,kelmarsh,K05,2023-03-17 17:52:40,2023-03-17 18:08:11,0.258611,1,0.0,potential_never_exceeds_measured
901,kelmarsh,K05,2023-03-17 18:54:45,2023-03-17 18:56:34,0.030278,0,0.0,no_bin_start
902,kelmarsh,K05,2023-03-17 19:56:55,2023-03-17 19:58:45,0.030556,0,0.0,no_bin_start
904,kelmarsh,K05,2023-03-17 22:00:40,2023-03-17 22:03:56,0.054444,0,0.0,no_bin_start
905,kelmarsh,K05,2023-03-18 02:09:26,2023-03-18 02:13:47,0.0725,1,0.0,potential_never_exceeds_measured
906,kelmarsh,K05,2023-03-18 04:15:49,2023-03-18 04:17:38,0.030278,0,0.0,no_bin_start
908,kelmarsh,K05,2023-04-17 02:06:49,2023-04-17 02:08:50,0.033611,0,0.0,no_bin_start
909,kelmarsh,K05,2023-04-18 00:44:12,2023-04-18 00:46:12,0.033333,0,0.0,no_bin_start
911,kelmarsh,K05,2023-04-18 04:47:58,2023-04-18 04:49:58,0.033333,0,0.0,no_bin_start
912,kelmarsh,K05,2023-04-18 06:50:34,2023-04-18 06:57:18,0.112222,0,0.0,no_bin_start
913,kelmarsh,K05,2023-04-19 06:04:02,2023-04-19 06:05:51,0.030278,0,0.0,no_bin_start
915,kelmarsh,K05,2023-04-23 20:59:06,2023-04-23 21:03:25,0.071944,1,0.0,potential_never_exceeds_measured
916,kelmarsh,K05,2023-04-25 05:23:55,2023-04-25 05:25:55,0.033333,0,0.0,no_bin_start
918,kelmarsh,K05,2023-04-27 07:46:16,2023-04-27 07:48:44,0.041111,0,0.0,no_bin_start
920,kelmarsh,K05,2023-04-27 20:03:34,2023-04-27 20:05:35,0.033611,0,0.0,no_bin_start
922,kelmarsh,K05,2023-04-28 08:50:08,2023-04-28 08:53:08,0.05,0,0.0,no_bin_start
923,kelmarsh,K05,2023-04-29 00:59:17,2023-04-29 01:00:48,0.025278,1,0.0,potential_never_exceeds_measured
924,kelmarsh,K05,2023-04-29 01:50:35,2023-04-29 01:52:35,0.033333,0,0.0,no_bin_start
925,kelmarsh,K05,2023-05-01 06:32:16,2023-05-01 06:34:04,0.03,0,0.0,no_bin_start
926,kelmarsh,K05,2023-05-01 06:40:01,2023-05-01 06:48:08,0.135278,0,0.0,no_bin_start
928,kelmarsh,K05,2023-05-04 03:24:44,2023-05-04 03:26:33,0.030278,0,0.0,no_bin_start
929,kelmarsh,K05,2023-05-04 03:43:34,2023-05-04 03:46:57,0.056389,0,0.0,no_bin_start
931,kelmarsh,K05,2023-05-04 03:54:21,2023-05-04 03:55:51,0.025,0,0.0,no_bin_start
933,kelmarsh,K05,2023-05-05 03:03:07,2023-05-05 03:04:56,0.030278,0,0.0,no_bin_start
934,kelmarsh,K05,2023-05-05 03:18:41,2023-05-05 03:20:29,0.03,1,0.0,potential_never_exceeds_measured
935,kelmarsh,K05,2023-05-05 03:22:12,2023-05-05 04:01:29,0.654722,4,0.0,potential_never_exceeds_measured
936,kelmarsh,K05,2023-05-05 04:03:35,2023-05-05 04:04:48,0.020278,0,0.0,no_bin_start
937,kelmarsh,K05,2023-05-05 04:07:27,2023-05-05 04:11:43,0.071111,1,0.0,potential_never_exceeds_measured
938,kelmarsh,K05,2023-05-06 06:02:54,2023-05-06 06:04:43,0.030278,0,0.0,no_bin_start
939,kelmarsh,K05,2023-05-06 06:18:22,2023-05-06 06:23:44,0.089444,1,0.0,potential_never_exceeds_measured
940,kelmarsh,K05,2023-05-06 06:27:52,2023-05-06 06:29:16,0.023333,0,0.0,no_bin_start
941,kelmarsh,K05,2023-05-06 06:30:27,2023-05-06 07:00:05,0.493889,3,0.0,potential_never_exceeds_measured
948,kelmarsh,K05,2023-09-12 08:18:53,2023-09-12 08:31:34,0.211389,2,0.0,potential_never_exceeds_measured
960,kelmarsh,K05,2023-09-27 02:38:17,2023-09-27 02:38:49,0.008889,0,0.0,no_bin_start
977,kelmarsh,K05,2024-03-26 10:20:45,2024-03-26 10:37:52,0.285278,1,0.0,potential_never_exceeds_measured
983,kelmarsh,K05,2024-03-31 08:41:58,2024-03-31 08:42:23,0.006944,0,0.0,no_bin_start
987,kelmarsh,K05,2024-04-04 05:25:58,2024-04-04 05:44:50,0.314444,2,0.0,potential_never_exceeds_measured
993,kelmarsh,K05,2024-04-10 00:43:48,2024-04-10 00:49:24,0.093333,0,0.0,no_bin_start
1000,kelmarsh,K05,2024-04-22 11:09:09,2024-04-22 11:53:44,0.743056,5,0.0,potential_never_exceeds_measured
1001,kelmarsh,K05,2024-04-22 12:32:54,2024-04-22 13:10:32,0.627222,4,0.0,potential_never_exceeds_measured
1003,kelmarsh,K05,2024-04-25 13:21:15,2024-04-25 13:27:34,0.105278,0,0.0,no_bin_start
1004,kelmarsh,K05,2024-05-05 04:56:45,2024-05-05 05:45:54,0.819167,5,0.0,potential_never_exceeds_measured
1005,kelmarsh,K05,2024-05-05 05:47:01,2024-05-05 05:53:30,0.108056,1,0.0,potential_never_exceeds_measured
1006,kelmarsh,K05,2024-05-05 06:14:44,2024-05-05 06:24:57,0.170278,1,0.0,potential_never_exceeds_measured
1007,kelmarsh,K05,2024-05-06 01:20:32,2024-05-06 02:07:50,0.788333,4,0.0,potential_never_exceeds_measured
1008,kelmarsh,K05,2024-05-06 04:04:51,2024-05-06 04:46:32,0.694722,4,0.0,potential_never_exceeds_measured
1009,kelmarsh,K05,2024-05-08 03:34:27,2024-05-08 04:06:36,0.535833,3,0.0,potential_never_exceeds_measured
1014,kelmarsh,K05,2024-06-12 17:34:35,2024-06-12 17:44:45,0.169444,1,0.0,potential_never_exceeds_measured
1015,kelmarsh,K05,2024-06-20 08:17:19,2024-06-20 08:48:16,0.515833,3,0.0,potential_never_exceeds_measured
1016,kelmarsh,K05,2024-06-20 11:16:00,2024-06-20 13:23:42,2.128333,13,0.0,potential_never_exceeds_measured
1017,kelmarsh,K05,2024-06-21 06:50:52,2024-06-21 08:15:13,1.405833,8,0.0,potential_never_exceeds_measured
1018,kelmarsh,K05,2024-06-24 08:03:54,2024-06-24 08:47:30,0.726667,4,0.0,potential_never_exceeds_measured
1019,kelmarsh,K05,2024-06-25 00:01:15,2024-06-25 00:45:52,0.743611,4,0.0,potential_never_exceeds_measured
1020,kelmarsh,K05,2024-06-25 01:35:06,2024-06-25 02:40:05,1.083056,7,0.0,potential_never_exceeds_measured
1022,kelmarsh,K05,2024-06-25 13:55:47,2024-06-25 13:55:52,0.001389,0,0.0,no_bin_start
1024,kelmarsh,K05,2024-06-29 14:24:38,2024-06-29 14:34:56,0.171667,1,0.0,potential_never_exceeds_measured
1031,kelmarsh,K06,2016-04-22 10:57:15,2016-04-22 10:59:15,0.033333,0,0.0,no_bin_start
1032,kelmarsh,K06,2016-04-22 11:01:38,2016-04-22 11:03:38,0.033333,0,0.0,no_bin_start
1033,kelmarsh,K06,2016-04-22 11:05:38,2016-04-22 11:07:38,0.033333,0,0.0,no_bin_start
1041,kelmarsh,K06,2016-08-20 17:34:12,2016-08-20 17:39:54,0.095,0,0.0,no_bin_start
1047,kelmarsh,K06,2017-01-25 20:27:14,2017-01-25 20:29:14,0.033333,0,0.0,no_bin_start
1048,kelmarsh,K06,2017-01-25 20:31:14,2017-01-25 20:33:14,0.033333,0,0.0,no_bin_start
1049,kelmarsh,K06,2017-01-25 20:35:14,2017-01-25 20:37:14,0.033333,0,0.0,no_bin_start
1052,kelmarsh,K06,2017-01-25 20:55:09,2017-01-25 20:57:09,0.033333,0,0.0,no_bin_start
1054,kelmarsh,K06,2017-01-25 21:03:24,2017-01-25 21:09:25,0.100278,0,0.0,no_bin_start
1075,kelmarsh,K06,2017-10-13 17:58:42,2017-10-13 17:59:37,0.015278,0,0.0,no_bin_start
1083,kelmarsh,K06,2018-01-31 12:20:49,2018-01-31 12:26:37,0.096667,0,0.0,no_bin_start
1090,kelmarsh,K06,2018-11-02 16:37:59,2018-11-02 16:39:59,0.033333,0,0.0,no_bin_start
1091,kelmarsh,K06,2018-11-02 16:41:59,2018-11-02 16:43:59,0.033333,0,0.0,no_bin_start
1092,kelmarsh,K06,2018-11-02 16:45:59,2018-11-02 16:47:59,0.033333,0,0.0,no_bin_start
1093,kelmarsh,K06,2018-11-02 16:50:05,2018-11-02 16:51:29,0.023333,0,0.0,no_bin_start
1094,kelmarsh,K06,2018-11-02 16:53:29,2018-11-02 16:55:29,0.033333,0,0.0,no_bin_start
1095,kelmarsh,K06,2018-11-02 16:57:29,2018-11-02 16:59:29,0.033333,0,0.0,no_bin_start
1096,kelmarsh,K06,2018-11-02 17:01:29,2018-11-02 17:03:29,0.033333,0,0.0,no_bin_start
1120,kelmarsh,K06,2020-07-02 13:35:02,2020-07-02 13:37:02,0.033333,0,0.0,no_bin_start
1123,kelmarsh,K06,2020-08-25 15:20:05,2020-08-25 15:22:05,0.033333,0,0.0,no_bin_start
1124,kelmarsh,K06,2020-08-25 15:24:05,2020-08-25 15:26:05,0.033333,0,0.0,no_bin_start
1128,kelmarsh,K06,2020-09-22 14:35:35,2020-09-22 14:37:35,0.033333,0,0.0,no_bin_start
1130,kelmarsh,K06,2020-09-22 14:43:38,2020-09-22 14:45:38,0.033333,0,0.0,no_bin_start
1131,kelmarsh,K06,2020-11-26 04:27:46,2020-11-26 04:38:32,0.179444,1,0.0,potential_never_exceeds_measured
1134,kelmarsh,K06,2021-02-02 16:05:16,2021-02-02 16:07:16,0.033333,0,0.0,no_bin_start
1136,kelmarsh,K06,2021-02-02 16:13:16,2021-02-02 16:15:16,0.033333,0,0.0,no_bin_start
1139,kelmarsh,K06,2021-04-19 05:01:16,2021-04-19 05:12:03,0.179722,1,0.0,potential_never_exceeds_measured
1142,kelmarsh,K06,2021-08-12 12:44:50,2021-08-12 12:46:50,0.033333,0,0.0,no_bin_start
1144,kelmarsh,K06,2021-08-12 12:53:30,2021-08-12 12:55:30,0.033333,0,0.0,no_bin_start
1173,kelmarsh,K06,2023-09-07 23:24:43,2023-09-07 23:35:30,0.179722,1,0.0,potential_never_exceeds_measured
1197,kelmarsh,K06,2024-09-04 12:15:40,2024-09-04 12:16:02,0.006111,0,0.0,no_bin_start
1202,penmanshiel,P01,2016-09-15 13:12:52,2016-09-15 13:27:24,0.242222,1,0.0,potential_never_exceeds_measured
1241,penmanshiel,P01,2016-10-05 18:21:54,2016-10-05 18:26:32,0.077222,0,0.0,no_bin_start
1243,penmanshiel,P01,2016-10-05 18:32:35,2016-10-05 18:34:35,0.033333,0,0.0,no_bin_start
1245,penmanshiel,P01,2016-10-05 18:42:40,2016-10-05 18:44:47,0.035278,0,0.0,no_bin_start
1246,penmanshiel,P01,2016-10-05 18:46:47,2016-10-05 18:48:47,0.033333,0,0.0,no_bin_start
1247,penmanshiel,P01,2016-10-05 18:50:47,2016-10-05 18:52:14,0.024167,0,0.0,no_bin_start
1250,penmanshiel,P01,2016-10-31 12:00:21,2016-10-31 12:17:06,0.279167,1,0.0,potential_never_exceeds_measured
1255,penmanshiel,P01,2016-11-19 22:52:19,2016-11-19 22:54:19,0.033333,0,0.0,no_bin_start
1256,penmanshiel,P01,2016-11-19 22:56:19,2016-11-19 22:58:19,0.033333,0,0.0,no_bin_start
1259,penmanshiel,P01,2016-11-30 11:42:12,2016-11-30 11:43:54,0.028333,0,0.0,no_bin_start
1287,penmanshiel,P01,2017-06-14 21:22:06,2017-06-14 21:24:06,0.033333,0,0.0,no_bin_start
1288,penmanshiel,P01,2017-06-14 21:26:06,2017-06-14 21:28:06,0.033333,0,0.0,no_bin_start
1289,penmanshiel,P01,2017-06-14 21:30:06,2017-06-14 21:32:06,0.033333,0,0.0,no_bin_start
1295,penmanshiel,P01,2017-08-21 15:59:32,2017-08-21 16:01:32,0.033333,1,0.0,potential_never_exceeds_measured
1297,penmanshiel,P01,2017-10-04 20:15:36,2017-10-04 20:25:48,0.17,1,0.0,potential_never_exceeds_measured
1299,penmanshiel,P01,2017-10-06 12:15:48,2017-10-06 12:26:00,0.17,1,0.0,potential_never_exceeds_measured
1317,penmanshiel,P01,2018-11-22 06:12:56,2018-11-22 06:30:10,0.287222,2,0.0,potential_never_exceeds_measured
1330,penmanshiel,P01,2019-08-02 10:55:22,2019-08-02 10:57:22,0.033333,0,0.0,no_bin_start
1332,penmanshiel,P01,2019-08-02 11:03:22,2019-08-02 11:05:22,0.033333,0,0.0,no_bin_start
1334,penmanshiel,P01,2019-08-02 11:13:47,2019-08-02 11:15:47,0.033333,0,0.0,no_bin_start
1335,penmanshiel,P01,2019-08-02 11:17:47,2019-08-02 11:19:47,0.033333,0,0.0,no_bin_start
1336,penmanshiel,P01,2019-08-02 11:22:24,2019-08-02 11:24:24,0.033333,0,0.0,no_bin_start
1339,penmanshiel,P01,2019-08-02 11:42:09,2019-08-02 11:44:09,0.033333,0,0.0,no_bin_start
1340,penmanshiel,P01,2019-08-02 11:46:48,2019-08-02 11:48:48,0.033333,0,0.0,no_bin_start
1345,penmanshiel,P01,2019-11-07 22:20:04,2019-11-07 22:21:49,0.029167,0,0.0,no_bin_start
1367,penmanshiel,P01,2020-06-11 17:50:11,2020-06-11 17:52:11,0.033333,0,0.0,no_bin_start
1368,penmanshiel,P01,2020-06-11 17:54:11,2020-06-11 17:56:11,0.033333,0,0.0,no_bin_start
1372,penmanshiel,P01,2020-06-11 20:17:01,2020-06-11 20:18:50,0.030278,0,0.0,no_bin_start
1383,penmanshiel,P01,2020-10-10 15:43:18,2020-10-10 15:45:18,0.033333,0,0.0,no_bin_start
1385,penmanshiel,P01,2020-10-10 17:53:14,2020-10-10 17:55:15,0.033611,0,0.0,no_bin_start
1386,penmanshiel,P01,2020-10-10 17:57:16,2020-10-10 17:59:16,0.033333,0,0.0,no_bin_start
1388,penmanshiel,P01,2020-10-10 19:57:17,2020-10-10 19:59:17,0.033333,0,0.0,no_bin_start
1389,penmanshiel,P01,2020-10-10 20:01:17,2020-10-10 20:03:17,0.033333,0,0.0,no_bin_start
1393,penmanshiel,P01,2020-10-11 07:16:32,2020-10-11 07:18:21,0.030278,0,0.0,no_bin_start
1397,penmanshiel,P01,2020-12-14 15:32:47,2020-12-14 15:34:47,0.033333,0,0.0,no_bin_start
1398,penmanshiel,P01,2020-12-14 15:36:47,2020-12-14 15:38:47,0.033333,0,0.0,no_bin_start
1416,penmanshiel,P01,2021-08-28 09:36:13,2021-08-28 09:37:44,0.025278,0,0.0,no_bin_start
1420,penmanshiel,P01,2021-11-27 10:56:00,2021-11-27 10:57:40,0.027778,0,0.0,no_bin_start
1434,penmanshiel,P01,2022-02-17 12:45:25,2022-02-17 12:47:10,0.029167,0,0.0,no_bin_start
1438,penmanshiel,P01,2022-04-23 10:01:32,2022-04-23 10:02:06,0.009444,0,0.0,no_bin_start
1441,penmanshiel,P01,2022-04-25 08:48:37,2022-04-25 08:51:33,0.048889,1,0.0,potential_never_exceeds_measured
1447,penmanshiel,P01,2022-09-21 13:54:51,2022-09-21 13:55:49,0.016111,0,0.0,no_bin_start
1451,penmanshiel,P01,2023-02-17 10:45:55,2023-02-17 10:47:35,0.027778,0,0.0,no_bin_start
1454,penmanshiel,P01,2023-09-21 15:36:21,2023-09-21 15:38:21,0.033333,0,0.0,no_bin_start
1455,penmanshiel,P01,2023-09-21 15:40:21,2023-09-21 15:42:21,0.033333,0,0.0,no_bin_start
1456,penmanshiel,P01,2023-09-21 15:44:29,2023-09-21 15:46:29,0.033333,0,0.0,no_bin_start
1461,penmanshiel,P02,2016-09-15 13:47:03,2016-09-15 14:03:48,0.279167,2,0.0,potential_never_exceeds_measured
1486,penmanshiel,P02,2016-09-26 16:16:11,2016-09-26 16:19:11,0.05,0,0.0,no_bin_start
1509,penmanshiel,P02,2016-11-04 19:13:15,2016-11-04 19:15:15,0.033333,0,0.0,no_bin_start
1510,penmanshiel,P02,2016-11-04 19:17:48,2016-11-04 19:19:48,0.033333,0,0.0,no_bin_start
1512,penmanshiel,P02,2016-11-04 20:21:03,2016-11-04 20:22:48,0.029167,0,0.0,no_bin_start
1517,penmanshiel,P02,2016-11-19 22:51:00,2016-11-19 22:53:00,0.033333,0,0.0,no_bin_start
1518,penmanshiel,P02,2016-11-19 22:55:00,2016-11-19 22:57:00,0.033333,0,0.0,no_bin_start
1522,penmanshiel,P02,2016-12-21 11:27:13,2016-12-21 11:29:01,0.03,0,0.0,no_bin_start
1524,penmanshiel,P02,2016-12-21 11:52:43,2016-12-21 11:54:31,0.03,0,0.0,no_bin_start
1560,penmanshiel,P02,2017-05-19 11:31:11,2017-05-19 11:57:40,0.441389,2,0.0,potential_never_exceeds_measured
1561,penmanshiel,P02,2017-05-25 05:54:15,2017-05-25 06:22:17,0.467222,3,0.0,potential_never_exceeds_measured
1575,penmanshiel,P02,2017-11-07 15:51:50,2017-11-07 15:56:19,0.074722,0,0.0,no_bin_start
1576,penmanshiel,P02,2017-11-08 02:30:07,2017-11-08 02:34:37,0.075,0,0.0,no_bin_start
1577,penmanshiel,P02,2017-11-13 08:13:01,2017-11-13 08:17:30,0.074722,0,0.0,no_bin_start
1578,penmanshiel,P02,2017-11-14 23:30:39,2017-11-14 23:35:08,0.074722,0,0.0,no_bin_start
1585,penmanshiel,P02,2018-03-11 10:27:45,2018-03-11 10:57:22,0.493611,3,0.0,potential_never_exceeds_measured
1602,penmanshiel,P02,2018-06-26 11:11:14,2018-06-26 13:28:52,2.293889,13,0.0,potential_never_exceeds_measured
1603,penmanshiel,P02,2018-07-21 17:14:18,2018-07-21 17:26:17,0.199722,1,0.0,potential_never_exceeds_measured
1605,penmanshiel,P02,2018-08-10 19:06:11,2018-08-10 19:16:27,0.171111,1,0.0,potential_never_exceeds_measured
1607,penmanshiel,P02,2018-09-04 23:51:57,2018-09-05 00:02:13,0.171111,1,0.0,potential_never_exceeds_measured
1608,penmanshiel,P02,2018-09-05 13:23:07,2018-09-05 13:29:50,0.111944,0,0.0,no_bin_start
1616,penmanshiel,P02,2018-09-22 10:42:07,2018-09-22 10:42:46,0.010833,0,0.0,no_bin_start
1633,penmanshiel,P02,2019-02-28 18:57:01,2019-02-28 19:24:52,0.464167,3,0.0,potential_never_exceeds_measured
1639,penmanshiel,P02,2019-05-13 06:15:32,2019-05-13 07:20:41,1.085833,7,0.0,potential_never_exceeds_measured
1640,penmanshiel,P02,2019-05-14 18:41:22,2019-05-14 18:49:29,0.135278,0,0.0,no_bin_start
1647,penmanshiel,P02,2019-08-02 11:02:28,2019-08-02 11:04:28,0.033333,0,0.0,no_bin_start
1648,penmanshiel,P02,2019-08-02 11:06:28,2019-08-02 11:08:28,0.033333,0,0.0,no_bin_start
1649,penmanshiel,P02,2019-08-02 11:10:28,2019-08-02 11:12:40,0.036667,0,0.0,no_bin_start
1650,penmanshiel,P02,2019-08-02 11:15:02,2019-08-02 11:17:02,0.033333,0,0.0,no_bin_start
1652,penmanshiel,P02,2019-08-02 11:23:55,2019-08-02 11:25:55,0.033333,0,0.0,no_bin_start
1655,penmanshiel,P02,2019-09-08 11:54:48,2019-09-08 12:03:04,0.137778,1,0.0,potential_never_exceeds_measured
1657,penmanshiel,P02,2019-11-10 14:38:29,2019-11-10 14:49:25,0.182222,1,0.0,potential_never_exceeds_measured
1719,penmanshiel,P02,2020-06-11 19:43:50,2020-06-11 19:45:50,0.033333,0,0.0,no_bin_start
1720,penmanshiel,P02,2020-06-11 19:47:50,2020-06-11 19:49:50,0.033333,0,0.0,no_bin_start
1722,penmanshiel,P02,2020-06-11 22:35:41,2020-06-11 22:37:29,0.03,0,0.0,no_bin_start
1726,penmanshiel,P02,2020-09-08 10:10:56,2020-09-08 10:16:01,0.084722,0,0.0,no_bin_start
1734,penmanshiel,P02,2020-09-19 08:20:57,2020-09-19 08:28:32,0.126389,0,0.0,no_bin_start
1740,penmanshiel,P02,2020-10-10 15:40:59,2020-10-10 15:42:59,0.033333,0,0.0,no_bin_start
1741,penmanshiel,P02,2020-10-10 15:45:05,2020-10-10 15:47:05,0.033333,0,0.0,no_bin_start
1744,penmanshiel,P02,2020-10-10 20:22:27,2020-10-10 20:24:16,0.030278,0,0.0,no_bin_start
1747,penmanshiel,P02,2020-11-11 18:54:46,2020-11-11 18:56:46,0.033333,0,0.0,no_bin_start
1749,penmanshiel,P02,2020-11-11 19:02:46,2020-11-11 19:04:46,0.033333,0,0.0,no_bin_start
1751,penmanshiel,P02,2020-12-02 13:06:06,2020-12-02 13:08:06,0.033333,0,0.0,no_bin_start
1771,penmanshiel,P02,2021-06-22 14:12:41,2021-06-22 14:23:28,0.179722,1,0.0,potential_never_exceeds_measured
1772,penmanshiel,P02,2021-06-26 19:25:30,2021-06-26 19:36:56,0.190556,1,0.0,potential_never_exceeds_measured
1773,penmanshiel,P02,2021-06-27 08:37:23,2021-06-27 08:53:25,0.267222,2,0.0,potential_never_exceeds_measured
1778,penmanshiel,P02,2021-08-26 16:22:21,2021-08-26 16:24:45,0.04,0,0.0,no_bin_start
1791,penmanshiel,P02,2022-01-29 08:04:45,2022-01-29 08:05:14,0.008056,0,0.0,no_bin_start
1816,penmanshiel,P02,2022-04-02 05:27:21,2022-04-02 05:28:52,0.025278,0,0.0,no_bin_start
1817,penmanshiel,P02,2022-04-02 05:43:08,2022-04-02 05:44:38,0.025,0,0.0,no_bin_start
1818,penmanshiel,P02,2022-04-02 06:52:20,2022-04-02 06:56:28,0.068889,0,0.0,no_bin_start
1826,penmanshiel,P02,2022-09-21 13:54:54,2022-09-21 13:56:54,0.033333,0,0.0,no_bin_start
1828,penmanshiel,P02,2022-09-21 14:03:04,2022-09-21 14:05:04,0.033333,0,0.0,no_bin_start
1830,penmanshiel,P02,2022-10-04 17:34:50,2022-10-04 17:36:39,0.030278,0,0.0,no_bin_start
1831,penmanshiel,P02,2022-10-04 17:41:34,2022-10-04 17:42:59,0.023611,0,0.0,no_bin_start
1832,penmanshiel,P02,2022-10-04 17:56:39,2022-10-04 17:58:27,0.03,0,0.0,no_bin_start
1833,penmanshiel,P02,2022-10-04 18:06:35,2022-10-04 18:08:24,0.030278,0,0.0,no_bin_start
1834,penmanshiel,P02,2022-10-04 18:18:57,2022-10-04 18:20:04,0.018611,1,0.0,potential_never_exceeds_measured
1835,penmanshiel,P02,2022-10-04 18:23:38,2022-10-04 18:24:58,0.022222,0,0.0,no_bin_start
1836,penmanshiel,P02,2022-10-04 18:26:26,2022-10-04 18:27:50,0.023333,0,0.0,no_bin_start
1837,penmanshiel,P02,2022-10-04 18:37:55,2022-10-04 18:39:04,0.019167,0,0.0,no_bin_start
1838,penmanshiel,P02,2022-10-04 19:04:24,2022-10-04 19:24:59,0.343056,2,0.0,potential_never_exceeds_measured
1841,penmanshiel,P02,2022-10-13 01:04:00,2022-10-13 01:05:31,0.025278,0,0.0,no_bin_start
1842,penmanshiel,P02,2022-10-14 07:43:38,2022-10-14 07:45:09,0.025278,0,0.0,no_bin_start
1844,penmanshiel,P02,2022-10-19 07:02:50,2022-10-19 07:04:39,0.030278,0,0.0,no_bin_start
1846,penmanshiel,P02,2022-11-04 10:42:25,2022-11-04 10:44:14,0.030278,0,0.0,no_bin_start
1857,penmanshiel,P02,2023-02-17 10:42:07,2023-02-17 10:43:46,0.0275,0,0.0,no_bin_start
1858,penmanshiel,P02,2023-04-13 00:00:13,2023-04-13 01:11:03,1.180556,7,0.0,potential_never_exceeds_measured
1859,penmanshiel,P02,2023-05-06 10:12:14,2023-05-06 10:14:01,0.029722,0,0.0,no_bin_start
1860,penmanshiel,P02,2023-05-14 23:28:47,2023-05-14 23:52:16,0.391389,3,0.0,potential_never_exceeds_measured
1861,penmanshiel,P02,2023-06-01 05:26:45,2023-06-01 05:28:33,0.03,0,0.0,no_bin_start
1862,penmanshiel,P02,2023-06-04 11:41:15,2023-06-04 11:43:04,0.030278,0,0.0,no_bin_start
1866,penmanshiel,P02,2023-08-05 05:01:10,2023-08-05 05:02:58,0.03,0,0.0,no_bin_start
1868,penmanshiel,P02,2023-09-21 15:36:10,2023-09-21 15:38:10,0.033333,0,0.0,no_bin_start
1869,penmanshiel,P02,2023-09-21 15:40:20,2023-09-21 15:42:20,0.033333,0,0.0,no_bin_start
1870,penmanshiel,P02,2023-09-21 15:44:40,2023-09-21 15:46:40,0.033333,0,0.0,no_bin_start
1873,penmanshiel,P02,2023-11-04 07:31:50,2023-11-04 08:18:58,0.785556,4,0.0,potential_never_exceeds_measured
1874,penmanshiel,P02,2023-11-04 16:47:01,2023-11-04 16:48:49,0.03,0,0.0,no_bin_start
1875,penmanshiel,P02,2023-11-16 12:21:56,2023-11-16 12:23:43,0.029722,0,0.0,no_bin_start
1876,penmanshiel,P02,2023-11-16 18:20:28,2023-11-16 18:54:57,0.574722,3,0.0,potential_never_exceeds_measured
1877,penmanshiel,P02,2023-11-17 18:54:34,2023-11-17 18:56:22,0.03,0,0.0,no_bin_start
1887,penmanshiel,P02,2023-12-27 10:14:33,2023-12-27 10:15:19,0.012778,0,0.0,no_bin_start
1895,penmanshiel,P04,2016-09-26 16:16:11,2016-09-26 16:19:31,0.055556,0,0.0,no_bin_start
1917,penmanshiel,P04,2016-11-03 14:32:21,2016-11-03 14:34:21,0.033333,0,0.0,no_bin_start
1918,penmanshiel,P04,2016-11-03 14:36:21,2016-11-03 14:38:21,0.033333,0,0.0,no_bin_start
1921,penmanshiel,P04,2016-11-03 15:03:42,2016-11-03 15:05:42,0.033333,0,0.0,no_bin_start
1924,penmanshiel,P04,2016-11-21 18:08:14,2016-11-21 18:09:56,0.028333,0,0.0,no_bin_start
1926,penmanshiel,P04,2016-11-21 21:53:19,2016-11-21 21:54:02,0.011944,0,0.0,no_bin_start
1932,penmanshiel,P04,2016-11-26 19:15:37,2016-11-26 19:37:23,0.362778,2,0.0,potential_never_exceeds_measured
1934,penmanshiel,P04,2016-11-30 12:36:06,2016-11-30 12:37:52,0.029444,0,0.0,no_bin_start
1935,penmanshiel,P04,2016-12-12 16:51:36,2016-12-12 17:28:40,0.617778,3,0.0,potential_never_exceeds_measured
1936,penmanshiel,P04,2016-12-12 22:30:54,2016-12-12 22:54:44,0.397222,2,0.0,potential_never_exceeds_measured
1940,penmanshiel,P04,2016-12-20 02:40:05,2016-12-20 03:15:14,0.585833,3,0.0,potential_never_exceeds_measured
1966,penmanshiel,P04,2017-05-11 12:01:38,2017-05-11 12:01:46,0.002222,0,0.0,no_bin_start
1973,penmanshiel,P04,2017-06-14 21:21:56,2017-06-14 21:23:56,0.033333,0,0.0,no_bin_start
1974,penmanshiel,P04,2017-06-14 21:25:58,2017-06-14 21:27:58,0.033333,0,0.0,no_bin_start
1980,penmanshiel,P04,2017-07-16 03:56:58,2017-07-16 04:07:40,0.178333,1,0.0,potential_never_exceeds_measured
1991,penmanshiel,P04,2018-04-17 14:17:02,2018-04-17 14:18:36,0.026111,0,0.0,no_bin_start
1994,penmanshiel,P04,2018-06-12 14:12:06,2018-06-12 14:29:06,0.283333,1,0.0,potential_never_exceeds_measured
2010,penmanshiel,P04,2019-08-02 10:53:18,2019-08-02 10:55:18,0.033333,0,0.0,no_bin_start
2011,penmanshiel,P04,2019-08-02 10:57:18,2019-08-02 10:59:18,0.033333,0,0.0,no_bin_start
2012,penmanshiel,P04,2019-08-02 11:01:18,2019-08-02 11:03:18,0.033333,0,0.0,no_bin_start
2014,penmanshiel,P04,2019-08-02 11:15:20,2019-08-02 11:17:20,0.033333,0,0.0,no_bin_start
2016,penmanshiel,P04,2019-08-02 11:23:27,2019-08-02 11:25:27,0.033333,0,0.0,no_bin_start
2045,penmanshiel,P04,2020-10-10 15:47:25,2020-10-10 15:49:25,0.033333,0,0.0,no_bin_start
2046,penmanshiel,P04,2020-10-10 15:51:45,2020-10-10 15:53:45,0.033333,0,0.0,no_bin_start
2047,penmanshiel,P04,2020-10-10 15:55:45,2020-10-10 15:57:45,0.033333,0,0.0,no_bin_start
2049,penmanshiel,P04,2020-10-10 20:21:41,2020-10-10 20:23:41,0.033333,0,0.0,no_bin_start
2050,penmanshiel,P04,2020-10-10 20:25:41,2020-10-10 20:27:41,0.033333,0,0.0,no_bin_start
2053,penmanshiel,P04,2020-10-10 20:42:22,2020-10-10 20:44:22,0.033333,0,0.0,no_bin_start
2071,penmanshiel,P04,2021-07-13 20:27:38,2021-07-13 20:40:22,0.212222,2,0.0,potential_never_exceeds_measured
2072,penmanshiel,P04,2021-07-14 08:58:04,2021-07-14 09:23:25,0.4225,3,0.0,potential_never_exceeds_measured
2075,penmanshiel,P04,2021-07-30 05:18:03,2021-07-30 05:30:17,0.203889,2,0.0,potential_never_exceeds_measured
2077,penmanshiel,P04,2021-07-30 13:19:35,2021-07-30 14:44:24,1.413611,9,0.0,potential_never_exceeds_measured
2078,penmanshiel,P04,2021-08-28 09:01:43,2021-08-28 16:28:09,7.440556,44,0.0,potential_never_exceeds_measured
2091,penmanshiel,P04,2021-11-27 09:20:13,2021-11-27 09:25:43,0.091667,0,0.0,no_bin_start
2092,penmanshiel,P04,2021-11-27 09:27:46,2021-11-27 09:29:18,0.025556,0,0.0,no_bin_start
2093,penmanshiel,P04,2021-11-27 09:34:25,2021-11-27 09:34:43,0.005,0,0.0,no_bin_start
2095,penmanshiel,P04,2021-11-27 09:53:26,2021-11-27 09:53:39,0.003611,0,0.0,no_bin_start
2109,penmanshiel,P04,2022-03-03 16:16:55,2022-03-03 16:21:06,0.069722,1,0.0,potential_never_exceeds_measured
2116,penmanshiel,P04,2022-09-21 13:54:57,2022-09-21 13:56:57,0.033333,0,0.0,no_bin_start
2119,penmanshiel,P04,2023-04-28 11:19:59,2023-04-28 11:21:31,0.025556,1,0.0,potential_never_exceeds_measured
2120,penmanshiel,P04,2023-04-28 14:24:22,2023-04-28 14:25:59,0.026944,0,0.0,no_bin_start
2121,penmanshiel,P04,2023-04-28 19:42:00,2023-04-28 19:43:41,0.028056,0,0.0,no_bin_start
2122,penmanshiel,P04,2023-04-30 14:07:35,2023-04-30 14:09:24,0.030278,0,0.0,no_bin_start
2123,penmanshiel,P04,2023-04-30 16:00:54,2023-04-30 16:02:43,0.030278,0,0.0,no_bin_start
2124,penmanshiel,P04,2023-04-30 20:32:35,2023-04-30 20:34:24,0.030278,0,0.0,no_bin_start
2126,penmanshiel,P04,2023-05-03 01:16:04,2023-05-03 01:17:38,0.026111,0,0.0,no_bin_start
2127,penmanshiel,P04,2023-05-03 02:50:08,2023-05-03 02:51:42,0.026111,0,0.0,no_bin_start
2128,penmanshiel,P04,2023-05-03 06:26:37,2023-05-03 06:28:22,0.029167,0,0.0,no_bin_start
2129,penmanshiel,P04,2023-05-05 15:01:58,2023-05-05 15:03:30,0.025556,0,0.0,no_bin_start
2130,penmanshiel,P04,2023-05-05 16:13:59,2023-05-05 16:15:30,0.025278,0,0.0,no_bin_start
2131,penmanshiel,P04,2023-05-05 18:51:00,2023-05-05 18:52:31,0.025278,0,0.0,no_bin_start
2132,penmanshiel,P04,2023-05-05 20:53:36,2023-05-05 20:55:07,0.025278,0,0.0,no_bin_start
2133,penmanshiel,P04,2023-05-05 23:41:20,2023-05-05 23:43:03,0.028611,0,0.0,no_bin_start
2134,penmanshiel,P04,2023-05-06 06:42:30,2023-05-06 06:44:01,0.025278,0,0.0,no_bin_start
2135,penmanshiel,P04,2023-05-06 08:32:30,2023-05-06 08:34:01,0.025278,0,0.0,no_bin_start
2136,penmanshiel,P04,2023-05-07 02:54:34,2023-05-07 02:56:22,0.03,0,0.0,no_bin_start
2137,penmanshiel,P04,2023-05-07 07:46:41,2023-05-07 07:48:30,0.030278,0,0.0,no_bin_start
2138,penmanshiel,P04,2023-05-09 10:42:49,2023-05-09 10:44:38,0.030278,0,0.0,no_bin_start
2139,penmanshiel,P04,2023-05-09 20:27:54,2023-05-09 20:29:28,0.026111,0,0.0,no_bin_start
2141,penmanshiel,P04,2023-05-11 00:21:12,2023-05-11 00:22:47,0.026389,0,0.0,no_bin_start
2142,penmanshiel,P04,2023-05-11 01:23:32,2023-05-11 01:25:20,0.03,0,0.0,no_bin_start
2143,penmanshiel,P04,2023-05-11 06:48:16,2023-05-11 06:49:53,0.026944,0,0.0,no_bin_start
2169,penmanshiel,P04,2023-06-20 13:06:13,2023-06-20 13:09:06,0.048056,0,0.0,no_bin_start
2180,penmanshiel,P04,2023-08-06 23:30:29,2023-08-07 03:27:31,3.950556,23,0.0,potential_never_exceeds_measured
2182,penmanshiel,P04,2023-08-31 01:04:44,2023-08-31 01:17:04,0.205556,1,0.0,potential_never_exceeds_measured
2183,penmanshiel,P04,2023-09-08 06:00:48,2023-09-08 06:13:19,0.208611,1,0.0,potential_never_exceeds_measured
2187,penmanshiel,P04,2023-09-21 15:36:15,2023-09-21 15:38:15,0.033333,0,0.0,no_bin_start
2188,penmanshiel,P04,2023-09-21 15:40:28,2023-09-21 15:42:28,0.033333,0,0.0,no_bin_start
2189,penmanshiel,P04,2023-09-21 15:44:28,2023-09-21 15:46:28,0.033333,0,0.0,no_bin_start
2191,penmanshiel,P04,2023-11-04 08:19:52,2023-11-04 09:31:44,1.197778,8,0.0,potential_never_exceeds_measured
2194,penmanshiel,P04,2023-11-28 16:40:49,2023-11-28 16:42:14,0.023611,0,0.0,no_bin_start
2197,penmanshiel,P05,2016-09-28 15:13:22,2016-09-28 15:15:08,0.029444,0,0.0,no_bin_start
2199,penmanshiel,P05,2016-09-28 21:30:11,2016-09-28 21:31:58,0.029722,0,0.0,no_bin_start
2201,penmanshiel,P05,2016-09-29 07:00:35,2016-09-29 07:02:21,0.029444,0,0.0,no_bin_start
2208,penmanshiel,P05,2016-10-18 21:07:41,2016-10-18 21:09:29,0.03,0,0.0,no_bin_start
2210,penmanshiel,P05,2016-11-03 14:26:53,2016-11-03 14:28:53,0.033333,0,0.0,no_bin_start
2211,penmanshiel,P05,2016-11-03 14:30:55,2016-11-03 14:32:55,0.033333,0,0.0,no_bin_start
2212,penmanshiel,P05,2016-11-03 14:34:55,2016-11-03 14:36:55,0.033333,0,0.0,no_bin_start
2216,penmanshiel,P05,2016-11-19 22:53:28,2016-11-19 22:55:28,0.033333,0,0.0,no_bin_start
2217,penmanshiel,P05,2016-11-19 22:57:28,2016-11-19 22:59:28,0.033333,0,0.0,no_bin_start
2222,penmanshiel,P05,2016-12-24 01:58:01,2016-12-24 01:59:44,0.028611,0,0.0,no_bin_start
2224,penmanshiel,P05,2016-12-24 09:20:49,2016-12-24 09:22:34,0.029167,0,0.0,no_bin_start
2230,penmanshiel,P05,2016-12-24 22:05:28,2016-12-24 22:07:45,0.038056,0,0.0,no_bin_start
2232,penmanshiel,P05,2016-12-28 05:46:56,2016-12-28 05:48:44,0.03,0,0.0,no_bin_start
2234,penmanshiel,P05,2016-12-28 11:12:38,2016-12-28 11:14:26,0.03,0,0.0,no_bin_start
2262,penmanshiel,P05,2017-06-14 21:21:57,2017-06-14 21:23:57,0.033333,0,0.0,no_bin_start
2263,penmanshiel,P05,2017-06-14 21:26:00,2017-06-14 21:28:00,0.033333,0,0.0,no_bin_start
2264,penmanshiel,P05,2017-06-14 21:30:19,2017-06-14 21:32:19,0.033333,0,0.0,no_bin_start
2270,penmanshiel,P05,2017-10-18 05:01:05,2017-10-18 05:23:43,0.377222,2,0.0,potential_never_exceeds_measured
2305,penmanshiel,P05,2019-08-02 10:53:48,2019-08-02 10:55:48,0.033333,0,0.0,no_bin_start
2306,penmanshiel,P05,2019-08-02 10:57:56,2019-08-02 10:59:56,0.033333,0,0.0,no_bin_start
2307,penmanshiel,P05,2019-08-02 11:01:56,2019-08-02 11:03:56,0.033333,0,0.0,no_bin_start
2308,penmanshiel,P05,2019-08-02 11:06:33,2019-08-02 11:14:21,0.13,1,0.0,potential_never_exceeds_measured
2309,penmanshiel,P05,2019-08-02 11:21:01,2019-08-02 11:23:01,0.033333,0,0.0,no_bin_start
2310,penmanshiel,P05,2019-08-02 11:25:45,2019-08-02 11:27:45,0.033333,0,0.0,no_bin_start
2316,penmanshiel,P05,2019-11-06 08:01:05,2019-11-06 08:09:05,0.133333,0,0.0,no_bin_start
2334,penmanshiel,P05,2020-06-11 17:41:31,2020-06-11 17:43:31,0.033333,0,0.0,no_bin_start
2335,penmanshiel,P05,2020-06-11 17:45:31,2020-06-11 17:47:31,0.033333,0,0.0,no_bin_start
2361,penmanshiel,P05,2021-12-21 08:28:59,2021-12-21 08:30:30,0.025278,1,0.0,potential_never_exceeds_measured
2362,penmanshiel,P05,2021-12-21 15:53:08,2021-12-21 15:54:39,0.025278,0,0.0,no_bin_start
2363,penmanshiel,P05,2021-12-21 18:12:59,2021-12-21 18:14:44,0.029167,0,0.0,no_bin_start
2364,penmanshiel,P05,2021-12-21 18:17:09,2021-12-21 18:18:15,0.018333,0,0.0,no_bin_start
2365,penmanshiel,P05,2021-12-22 15:28:20,2021-12-22 15:30:09,0.030278,1,0.0,potential_never_exceeds_measured
2366,penmanshiel,P05,2021-12-22 15:40:11,2021-12-22 15:41:27,0.021111,0,0.0,no_bin_start
2367,penmanshiel,P05,2021-12-22 15:44:58,2021-12-22 15:48:36,0.060556,0,0.0,no_bin_start
2369,penmanshiel,P05,2022-01-09 18:43:00,2022-01-09 18:45:02,0.033889,0,0.0,no_bin_start
2371,penmanshiel,P05,2022-01-15 12:23:57,2022-01-15 12:25:28,0.025278,0,0.0,no_bin_start
2372,penmanshiel,P05,2022-01-15 12:33:13,2022-01-15 12:36:44,0.058611,0,0.0,no_bin_start
2373,penmanshiel,P05,2022-02-11 06:05:47,2022-02-11 06:07:18,0.025278,0,0.0,no_bin_start
2374,penmanshiel,P05,2022-02-19 15:28:28,2022-02-19 15:29:59,0.025278,0,0.0,no_bin_start
2375,penmanshiel,P05,2022-02-19 15:36:01,2022-02-19 15:37:57,0.032222,0,0.0,no_bin_start
2376,penmanshiel,P05,2022-02-19 15:39:23,2022-02-19 15:40:39,0.021111,1,0.0,potential_never_exceeds_measured
2377,penmanshiel,P05,2022-02-19 15:44:24,2022-02-19 15:47:05,0.044722,0,0.0,no_bin_start
2378,penmanshiel,P05,2022-02-19 17:17:56,2022-02-19 17:19:56,0.033333,0,0.0,no_bin_start
2379,penmanshiel,P05,2022-02-21 19:28:57,2022-02-21 19:30:28,0.025278,1,0.0,potential_never_exceeds_measured
2380,penmanshiel,P05,2022-02-21 19:32:22,2022-02-21 19:35:25,0.050833,0,0.0,no_bin_start
2382,penmanshiel,P05,2022-03-01 11:37:32,2022-03-01 11:39:09,0.026944,0,0.0,no_bin_start
2383,penmanshiel,P05,2022-03-01 11:44:47,2022-03-01 11:45:55,0.018889,0,0.0,no_bin_start
2384,penmanshiel,P05,2022-03-01 11:54:17,2022-03-01 12:00:29,0.103333,1,0.0,potential_never_exceeds_measured
2385,penmanshiel,P05,2022-03-07 04:17:46,2022-03-07 04:19:17,0.025278,0,0.0,no_bin_start
2386,penmanshiel,P05,2022-03-17 22:00:14,2022-03-17 22:02:03,0.030278,0,0.0,no_bin_start
2387,penmanshiel,P05,2022-03-17 22:52:33,2022-03-17 22:54:22,0.030278,0,0.0,no_bin_start
2388,penmanshiel,P05,2022-03-17 23:01:10,2022-03-17 23:04:07,0.049167,0,0.0,no_bin_start
2389,penmanshiel,P05,2022-03-17 23:14:14,2022-03-17 23:16:03,0.030278,0,0.0,no_bin_start
2390,penmanshiel,P05,2022-03-17 23:25:15,2022-03-17 23:27:04,0.030278,0,0.0,no_bin_start
2391,penmanshiel,P05,2022-03-17 23:33:28,2022-03-18 00:06:34,0.551667,3,0.0,potential_never_exceeds_measured
2392,penmanshiel,P05,2022-03-18 03:17:05,2022-03-18 03:20:04,0.049722,1,0.0,potential_never_exceeds_measured
2394,penmanshiel,P05,2022-03-18 03:45:35,2022-03-18 03:47:24,0.030278,0,0.0,no_bin_start
2395,penmanshiel,P05,2022-03-18 03:51:39,2022-03-18 03:54:55,0.054444,0,0.0,no_bin_start
2396,penmanshiel,P05,2022-03-18 04:48:41,2022-03-18 04:50:30,0.030278,1,0.0,potential_never_exceeds_measured
2397,penmanshiel,P05,2022-03-18 04:56:18,2022-03-18 05:33:25,0.618611,4,0.0,potential_never_exceeds_measured
2398,penmanshiel,P05,2022-03-18 05:46:09,2022-03-18 05:47:58,0.030278,0,0.0,no_bin_start
2399,penmanshiel,P05,2022-03-18 05:57:18,2022-03-18 06:36:32,0.653889,4,0.0,potential_never_exceeds_measured
2400,penmanshiel,P05,2022-03-18 06:41:55,2022-03-18 06:45:02,0.051944,0,0.0,no_bin_start
2401,penmanshiel,P05,2022-03-18 07:09:14,2022-03-18 07:49:00,0.662778,4,0.0,potential_never_exceeds_measured
2402,penmanshiel,P05,2022-03-18 07:58:20,2022-03-18 07:59:26,0.018333,0,0.0,no_bin_start
2403,penmanshiel,P05,2022-03-18 08:01:43,2022-03-18 08:02:53,0.019444,0,0.0,no_bin_start
2404,penmanshiel,P05,2022-03-18 08:04:47,2022-03-18 08:10:34,0.096389,1,0.0,potential_never_exceeds_measured
2405,penmanshiel,P05,2022-03-18 08:14:33,2022-03-18 08:25:24,0.180833,1,0.0,potential_never_exceeds_measured
2406,penmanshiel,P05,2022-03-18 08:28:38,2022-03-18 08:34:43,0.101389,1,0.0,potential_never_exceeds_measured
2407,penmanshiel,P05,2022-03-30 04:56:18,2022-03-30 04:58:07,0.030278,0,0.0,no_bin_start
2408,penmanshiel,P05,2022-03-30 14:50:20,2022-03-30 14:52:09,0.030278,0,0.0,no_bin_start
2409,penmanshiel,P05,2022-04-01 12:09:36,2022-04-01 12:11:24,0.03,1,0.0,potential_never_exceeds_measured
2410,penmanshiel,P05,2022-04-01 12:15:40,2022-04-01 12:17:24,0.028889,0,0.0,no_bin_start
2411,penmanshiel,P05,2022-04-01 12:21:12,2022-04-01 12:23:03,0.030833,0,0.0,no_bin_start
2412,penmanshiel,P05,2022-04-01 12:24:48,2022-04-01 12:29:17,0.074722,0,0.0,no_bin_start
2413,penmanshiel,P05,2022-04-01 12:34:05,2022-04-01 12:35:52,0.029722,0,0.0,no_bin_start
2414,penmanshiel,P05,2022-04-01 12:46:37,2022-04-01 13:08:02,0.356944,2,0.0,potential_never_exceeds_measured
2415,penmanshiel,P05,2022-04-01 20:17:29,2022-04-01 20:19:17,0.03,0,0.0,no_bin_start
2416,penmanshiel,P05,2022-04-01 20:33:32,2022-04-01 20:35:20,0.03,0,0.0,no_bin_start
2417,penmanshiel,P05,2022-04-01 20:42:43,2022-04-01 20:57:23,0.244444,1,0.0,potential_never_exceeds_measured
2418,penmanshiel,P05,2022-04-01 20:58:29,2022-04-01 20:59:36,0.018611,0,0.0,no_bin_start
2419,penmanshiel,P05,2022-04-01 21:10:58,2022-04-01 21:30:30,0.325556,2,0.0,potential_never_exceeds_measured
2420,penmanshiel,P05,2022-04-01 21:34:11,2022-04-01 21:40:16,0.101389,1,0.0,potential_never_exceeds_measured
2425,penmanshiel,P05,2022-07-27 10:56:45,2022-07-27 11:17:46,0.350278,2,0.0,potential_never_exceeds_measured
2427,penmanshiel,P05,2022-09-21 13:54:48,2022-09-21 13:56:48,0.033333,0,0.0,no_bin_start
2430,penmanshiel,P05,2022-10-03 15:43:40,2022-10-03 15:45:29,0.030278,0,0.0,no_bin_start
2447,penmanshiel,P05,2023-09-21 15:36:14,2023-09-21 15:38:14,0.033333,0,0.0,no_bin_start
2448,penmanshiel,P05,2023-09-21 15:40:14,2023-09-21 15:42:14,0.033333,0,0.0,no_bin_start
2449,penmanshiel,P05,2023-09-21 15:44:14,2023-09-21 15:46:14,0.033333,0,0.0,no_bin_start
2452,penmanshiel,P05,2023-11-09 22:54:44,2023-11-09 22:57:30,0.046111,0,0.0,no_bin_start
2488,penmanshiel,P06,2016-11-03 15:13:28,2016-11-03 15:15:28,0.033333,0,0.0,no_bin_start
2489,penmanshiel,P06,2016-11-03 15:17:28,2016-11-03 15:19:28,0.033333,0,0.0,no_bin_start
2490,penmanshiel,P06,2016-11-03 15:21:28,2016-11-03 15:23:28,0.033333,0,0.0,no_bin_start
2495,penmanshiel,P06,2016-11-05 22:56:30,2016-11-05 22:59:14,0.045556,0,0.0,no_bin_start
2497,penmanshiel,P06,2016-11-06 22:22:40,2016-11-06 22:24:28,0.03,0,0.0,no_bin_start
2498,penmanshiel,P06,2016-11-07 15:25:38,2016-11-07 15:25:51,0.003611,0,0.0,no_bin_start
2499,penmanshiel,P06,2016-11-07 15:28:15,2016-11-07 15:28:31,0.004444,0,0.0,no_bin_start
2508,penmanshiel,P06,2016-11-28 06:07:10,2016-11-28 06:19:54,0.212222,1,0.0,potential_never_exceeds_measured
2513,penmanshiel,P06,2017-01-16 18:49:30,2017-01-16 18:58:11,0.144722,1,0.0,potential_never_exceeds_measured
2514,penmanshiel,P06,2017-01-16 19:26:42,2017-01-16 19:34:26,0.128889,1,0.0,potential_never_exceeds_measured
2520,penmanshiel,P06,2017-01-31 16:25:06,2017-01-31 16:25:15,0.0025,0,0.0,no_bin_start
2522,penmanshiel,P06,2017-01-31 16:37:08,2017-01-31 16:37:12,0.001111,0,0.0,no_bin_start
2531,penmanshiel,P06,2017-02-21 13:43:02,2017-02-21 13:45:52,0.047222,0,0.0,no_bin_start
2538,penmanshiel,P06,2017-03-18 07:11:16,2017-03-18 07:25:02,0.229444,1,0.0,potential_never_exceeds_measured
2548,penmanshiel,P06,2017-05-08 13:52:38,2017-05-08 13:54:38,0.033333,0,0.0,no_bin_start
2549,penmanshiel,P06,2017-05-08 13:56:38,2017-05-08 13:58:38,0.033333,0,0.0,no_bin_start
2552,penmanshiel,P06,2017-05-09 13:12:33,2017-05-09 13:12:39,0.001667,0,0.0,no_bin_start
2559,penmanshiel,P06,2017-06-14 21:45:41,2017-06-14 21:47:41,0.033333,0,0.0,no_bin_start
2561,penmanshiel,P06,2017-06-14 21:53:44,2017-06-14 21:55:44,0.033333,0,0.0,no_bin_start
2579,penmanshiel,P06,2018-06-21 10:35:40,2018-06-21 10:36:03,0.006389,0,0.0,no_bin_start
2584,penmanshiel,P06,2018-06-22 10:03:26,2018-06-22 10:05:26,0.033333,0,0.0,no_bin_start
2585,penmanshiel,P06,2018-07-21 06:40:46,2018-07-21 06:51:42,0.182222,1,0.0,potential_never_exceeds_measured
2586,penmanshiel,P06,2018-08-07 00:27:45,2018-08-07 00:38:01,0.171111,1,0.0,potential_never_exceeds_measured
2588,penmanshiel,P06,2018-09-26 09:52:57,2018-09-26 09:54:57,0.033333,0,0.0,no_bin_start
2589,penmanshiel,P06,2018-09-26 09:56:58,2018-09-26 09:58:58,0.033333,0,0.0,no_bin_start
2596,penmanshiel,P06,2019-05-14 19:47:00,2019-05-14 19:52:55,0.098611,1,0.0,potential_never_exceeds_measured
2604,penmanshiel,P06,2019-08-03 12:05:23,2019-08-03 12:07:23,0.033333,0,0.0,no_bin_start
2605,penmanshiel,P06,2019-08-03 12:14:24,2019-08-03 12:16:24,0.033333,0,0.0,no_bin_start
2606,penmanshiel,P06,2019-08-03 12:24:28,2019-08-03 13:49:31,1.4175,8,0.0,potential_never_exceeds_measured
2612,penmanshiel,P06,2020-02-08 21:02:59,2020-02-08 21:14:24,0.190278,1,0.0,potential_never_exceeds_measured
2622,penmanshiel,P06,2020-06-11 17:42:26,2020-06-11 17:44:26,0.033333,0,0.0,no_bin_start
2623,penmanshiel,P06,2020-06-11 17:46:26,2020-06-11 17:48:26,0.033333,0,0.0,no_bin_start
2624,penmanshiel,P06,2020-06-11 17:50:26,2020-06-11 17:52:26,0.033333,0,0.0,no_bin_start
2626,penmanshiel,P06,2020-06-11 20:16:03,2020-06-11 20:17:51,0.03,0,0.0,no_bin_start
2628,penmanshiel,P06,2020-08-11 12:55:33,2020-08-11 14:21:42,1.435833,9,0.0,potential_never_exceeds_measured
2633,penmanshiel,P06,2020-09-21 15:43:41,2020-09-21 15:45:41,0.033333,0,0.0,no_bin_start
2634,penmanshiel,P06,2020-09-21 15:47:41,2020-09-21 15:49:41,0.033333,0,0.0,no_bin_start
2635,penmanshiel,P06,2020-09-21 15:51:45,2020-09-21 15:53:45,0.033333,0,0.0,no_bin_start
2637,penmanshiel,P06,2020-10-10 16:01:50,2020-10-10 16:03:50,0.033333,0,0.0,no_bin_start
2638,penmanshiel,P06,2020-10-10 16:05:50,2020-10-10 16:07:50,0.033333,0,0.0,no_bin_start
2640,penmanshiel,P06,2020-10-10 20:44:44,2020-10-10 20:46:33,0.030278,0,0.0,no_bin_start
2641,penmanshiel,P06,2020-12-02 13:44:10,2020-12-02 13:46:10,0.033333,0,0.0,no_bin_start
2643,penmanshiel,P06,2020-12-02 13:52:10,2020-12-02 13:54:10,0.033333,0,0.0,no_bin_start
2645,penmanshiel,P06,2020-12-13 10:05:20,2020-12-13 10:07:06,0.029444,0,0.0,no_bin_start
2646,penmanshiel,P06,2021-01-21 13:23:52,2021-01-21 13:25:37,0.029167,0,0.0,no_bin_start
2659,penmanshiel,P06,2021-06-28 09:17:10,2021-06-28 09:28:29,0.188611,1,0.0,potential_never_exceeds_measured
2660,penmanshiel,P06,2021-07-12 17:08:51,2021-07-12 17:09:02,0.003056,0,0.0,no_bin_start
2661,penmanshiel,P06,2021-07-12 17:12:08,2021-07-12 17:19:15,0.118611,0,0.0,no_bin_start
2662,penmanshiel,P06,2021-07-13 14:30:03,2021-07-13 14:32:03,0.033333,0,0.0,no_bin_start
2666,penmanshiel,P06,2021-07-30 00:55:11,2021-07-30 01:08:42,0.225278,1,0.0,potential_never_exceeds_measured
2667,penmanshiel,P06,2021-08-02 04:38:55,2021-08-02 04:41:24,0.041389,1,0.0,potential_never_exceeds_measured
2668,penmanshiel,P06,2021-09-09 00:09:57,2021-09-09 00:21:01,0.184444,2,0.0,potential_never_exceeds_measured
2669,penmanshiel,P06,2021-09-10 12:01:45,2021-09-10 12:03:33,0.03,0,0.0,no_bin_start
2670,penmanshiel,P06,2021-10-16 02:47:28,2021-10-16 02:49:16,0.03,0,0.0,no_bin_start
2671,penmanshiel,P06,2021-11-14 07:32:30,2021-11-14 07:34:19,0.030278,0,0.0,no_bin_start
2672,penmanshiel,P06,2021-11-27 11:01:09,2021-11-27 11:02:54,0.029167,0,0.0,no_bin_start
2674,penmanshiel,P06,2021-11-27 12:16:10,2021-11-27 12:17:51,0.028056,0,0.0,no_bin_start
2684,penmanshiel,P06,2022-06-28 16:45:10,2022-06-28 16:46:56,0.029444,0,0.0,no_bin_start
2685,penmanshiel,P06,2022-07-19 19:05:05,2022-07-19 19:09:53,0.08,0,0.0,no_bin_start
2689,penmanshiel,P06,2022-09-21 13:54:56,2022-09-21 13:56:56,0.033333,0,0.0,no_bin_start
2698,penmanshiel,P06,2022-12-02 00:36:06,2022-12-02 00:37:37,0.025278,0,0.0,no_bin_start
2699,penmanshiel,P06,2022-12-02 02:19:04,2022-12-02 02:20:23,0.021944,1,0.0,potential_never_exceeds_measured
2700,penmanshiel,P06,2022-12-10 12:22:30,2022-12-10 12:24:00,0.025,0,0.0,no_bin_start
2701,penmanshiel,P06,2022-12-10 12:28:58,2022-12-10 12:30:11,0.020278,1,0.0,potential_never_exceeds_measured
2702,penmanshiel,P06,2022-12-10 14:44:49,2022-12-10 14:46:09,0.022222,0,0.0,no_bin_start
2703,penmanshiel,P06,2022-12-10 15:22:09,2022-12-10 15:23:58,0.030278,0,0.0,no_bin_start
2704,penmanshiel,P06,2022-12-10 15:38:12,2022-12-10 15:39:45,0.025833,0,0.0,no_bin_start
2705,penmanshiel,P06,2022-12-12 17:18:42,2022-12-12 17:20:12,0.025,1,0.0,potential_never_exceeds_measured
2706,penmanshiel,P06,2022-12-28 07:30:45,2022-12-28 07:32:16,0.025278,0,0.0,no_bin_start
2708,penmanshiel,P06,2022-12-31 05:49:43,2022-12-31 05:51:14,0.025278,1,0.0,potential_never_exceeds_measured
2709,penmanshiel,P06,2022-12-31 05:52:43,2022-12-31 05:55:15,0.042222,0,0.0,no_bin_start
2710,penmanshiel,P06,2022-12-31 06:01:02,2022-12-31 06:02:11,0.019167,0,0.0,no_bin_start
2711,penmanshiel,P06,2022-12-31 06:04:17,2022-12-31 06:05:28,0.019722,0,0.0,no_bin_start
2712,penmanshiel,P06,2022-12-31 06:06:45,2022-12-31 06:07:56,0.019722,0,0.0,no_bin_start
2713,penmanshiel,P06,2022-12-31 06:20:12,2022-12-31 06:22:34,0.039444,0,0.0,no_bin_start
2714,penmanshiel,P06,2022-12-31 08:41:40,2022-12-31 09:21:53,0.670278,4,0.0,potential_never_exceeds_measured
2720,penmanshiel,P06,2023-02-17 09:25:48,2023-02-17 09:27:29,0.028056,0,0.0,no_bin_start
2722,penmanshiel,P06,2023-05-05 08:35:36,2023-05-05 08:45:24,0.163333,1,0.0,potential_never_exceeds_measured
2723,penmanshiel,P06,2023-05-05 11:31:31,2023-05-05 13:19:34,1.800833,10,0.0,potential_never_exceeds_measured
2725,penmanshiel,P06,2023-05-08 08:43:02,2023-05-08 08:44:51,0.030278,0,0.0,no_bin_start
2728,penmanshiel,P06,2023-06-14 08:17:04,2023-06-14 08:32:33,0.258056,2,0.0,potential_never_exceeds_measured
2730,penmanshiel,P06,2023-07-20 14:42:04,2023-07-20 15:14:05,0.533611,3,0.0,potential_never_exceeds_measured
2734,penmanshiel,P06,2023-09-21 15:36:15,2023-09-21 15:38:15,0.033333,0,0.0,no_bin_start
2735,penmanshiel,P06,2023-09-21 15:40:22,2023-09-21 15:42:22,0.033333,0,0.0,no_bin_start
2736,penmanshiel,P06,2023-09-21 15:44:23,2023-09-21 15:46:23,0.033333,0,0.0,no_bin_start
2740,penmanshiel,P06,2023-11-12 06:10:11,2023-11-12 06:13:12,0.050278,0,0.0,no_bin_start
2747,penmanshiel,P07,2016-09-15 13:10:39,2016-09-15 13:23:10,0.208611,1,0.0,potential_never_exceeds_measured
2791,penmanshiel,P07,2016-10-04 16:30:36,2016-10-04 16:34:02,0.057222,0,0.0,no_bin_start
2794,penmanshiel,P07,2016-11-03 14:26:53,2016-11-03 14:28:53,0.033333,0,0.0,no_bin_start
2795,penmanshiel,P07,2016-11-03 14:30:53,2016-11-03 14:32:53,0.033333,0,0.0,no_bin_start
2796,penmanshiel,P07,2016-11-03 14:34:53,2016-11-03 14:36:53,0.033333,0,0.0,no_bin_start
2799,penmanshiel,P07,2016-11-19 22:53:55,2016-11-19 22:55:55,0.033333,0,0.0,no_bin_start
2800,penmanshiel,P07,2016-11-19 22:58:09,2016-11-19 23:00:09,0.033333,1,0.0,potential_never_exceeds_measured
2801,penmanshiel,P07,2016-11-19 23:02:21,2016-11-19 23:04:21,0.033333,0,0.0,no_bin_start
2806,penmanshiel,P07,2016-12-10 10:33:01,2016-12-10 10:43:48,0.179722,1,0.0,potential_never_exceeds_measured
2819,penmanshiel,P07,2017-03-08 23:59:08,2017-03-09 00:09:49,0.178056,1,0.0,potential_never_exceeds_measured
2830,penmanshiel,P07,2017-04-26 10:24:28,2017-04-26 10:24:40,0.003333,0,0.0,no_bin_start
2848,penmanshiel,P07,2017-10-23 22:50:24,2017-10-23 23:01:11,0.179722,1,0.0,potential_never_exceeds_measured
2859,penmanshiel,P07,2018-06-29 01:59:20,2018-06-29 02:07:22,0.133889,1,0.0,potential_never_exceeds_measured
2862,penmanshiel,P07,2018-10-03 06:16:29,2018-10-03 06:27:15,0.179444,1,0.0,potential_never_exceeds_measured
2870,penmanshiel,P07,2019-08-02 10:54:39,2019-08-02 10:56:39,0.033333,0,0.0,no_bin_start
2872,penmanshiel,P07,2019-08-02 11:02:43,2019-08-02 11:04:43,0.033333,0,0.0,no_bin_start
2874,penmanshiel,P07,2019-08-02 11:20:18,2019-08-02 11:22:18,0.033333,0,0.0,no_bin_start
2875,penmanshiel,P07,2019-08-02 11:24:18,2019-08-02 11:26:18,0.033333,0,0.0,no_bin_start
2881,penmanshiel,P07,2019-11-20 17:43:18,2019-11-20 17:45:18,0.033333,0,0.0,no_bin_start
2883,penmanshiel,P07,2019-12-13 12:50:17,2019-12-13 12:52:17,0.033333,0,0.0,no_bin_start
2899,penmanshiel,P07,2020-06-11 17:43:35,2020-06-11 17:45:35,0.033333,0,0.0,no_bin_start
2900,penmanshiel,P07,2020-06-11 17:47:35,2020-06-11 17:49:35,0.033333,0,0.0,no_bin_start
2901,penmanshiel,P07,2020-06-11 17:51:35,2020-06-11 17:53:35,0.033333,0,0.0,no_bin_start
2912,penmanshiel,P07,2020-11-18 18:45:22,2020-11-18 18:47:22,0.033333,0,0.0,no_bin_start
2914,penmanshiel,P07,2020-11-18 18:53:22,2020-11-18 18:55:22,0.033333,0,0.0,no_bin_start
2916,penmanshiel,P07,2020-12-08 21:06:51,2020-12-08 22:17:07,1.171111,7,0.0,potential_never_exceeds_measured
2922,penmanshiel,P07,2021-04-18 21:13:21,2021-04-18 21:52:22,0.650278,4,0.0,potential_never_exceeds_measured
2955,penmanshiel,P07,2022-09-21 13:54:50,2022-09-21 13:56:50,0.033333,0,0.0,no_bin_start
2958,penmanshiel,P07,2022-11-11 14:40:06,2022-11-11 14:49:54,0.163333,0,0.0,no_bin_start
2960,penmanshiel,P07,2022-12-13 12:45:41,2022-12-13 12:55:57,0.171111,1,0.0,potential_never_exceeds_measured
2961,penmanshiel,P07,2022-12-13 13:16:34,2022-12-13 13:21:58,0.09,1,0.0,potential_never_exceeds_measured
2970,penmanshiel,P07,2022-12-27 13:16:30,2022-12-27 13:17:56,0.023889,0,0.0,no_bin_start
2971,penmanshiel,P07,2022-12-27 13:19:04,2022-12-27 13:19:25,0.005833,0,0.0,no_bin_start
2972,penmanshiel,P07,2022-12-27 13:20:36,2022-12-27 13:20:56,0.005556,0,0.0,no_bin_start
2985,penmanshiel,P07,2023-09-21 15:36:28,2023-09-21 15:38:28,0.033333,0,0.0,no_bin_start
2986,penmanshiel,P07,2023-09-21 15:40:28,2023-09-21 15:42:28,0.033333,0,0.0,no_bin_start
2987,penmanshiel,P07,2023-09-21 15:44:35,2023-09-21 15:46:35,0.033333,0,0.0,no_bin_start
2996,penmanshiel,P07,2023-10-07 03:41:59,2023-10-07 03:42:47,0.013333,0,0.0,no_bin_start
3048,penmanshiel,P08,2016-10-05 17:15:17,2016-10-05 17:17:17,0.033333,0,0.0,no_bin_start
3055,penmanshiel,P08,2016-11-02 16:40:45,2016-11-02 16:44:08,0.056389,0,0.0,no_bin_start
3056,penmanshiel,P08,2016-11-03 14:26:52,2016-11-03 14:28:52,0.033333,0,0.0,no_bin_start
3057,penmanshiel,P08,2016-11-03 14:30:52,2016-11-03 14:32:52,0.033333,0,0.0,no_bin_start
3058,penmanshiel,P08,2016-11-03 14:34:52,2016-11-03 14:36:52,0.033333,0,0.0,no_bin_start
3061,penmanshiel,P08,2016-11-19 22:51:21,2016-11-19 22:53:21,0.033333,0,0.0,no_bin_start
3062,penmanshiel,P08,2016-11-19 22:55:21,2016-11-19 22:57:21,0.033333,0,0.0,no_bin_start
3093,penmanshiel,P08,2017-06-14 21:21:56,2017-06-14 21:23:56,0.033333,0,0.0,no_bin_start
3094,penmanshiel,P08,2017-06-14 21:25:56,2017-06-14 21:27:56,0.033333,0,0.0,no_bin_start
3100,penmanshiel,P08,2017-09-18 19:24:21,2017-09-18 19:30:42,0.105833,1,0.0,potential_never_exceeds_measured
3101,penmanshiel,P08,2017-10-16 00:15:12,2017-10-16 00:23:08,0.132222,1,0.0,potential_never_exceeds_measured
3114,penmanshiel,P08,2018-06-21 18:25:56,2018-06-21 18:27:38,0.028333,0,0.0,no_bin_start
3116,penmanshiel,P08,2018-06-21 18:36:01,2018-06-21 18:38:01,0.033333,0,0.0,no_bin_start
3117,penmanshiel,P08,2018-09-03 01:32:45,2018-09-03 01:43:00,0.170833,1,0.0,potential_never_exceeds_measured
3120,penmanshiel,P08,2018-10-14 23:07:27,2018-10-15 02:52:16,3.746944,23,0.0,potential_never_exceeds_measured
3134,penmanshiel,P08,2019-01-14 09:13:56,2019-01-14 09:37:01,0.384722,2,0.0,potential_never_exceeds_measured
3141,penmanshiel,P08,2019-01-28 11:05:16,2019-01-28 11:07:05,0.030278,0,0.0,no_bin_start
3145,penmanshiel,P08,2019-08-02 10:53:41,2019-08-02 10:55:41,0.033333,0,0.0,no_bin_start
3146,penmanshiel,P08,2019-08-02 10:57:41,2019-08-02 10:59:41,0.033333,0,0.0,no_bin_start
3147,penmanshiel,P08,2019-08-02 11:01:50,2019-08-02 11:03:50,0.033333,0,0.0,no_bin_start
3149,penmanshiel,P08,2019-08-02 11:12:50,2019-08-02 11:14:50,0.033333,0,0.0,no_bin_start
3150,penmanshiel,P08,2019-08-02 11:16:50,2019-08-02 11:18:50,0.033333,0,0.0,no_bin_start
3151,penmanshiel,P08,2019-08-02 11:20:54,2019-08-02 11:22:54,0.033333,0,0.0,no_bin_start
3155,penmanshiel,P08,2019-09-20 11:52:29,2019-09-20 11:54:17,0.03,0,0.0,no_bin_start
3156,penmanshiel,P08,2019-10-13 18:57:35,2019-10-13 18:59:23,0.03,0,0.0,no_bin_start
3157,penmanshiel,P08,2019-10-14 00:45:02,2019-10-14 00:52:41,0.1275,1,0.0,potential_never_exceeds_measured
3158,penmanshiel,P08,2019-10-14 01:43:09,2019-10-14 01:44:57,0.03,0,0.0,no_bin_start
3159,penmanshiel,P08,2019-10-14 02:33:51,2019-10-14 02:50:23,0.275556,2,0.0,potential_never_exceeds_measured
3160,penmanshiel,P08,2019-10-30 08:10:26,2019-10-30 08:12:13,0.029722,0,0.0,no_bin_start
3161,penmanshiel,P08,2019-10-30 08:28:00,2019-10-30 09:31:04,1.051111,7,0.0,potential_never_exceeds_measured
3162,penmanshiel,P08,2019-10-30 10:04:23,2019-10-30 10:06:12,0.030278,0,0.0,no_bin_start
3166,penmanshiel,P08,2019-10-31 12:43:40,2019-10-31 12:45:29,0.030278,0,0.0,no_bin_start
3185,penmanshiel,P08,2020-06-11 17:44:15,2020-06-11 17:46:15,0.033333,0,0.0,no_bin_start
3187,penmanshiel,P08,2020-06-11 17:52:40,2020-06-11 17:54:40,0.033333,0,0.0,no_bin_start
3189,penmanshiel,P08,2020-06-11 18:23:07,2020-06-11 18:25:07,0.033333,0,0.0,no_bin_start
3190,penmanshiel,P08,2020-06-11 18:27:07,2020-06-11 18:29:07,0.033333,0,0.0,no_bin_start
3192,penmanshiel,P08,2020-06-11 20:41:43,2020-06-11 20:43:32,0.030278,0,0.0,no_bin_start
3194,penmanshiel,P08,2020-06-11 21:23:04,2020-06-11 21:24:21,0.021389,0,0.0,no_bin_start
3196,penmanshiel,P08,2020-06-12 10:03:36,2020-06-12 10:05:25,0.030278,0,0.0,no_bin_start
3198,penmanshiel,P08,2020-06-12 10:50:03,2020-06-12 10:51:52,0.030278,0,0.0,no_bin_start
3205,penmanshiel,P08,2020-10-10 17:07:12,2020-10-10 17:07:30,0.005,0,0.0,no_bin_start
3206,penmanshiel,P08,2020-10-10 17:11:38,2020-10-10 17:13:38,0.033333,0,0.0,no_bin_start
3212,penmanshiel,P08,2021-03-02 05:52:51,2021-03-02 06:03:01,0.169444,1,0.0,potential_never_exceeds_measured
3213,penmanshiel,P08,2021-03-03 04:37:50,2021-03-03 04:47:59,0.169167,1,0.0,potential_never_exceeds_measured
3214,penmanshiel,P08,2021-03-20 05:42:15,2021-03-20 05:52:24,0.169167,1,0.0,potential_never_exceeds_measured
3231,penmanshiel,P08,2021-07-13 15:38:53,2021-07-13 15:40:43,0.030556,1,0.0,potential_never_exceeds_measured
3232,penmanshiel,P08,2021-07-13 15:44:14,2021-07-13 15:46:14,0.033333,0,0.0,no_bin_start
3233,penmanshiel,P08,2021-07-13 15:48:14,2021-07-13 16:39:05,0.8475,5,0.0,potential_never_exceeds_measured
3236,penmanshiel,P08,2021-08-02 04:34:40,2021-08-02 04:36:59,0.038611,0,0.0,no_bin_start
3242,penmanshiel,P08,2022-01-09 18:56:37,2022-01-09 18:58:08,0.025278,0,0.0,no_bin_start
3246,penmanshiel,P08,2022-01-29 22:51:08,2022-01-29 22:52:57,0.030278,0,0.0,no_bin_start
3250,penmanshiel,P08,2022-02-19 05:23:02,2022-02-19 05:24:50,0.03,0,0.0,no_bin_start
3251,penmanshiel,P08,2022-03-06 10:21:34,2022-03-06 10:23:05,0.025278,0,0.0,no_bin_start
3252,penmanshiel,P08,2022-03-25 10:56:26,2022-03-25 10:57:57,0.025278,0,0.0,no_bin_start
3253,penmanshiel,P08,2022-03-25 18:30:35,2022-03-25 18:31:41,0.018333,0,0.0,no_bin_start
3254,penmanshiel,P08,2022-03-25 18:33:54,2022-03-25 18:37:02,0.052222,0,0.0,no_bin_start
3255,penmanshiel,P08,2022-03-25 18:46:29,2022-03-25 18:50:48,0.071944,1,0.0,potential_never_exceeds_measured
3256,penmanshiel,P08,2022-03-25 18:53:39,2022-03-25 19:19:12,0.425833,2,0.0,potential_never_exceeds_measured
3257,penmanshiel,P08,2022-03-25 19:21:38,2022-03-25 19:35:12,0.226111,1,0.0,potential_never_exceeds_measured
3258,penmanshiel,P08,2022-03-27 05:14:30,2022-03-27 05:16:01,0.025278,0,0.0,no_bin_start
3259,penmanshiel,P08,2022-03-27 05:26:38,2022-03-27 05:32:54,0.104444,1,0.0,potential_never_exceeds_measured
3260,penmanshiel,P08,2022-03-27 07:57:44,2022-03-27 07:59:15,0.025278,0,0.0,no_bin_start
3261,penmanshiel,P08,2022-03-27 08:18:35,2022-03-27 08:19:41,0.018333,0,0.0,no_bin_start
3262,penmanshiel,P08,2022-03-27 09:15:36,2022-03-27 09:16:45,0.019167,0,0.0,no_bin_start
3263,penmanshiel,P08,2022-03-27 09:44:07,2022-03-27 09:45:59,0.031111,0,0.0,no_bin_start
3264,penmanshiel,P08,2022-03-27 11:17:32,2022-03-27 11:38:34,0.350556,2,0.0,potential_never_exceeds_measured
3265,penmanshiel,P08,2022-03-27 14:21:34,2022-03-27 14:50:04,0.475,3,0.0,potential_never_exceeds_measured
3266,penmanshiel,P08,2022-03-27 18:24:50,2022-03-27 18:25:57,0.018611,0,0.0,no_bin_start
3269,penmanshiel,P08,2022-04-13 00:15:07,2022-04-13 00:16:38,0.025278,0,0.0,no_bin_start
3270,penmanshiel,P08,2022-04-13 00:18:19,2022-04-13 00:19:33,0.020556,0,0.0,no_bin_start
3271,penmanshiel,P08,2022-04-14 19:43:27,2022-04-14 19:44:58,0.025278,0,0.0,no_bin_start
3272,penmanshiel,P08,2022-04-14 19:48:53,2022-04-14 19:50:13,0.022222,1,0.0,potential_never_exceeds_measured
3273,penmanshiel,P08,2022-04-14 20:00:28,2022-04-14 20:01:44,0.021111,0,0.0,no_bin_start
3274,penmanshiel,P08,2022-04-15 08:09:01,2022-04-15 08:10:32,0.025278,1,0.0,potential_never_exceeds_measured
3275,penmanshiel,P08,2022-04-19 08:20:52,2022-04-19 08:24:19,0.0575,0,0.0,no_bin_start
3276,penmanshiel,P08,2022-04-28 22:11:24,2022-04-28 22:12:55,0.025278,0,0.0,no_bin_start
3277,penmanshiel,P08,2022-04-29 07:31:53,2022-04-29 07:33:24,0.025278,0,0.0,no_bin_start
3278,penmanshiel,P08,2022-04-29 07:47:15,2022-04-29 07:48:24,0.019167,0,0.0,no_bin_start
3279,penmanshiel,P08,2022-04-29 08:15:45,2022-04-29 08:16:51,0.018333,0,0.0,no_bin_start
3280,penmanshiel,P08,2022-04-29 08:25:57,2022-04-29 08:27:05,0.018889,0,0.0,no_bin_start
3281,penmanshiel,P08,2022-04-29 08:30:56,2022-04-29 08:32:05,0.019167,0,0.0,no_bin_start
3282,penmanshiel,P08,2022-04-30 02:45:29,2022-04-30 02:47:00,0.025278,0,0.0,no_bin_start
3283,penmanshiel,P08,2022-04-30 04:55:34,2022-04-30 04:56:41,0.018611,0,0.0,no_bin_start
3284,penmanshiel,P08,2022-05-01 09:48:00,2022-05-01 09:49:31,0.025278,0,0.0,no_bin_start
3285,penmanshiel,P08,2022-05-01 09:51:05,2022-05-01 09:52:28,0.023056,0,0.0,no_bin_start
3286,penmanshiel,P08,2022-05-01 09:56:09,2022-05-01 09:57:30,0.0225,0,0.0,no_bin_start
3287,penmanshiel,P08,2022-05-14 14:04:11,2022-05-14 14:05:42,0.025278,0,0.0,no_bin_start
3288,penmanshiel,P08,2022-05-14 15:53:45,2022-05-14 15:55:16,0.025278,0,0.0,no_bin_start
3289,penmanshiel,P08,2022-05-14 16:32:29,2022-05-14 16:36:06,0.060278,0,0.0,no_bin_start
3290,penmanshiel,P08,2022-05-14 18:08:09,2022-05-14 18:09:58,0.030278,0,0.0,no_bin_start
3291,penmanshiel,P08,2022-05-14 18:26:56,2022-05-14 18:30:14,0.055,1,0.0,potential_never_exceeds_measured
3292,penmanshiel,P08,2022-05-14 18:49:46,2022-05-14 19:26:04,0.605,4,0.0,potential_never_exceeds_measured
3293,penmanshiel,P08,2022-05-14 20:21:49,2022-05-14 20:23:20,0.025278,0,0.0,no_bin_start
3294,penmanshiel,P08,2022-05-15 00:08:36,2022-05-15 00:30:54,0.371667,3,0.0,potential_never_exceeds_measured
3295,penmanshiel,P08,2022-05-15 00:35:20,2022-05-15 00:36:26,0.018333,0,0.0,no_bin_start
3296,penmanshiel,P08,2022-05-15 00:38:29,2022-05-15 01:07:55,0.490556,3,0.0,potential_never_exceeds_measured
3297,penmanshiel,P08,2022-05-16 17:06:45,2022-05-16 17:08:34,0.030278,0,0.0,no_bin_start
3298,penmanshiel,P08,2022-05-16 17:15:28,2022-05-16 17:17:32,0.034444,0,0.0,no_bin_start
3299,penmanshiel,P08,2022-05-16 17:20:21,2022-05-16 17:21:34,0.020278,0,0.0,no_bin_start
3300,penmanshiel,P08,2022-05-16 18:24:26,2022-05-16 18:25:57,0.025278,0,0.0,no_bin_start
3301,penmanshiel,P08,2022-05-16 18:30:45,2022-05-16 18:32:25,0.027778,0,0.0,no_bin_start
3302,penmanshiel,P08,2022-05-16 20:44:38,2022-05-16 20:45:46,0.018889,0,0.0,no_bin_start
3303,penmanshiel,P08,2022-05-16 20:50:25,2022-05-16 20:52:47,0.039444,0,0.0,no_bin_start
3304,penmanshiel,P08,2022-05-16 23:00:15,2022-05-16 23:01:46,0.025278,0,0.0,no_bin_start
3305,penmanshiel,P08,2022-05-23 11:03:04,2022-05-23 11:04:35,0.025278,0,0.0,no_bin_start
3306,penmanshiel,P08,2022-05-23 11:15:38,2022-05-23 11:17:27,0.030278,0,0.0,no_bin_start
3307,penmanshiel,P08,2022-05-23 11:22:54,2022-05-23 11:27:08,0.070556,0,0.0,no_bin_start
3308,penmanshiel,P08,2022-05-23 11:30:19,2022-05-23 11:32:40,0.039167,0,0.0,no_bin_start
3309,penmanshiel,P08,2022-05-23 11:36:15,2022-05-23 12:29:37,0.889444,5,0.0,potential_never_exceeds_measured
3310,penmanshiel,P08,2022-05-23 12:52:53,2022-05-23 12:54:42,0.030278,0,0.0,no_bin_start
3313,penmanshiel,P08,2022-05-24 11:11:43,2022-05-24 11:13:32,0.030278,0,0.0,no_bin_start
3314,penmanshiel,P08,2022-05-24 11:22:07,2022-05-24 11:23:46,0.0275,0,0.0,no_bin_start
3315,penmanshiel,P08,2022-05-24 11:46:54,2022-05-24 11:48:25,0.025278,0,0.0,no_bin_start
3316,penmanshiel,P08,2022-05-24 11:51:34,2022-05-24 12:42:48,0.853889,5,0.0,potential_never_exceeds_measured
3317,penmanshiel,P08,2022-05-24 12:44:05,2022-05-24 12:46:38,0.0425,0,0.0,no_bin_start
3318,penmanshiel,P08,2022-05-24 12:50:27,2022-05-24 12:52:50,0.039722,0,0.0,no_bin_start
3319,penmanshiel,P08,2022-05-24 12:55:27,2022-05-24 12:57:26,0.033056,0,0.0,no_bin_start
3320,penmanshiel,P08,2022-05-24 13:05:14,2022-05-24 14:03:32,0.971667,6,0.0,potential_never_exceeds_measured
3321,penmanshiel,P08,2022-05-24 14:17:42,2022-05-24 14:20:39,0.049167,1,0.0,potential_never_exceeds_measured
3322,penmanshiel,P08,2022-05-24 14:28:32,2022-05-24 14:29:41,0.019167,0,0.0,no_bin_start
3323,penmanshiel,P08,2022-05-24 14:31:34,2022-05-24 14:32:41,0.018611,0,0.0,no_bin_start
3324,penmanshiel,P08,2022-05-24 15:50:16,2022-05-24 15:51:47,0.025278,0,0.0,no_bin_start
3325,penmanshiel,P08,2022-05-24 15:56:32,2022-05-24 15:57:44,0.02,0,0.0,no_bin_start
3326,penmanshiel,P08,2022-05-28 15:44:16,2022-05-28 15:46:44,0.041111,0,0.0,no_bin_start
3327,penmanshiel,P08,2022-05-28 15:48:10,2022-05-28 15:52:37,0.074167,1,0.0,potential_never_exceeds_measured
3328,penmanshiel,P08,2022-05-28 16:04:44,2022-05-28 16:06:31,0.029722,0,0.0,no_bin_start
3329,penmanshiel,P08,2022-05-28 16:40:43,2022-05-28 16:42:42,0.033056,0,0.0,no_bin_start
3330,penmanshiel,P08,2022-05-29 19:20:36,2022-05-29 19:22:07,0.025278,0,0.0,no_bin_start
3331,penmanshiel,P08,2022-05-29 21:06:57,2022-05-29 21:09:39,0.045,0,0.0,no_bin_start
3332,penmanshiel,P08,2022-05-30 07:42:32,2022-05-30 07:44:58,0.040556,0,0.0,no_bin_start
3333,penmanshiel,P08,2022-05-30 07:47:49,2022-05-30 07:49:11,0.022778,0,0.0,no_bin_start
3334,penmanshiel,P08,2022-05-30 07:53:44,2022-05-30 07:55:02,0.021667,0,0.0,no_bin_start
3335,penmanshiel,P08,2022-05-30 12:17:24,2022-05-30 12:19:13,0.030278,0,0.0,no_bin_start
3336,penmanshiel,P08,2022-06-01 13:46:02,2022-06-01 13:47:33,0.025278,0,0.0,no_bin_start
3337,penmanshiel,P08,2022-06-01 14:01:11,2022-06-01 14:02:54,0.028611,0,0.0,no_bin_start
3338,penmanshiel,P08,2022-06-01 14:07:04,2022-06-01 14:08:23,0.021944,0,0.0,no_bin_start
3339,penmanshiel,P08,2022-06-01 14:50:25,2022-06-01 14:51:56,0.025278,0,0.0,no_bin_start
3340,penmanshiel,P08,2022-06-01 14:53:19,2022-06-01 14:54:25,0.018333,0,0.0,no_bin_start
3342,penmanshiel,P08,2022-06-02 05:54:50,2022-06-02 05:57:10,0.038889,0,0.0,no_bin_start
3343,penmanshiel,P08,2022-06-02 05:58:28,2022-06-02 06:02:03,0.059722,1,0.0,potential_never_exceeds_measured
3344,penmanshiel,P08,2022-06-02 06:05:28,2022-06-02 06:27:45,0.371389,2,0.0,potential_never_exceeds_measured
3345,penmanshiel,P08,2022-06-02 07:26:19,2022-06-02 07:27:29,0.019444,0,0.0,no_bin_start
3346,penmanshiel,P08,2022-06-02 07:41:34,2022-06-02 07:42:40,0.018333,0,0.0,no_bin_start
3347,penmanshiel,P08,2022-06-02 07:57:47,2022-06-02 08:02:22,0.076389,1,0.0,potential_never_exceeds_measured
3348,penmanshiel,P08,2022-06-02 08:05:38,2022-06-02 08:07:19,0.028056,0,0.0,no_bin_start
3349,penmanshiel,P08,2022-06-02 10:01:20,2022-06-02 10:02:51,0.025278,0,0.0,no_bin_start
3350,penmanshiel,P08,2022-06-03 01:51:26,2022-06-03 02:06:45,0.255278,1,0.0,potential_never_exceeds_measured
3351,penmanshiel,P08,2022-06-04 05:48:28,2022-06-04 05:49:59,0.025278,0,0.0,no_bin_start
3352,penmanshiel,P08,2022-06-04 07:30:30,2022-06-04 07:32:01,0.025278,0,0.0,no_bin_start
3353,penmanshiel,P08,2022-06-04 08:34:15,2022-06-04 08:35:46,0.025278,0,0.0,no_bin_start
3354,penmanshiel,P08,2022-06-05 21:46:54,2022-06-05 21:48:25,0.025278,0,0.0,no_bin_start
3355,penmanshiel,P08,2022-06-07 12:22:29,2022-06-07 12:24:18,0.030278,0,0.0,no_bin_start
3356,penmanshiel,P08,2022-06-07 13:25:30,2022-06-07 13:29:04,0.059444,0,0.0,no_bin_start
3357,penmanshiel,P08,2022-06-07 13:33:35,2022-06-07 13:34:45,0.019444,0,0.0,no_bin_start
3358,penmanshiel,P08,2022-06-07 14:52:51,2022-06-07 14:54:22,0.025278,0,0.0,no_bin_start
3359,penmanshiel,P08,2022-06-07 15:26:26,2022-06-07 15:27:38,0.02,0,0.0,no_bin_start
3360,penmanshiel,P08,2022-06-07 15:32:58,2022-06-07 15:35:20,0.039444,0,0.0,no_bin_start
3361,penmanshiel,P08,2022-06-07 15:57:48,2022-06-07 16:18:01,0.336944,2,0.0,potential_never_exceeds_measured
3363,penmanshiel,P08,2022-06-08 16:10:39,2022-06-08 16:12:11,0.025556,0,0.0,no_bin_start
3364,penmanshiel,P08,2022-06-08 16:18:17,2022-06-08 16:20:05,0.03,1,0.0,potential_never_exceeds_measured
3365,penmanshiel,P08,2022-06-08 16:22:57,2022-06-08 16:24:08,0.019722,0,0.0,no_bin_start
3366,penmanshiel,P08,2022-06-08 16:27:04,2022-06-08 16:28:47,0.028611,0,0.0,no_bin_start
3367,penmanshiel,P08,2022-06-08 17:30:17,2022-06-08 17:31:58,0.028056,0,0.0,no_bin_start
3368,penmanshiel,P08,2022-06-08 18:54:16,2022-06-08 18:55:47,0.025278,0,0.0,no_bin_start
3369,penmanshiel,P08,2022-06-08 18:56:50,2022-06-08 18:57:57,0.018611,0,0.0,no_bin_start
3370,penmanshiel,P08,2022-06-08 19:01:50,2022-06-08 20:19:58,1.302222,7,0.0,potential_never_exceeds_measured
3371,penmanshiel,P08,2022-06-08 20:29:48,2022-06-08 20:30:52,0.017778,1,0.0,potential_never_exceeds_measured
3372,penmanshiel,P08,2022-06-08 20:51:42,2022-06-08 20:53:13,0.025278,0,0.0,no_bin_start
3373,penmanshiel,P08,2022-06-08 20:54:25,2022-06-08 20:56:01,0.026667,0,0.0,no_bin_start
3374,penmanshiel,P08,2022-06-08 20:57:02,2022-06-08 21:29:27,0.540278,3,0.0,potential_never_exceeds_measured
3375,penmanshiel,P08,2022-06-08 23:25:33,2022-06-08 23:28:50,0.054722,0,0.0,no_bin_start
3376,penmanshiel,P08,2022-06-08 23:32:48,2022-06-08 23:35:59,0.053056,0,0.0,no_bin_start
3377,penmanshiel,P08,2022-06-08 23:38:01,2022-06-08 23:41:04,0.050833,1,0.0,potential_never_exceeds_measured
3378,penmanshiel,P08,2022-06-08 23:42:22,2022-06-08 23:44:04,0.028333,0,0.0,no_bin_start
3379,penmanshiel,P08,2022-06-08 23:47:17,2022-06-09 00:21:15,0.566111,4,0.0,potential_never_exceeds_measured
3380,penmanshiel,P08,2022-06-09 00:41:32,2022-06-09 00:42:44,0.02,0,0.0,no_bin_start
3381,penmanshiel,P08,2022-06-09 00:59:49,2022-06-09 01:01:20,0.025278,1,0.0,potential_never_exceeds_measured
3382,penmanshiel,P08,2022-06-09 01:06:11,2022-06-09 01:11:01,0.080556,1,0.0,potential_never_exceeds_measured
3383,penmanshiel,P08,2022-06-09 01:12:39,2022-06-09 01:13:45,0.018333,0,0.0,no_bin_start
3384,penmanshiel,P08,2022-06-09 01:15:54,2022-06-09 01:17:01,0.018611,0,0.0,no_bin_start
3385,penmanshiel,P08,2022-06-09 01:20:25,2022-06-09 01:21:39,0.020556,0,0.0,no_bin_start
3386,penmanshiel,P08,2022-06-09 01:31:09,2022-06-09 06:19:37,4.807778,28,0.0,potential_never_exceeds_measured
3390,penmanshiel,P08,2022-07-25 10:27:19,2022-07-25 10:29:08,0.030278,0,0.0,no_bin_start
3403,penmanshiel,P08,2023-02-17 11:18:11,2023-02-17 11:19:54,0.028611,0,0.0,no_bin_start
3408,penmanshiel,P08,2023-05-06 07:25:25,2023-05-06 07:27:13,0.03,0,0.0,no_bin_start
3409,penmanshiel,P08,2023-05-06 09:32:25,2023-05-06 10:03:19,0.515,3,0.0,potential_never_exceeds_measured
3410,penmanshiel,P08,2023-05-06 15:45:26,2023-05-06 15:55:44,0.171667,1,0.0,potential_never_exceeds_measured
3412,penmanshiel,P08,2023-05-09 22:24:26,2023-05-09 22:34:39,0.170278,1,0.0,potential_never_exceeds_measured
3416,penmanshiel,P08,2023-05-11 11:35:47,2023-05-11 11:47:36,0.196944,1,0.0,potential_never_exceeds_measured
3417,penmanshiel,P08,2023-05-11 12:05:57,2023-05-11 14:05:20,1.989722,12,0.0,potential_never_exceeds_measured
3418,penmanshiel,P08,2023-05-11 14:13:56,2023-05-11 14:15:44,0.03,0,0.0,no_bin_start
3420,penmanshiel,P08,2023-05-18 12:47:34,2023-05-18 13:04:28,0.281667,2,0.0,potential_never_exceeds_measured
3421,penmanshiel,P08,2023-05-19 14:07:04,2023-05-19 14:17:22,0.171667,1,0.0,potential_never_exceeds_measured
3422,penmanshiel,P08,2023-05-19 14:29:06,2023-05-19 14:39:23,0.171389,1,0.0,potential_never_exceeds_measured
3423,penmanshiel,P08,2023-05-19 14:45:41,2023-05-19 18:44:16,3.976389,24,0.0,potential_never_exceeds_measured
3424,penmanshiel,P08,2023-05-19 18:47:39,2023-05-19 18:57:56,0.171389,1,0.0,potential_never_exceeds_measured
3425,penmanshiel,P08,2023-05-19 19:39:06,2023-05-19 19:49:23,0.171389,1,0.0,potential_never_exceeds_measured
3426,penmanshiel,P08,2023-05-19 20:49:08,2023-05-20 11:04:38,14.258333,86,0.0,potential_never_exceeds_measured
3427,penmanshiel,P08,2023-05-20 12:09:29,2023-05-20 12:19:46,0.171389,1,0.0,potential_never_exceeds_measured
3428,penmanshiel,P08,2023-05-20 12:25:12,2023-05-20 12:35:29,0.171389,1,0.0,potential_never_exceeds_measured
3434,penmanshiel,P08,2023-09-21 15:36:16,2023-09-21 15:38:16,0.033333,0,0.0,no_bin_start
3435,penmanshiel,P08,2023-09-21 15:40:16,2023-09-21 15:42:16,0.033333,0,0.0,no_bin_start
3436,penmanshiel,P08,2023-09-21 15:44:16,2023-09-21 15:46:16,0.033333,0,0.0,no_bin_start
3440,penmanshiel,P08,2023-10-26 12:51:30,2023-10-26 12:53:28,0.032778,0,0.0,no_bin_start
3441,penmanshiel,P08,2023-10-26 12:54:49,2023-10-26 12:56:50,0.033611,0,0.0,no_bin_start
3451,penmanshiel,P08,2023-10-27 14:14:07,2023-10-27 14:19:22,0.0875,0,0.0,no_bin_start
3504,penmanshiel,P09,2016-10-05 18:10:24,2016-10-05 18:12:24,0.033333,0,0.0,no_bin_start
3505,penmanshiel,P09,2016-10-05 18:14:24,2016-10-05 18:16:24,0.033333,0,0.0,no_bin_start
3507,penmanshiel,P09,2016-10-05 18:22:24,2016-10-05 18:25:21,0.049167,0,0.0,no_bin_start
3508,penmanshiel,P09,2016-10-05 18:27:22,2016-10-05 18:29:22,0.033333,0,0.0,no_bin_start
3509,penmanshiel,P09,2016-10-05 18:31:22,2016-10-05 18:33:22,0.033333,0,0.0,no_bin_start
3510,penmanshiel,P09,2016-10-05 18:35:32,2016-10-05 18:37:32,0.033333,0,0.0,no_bin_start
3514,penmanshiel,P09,2016-10-16 17:47:00,2016-10-16 17:57:12,0.17,1,0.0,potential_never_exceeds_measured
3519,penmanshiel,P09,2016-11-04 19:33:34,2016-11-04 19:35:34,0.033333,0,0.0,no_bin_start
3520,penmanshiel,P09,2016-11-04 19:37:55,2016-11-04 19:39:55,0.033333,0,0.0,no_bin_start
3521,penmanshiel,P09,2016-11-04 19:41:55,2016-11-04 19:44:55,0.05,0,0.0,no_bin_start
3522,penmanshiel,P09,2016-11-04 19:47:07,2016-11-04 19:49:07,0.033333,0,0.0,no_bin_start
3523,penmanshiel,P09,2016-11-04 19:51:07,2016-11-04 19:53:07,0.033333,0,0.0,no_bin_start
3524,penmanshiel,P09,2016-11-04 19:55:07,2016-11-04 19:57:07,0.033333,0,0.0,no_bin_start
3526,penmanshiel,P09,2016-11-04 20:57:39,2016-11-04 20:59:21,0.028333,0,0.0,no_bin_start
3528,penmanshiel,P09,2016-11-04 21:34:25,2016-11-04 21:36:09,0.028889,0,0.0,no_bin_start
3530,penmanshiel,P09,2016-11-17 23:58:16,2016-11-18 00:09:02,0.179444,1,0.0,potential_never_exceeds_measured
3531,penmanshiel,P09,2016-11-30 14:40:49,2016-11-30 14:42:49,0.033333,0,0.0,no_bin_start
3532,penmanshiel,P09,2016-11-30 14:44:49,2016-11-30 14:46:49,0.033333,0,0.0,no_bin_start
3535,penmanshiel,P09,2016-12-01 03:13:01,2016-12-01 03:14:49,0.03,0,0.0,no_bin_start
3545,penmanshiel,P09,2017-02-21 13:51:25,2017-02-21 13:53:25,0.033333,0,0.0,no_bin_start
3546,penmanshiel,P09,2017-02-21 13:55:25,2017-02-21 13:57:25,0.033333,0,0.0,no_bin_start
3548,penmanshiel,P09,2017-02-21 14:03:25,2017-02-21 14:08:31,0.085,0,0.0,no_bin_start
3565,penmanshiel,P09,2017-05-09 13:08:29,2017-05-09 13:16:00,0.125278,1,0.0,potential_never_exceeds_measured
3572,penmanshiel,P09,2017-05-26 04:10:43,2017-05-26 04:21:30,0.179722,1,0.0,potential_never_exceeds_measured
3575,penmanshiel,P09,2017-06-15 14:57:49,2017-06-15 14:59:29,0.027778,0,0.0,no_bin_start
3576,penmanshiel,P09,2017-06-15 15:01:29,2017-06-15 15:02:09,0.011111,0,0.0,no_bin_start
3578,penmanshiel,P09,2017-06-15 15:20:28,2017-06-15 15:22:28,0.033333,0,0.0,no_bin_start
3579,penmanshiel,P09,2017-06-15 15:24:28,2017-06-15 15:26:28,0.033333,0,0.0,no_bin_start
3583,penmanshiel,P09,2017-08-21 15:11:10,2017-08-21 15:13:10,0.033333,0,0.0,no_bin_start
3585,penmanshiel,P09,2017-10-04 21:24:32,2017-10-04 21:40:34,0.267222,2,0.0,potential_never_exceeds_measured
3586,penmanshiel,P09,2017-10-04 22:11:50,2017-10-04 22:17:05,0.0875,0,0.0,no_bin_start
3589,penmanshiel,P09,2017-10-30 07:30:42,2017-10-30 08:38:02,1.122222,6,0.0,potential_never_exceeds_measured
3591,penmanshiel,P09,2017-10-30 13:16:31,2017-10-30 13:26:46,0.170833,1,0.0,potential_never_exceeds_measured
3601,penmanshiel,P09,2018-05-28 20:53:13,2018-05-28 21:04:00,0.179722,1,0.0,potential_never_exceeds_measured
3607,penmanshiel,P09,2018-06-21 18:27:59,2018-06-21 18:29:59,0.033333,0,0.0,no_bin_start
3608,penmanshiel,P09,2018-06-21 18:31:59,2018-06-21 18:34:47,0.046667,0,0.0,no_bin_start
3612,penmanshiel,P09,2018-09-26 14:17:34,2018-09-26 14:19:34,0.033333,0,0.0,no_bin_start
3613,penmanshiel,P09,2018-09-26 14:21:39,2018-09-26 14:23:39,0.033333,0,0.0,no_bin_start
3614,penmanshiel,P09,2018-09-26 14:25:41,2018-09-26 14:27:41,0.033333,0,0.0,no_bin_start
3616,penmanshiel,P09,2018-09-26 15:04:38,2018-09-26 15:04:46,0.002222,0,0.0,no_bin_start
3617,penmanshiel,P09,2018-09-26 15:06:47,2018-09-26 15:06:58,0.003056,0,0.0,no_bin_start
3619,penmanshiel,P09,2018-10-30 03:13:26,2018-10-30 03:24:13,0.179722,1,0.0,potential_never_exceeds_measured
3623,penmanshiel,P09,2019-01-18 14:35:00,2019-01-18 14:37:00,0.033333,0,0.0,no_bin_start
3625,penmanshiel,P09,2019-01-18 14:43:00,2019-01-18 14:45:00,0.033333,0,0.0,no_bin_start
3629,penmanshiel,P09,2019-08-02 12:04:11,2019-08-02 12:06:11,0.033333,0,0.0,no_bin_start
3652,penmanshiel,P09,2020-06-11 17:45:39,2020-06-11 17:47:39,0.033333,0,0.0,no_bin_start
3654,penmanshiel,P09,2020-06-11 17:53:39,2020-06-11 17:55:39,0.033333,0,0.0,no_bin_start
3656,penmanshiel,P09,2020-06-11 20:05:35,2020-06-11 20:07:35,0.033333,0,0.0,no_bin_start
3666,penmanshiel,P09,2020-10-09 20:35:54,2020-10-09 20:36:36,0.011667,0,0.0,no_bin_start
3670,penmanshiel,P09,2020-10-10 06:32:17,2020-10-10 06:34:17,0.033333,0,0.0,no_bin_start
3672,penmanshiel,P09,2020-10-10 15:48:07,2020-10-10 15:49:56,0.030278,0,0.0,no_bin_start
3678,penmanshiel,P09,2020-12-07 15:01:46,2020-12-07 15:07:34,0.096667,0,0.0,no_bin_start
3681,penmanshiel,P09,2021-04-20 08:18:55,2021-04-20 08:37:22,0.3075,2,0.0,potential_never_exceeds_measured
3682,penmanshiel,P09,2021-04-27 04:46:31,2021-04-27 04:48:02,0.025278,0,0.0,no_bin_start
3683,penmanshiel,P09,2021-04-27 04:58:25,2021-04-27 05:03:47,0.089444,1,0.0,potential_never_exceeds_measured
3685,penmanshiel,P09,2021-04-29 23:23:42,2021-04-29 23:56:40,0.549444,3,0.0,potential_never_exceeds_measured
3687,penmanshiel,P09,2021-04-30 18:34:11,2021-04-30 18:34:18,0.001944,0,0.0,no_bin_start
3688,penmanshiel,P09,2021-04-30 23:40:29,2021-04-30 23:42:13,0.028889,0,0.0,no_bin_start
3689,penmanshiel,P09,2021-04-30 23:43:14,2021-04-30 23:43:37,0.006389,0,0.0,no_bin_start
3700,penmanshiel,P09,2021-07-13 14:28:59,2021-07-13 14:30:30,0.025278,1,0.0,potential_never_exceeds_measured
3701,penmanshiel,P09,2021-07-13 14:33:28,2021-07-13 14:34:08,0.011111,0,0.0,no_bin_start
3719,penmanshiel,P09,2022-09-20 16:28:00,2022-09-20 16:30:00,0.033333,1,0.0,potential_never_exceeds_measured
3720,penmanshiel,P09,2022-09-20 16:32:10,2022-09-20 16:34:10,0.033333,0,0.0,no_bin_start
3726,penmanshiel,P09,2022-11-19 08:16:49,2022-11-19 08:18:37,0.03,0,0.0,no_bin_start
3733,penmanshiel,P09,2023-05-06 10:03:58,2023-05-06 10:05:47,0.030278,0,0.0,no_bin_start
3734,penmanshiel,P09,2023-05-11 16:42:07,2023-05-11 16:43:56,0.030278,0,0.0,no_bin_start
3738,penmanshiel,P09,2023-07-11 13:24:58,2023-07-11 13:26:58,0.033333,0,0.0,no_bin_start
3740,penmanshiel,P09,2023-07-11 13:33:26,2023-07-11 13:35:26,0.033333,0,0.0,no_bin_start
3743,penmanshiel,P09,2023-08-05 05:22:07,2023-08-05 05:23:55,0.03,0,0.0,no_bin_start
3744,penmanshiel,P09,2023-08-23 15:52:37,2023-08-23 15:54:25,0.03,0,0.0,no_bin_start
3745,penmanshiel,P09,2023-08-24 21:40:03,2023-08-24 21:41:51,0.03,0,0.0,no_bin_start
3747,penmanshiel,P09,2023-08-25 07:10:58,2023-08-25 07:12:47,0.030278,0,0.0,no_bin_start
3748,penmanshiel,P09,2023-08-25 08:29:19,2023-08-25 08:59:59,0.511111,3,0.0,potential_never_exceeds_measured
3749,penmanshiel,P09,2023-08-25 09:42:19,2023-08-25 09:44:07,0.03,0,0.0,no_bin_start
3752,penmanshiel,P09,2023-11-04 14:53:47,2023-11-04 15:33:02,0.654167,4,0.0,potential_never_exceeds_measured
3753,penmanshiel,P09,2023-11-04 19:06:48,2023-11-04 19:08:37,0.030278,0,0.0,no_bin_start
3757,penmanshiel,P09,2023-11-04 21:10:51,2023-11-04 21:11:43,0.014444,0,0.0,no_bin_start
3758,penmanshiel,P09,2023-11-04 21:28:08,2023-11-04 21:31:10,0.050556,1,0.0,potential_never_exceeds_measured
3761,penmanshiel,P09,2023-11-04 22:50:14,2023-11-04 22:52:03,0.030278,0,0.0,no_bin_start
3762,penmanshiel,P09,2023-11-04 22:58:10,2023-11-04 23:07:10,0.15,1,0.0,potential_never_exceeds_measured
3763,penmanshiel,P09,2023-11-04 23:15:15,2023-11-04 23:17:04,0.030278,0,0.0,no_bin_start
3765,penmanshiel,P09,2023-11-05 01:33:05,2023-11-05 01:34:54,0.030278,0,0.0,no_bin_start
3767,penmanshiel,P09,2023-11-09 23:23:31,2023-11-09 23:26:16,0.045833,0,0.0,no_bin_start
3773,penmanshiel,P10,2016-09-02 09:54:11,2016-09-02 09:56:45,0.042778,0,0.0,no_bin_start
3778,penmanshiel,P10,2016-09-26 02:22:08,2016-09-26 02:32:16,0.168889,1,0.0,potential_never_exceeds_measured
3825,penmanshiel,P10,2016-10-05 17:15:18,2016-10-05 17:17:18,0.033333,0,0.0,no_bin_start
3832,penmanshiel,P10,2016-11-03 14:32:00,2016-11-03 14:34:00,0.033333,0,0.0,no_bin_start
3833,penmanshiel,P10,2016-11-03 14:36:02,2016-11-03 14:38:02,0.033333,0,0.0,no_bin_start
3836,penmanshiel,P10,2016-11-19 22:51:25,2016-11-19 22:53:25,0.033333,0,0.0,no_bin_start
3837,penmanshiel,P10,2016-11-19 22:55:25,2016-11-19 22:57:25,0.033333,0,0.0,no_bin_start
3842,penmanshiel,P10,2016-11-28 01:42:50,2016-11-28 02:04:09,0.355278,2,0.0,potential_never_exceeds_measured
3871,penmanshiel,P10,2017-06-14 21:22:52,2017-06-14 21:24:52,0.033333,0,0.0,no_bin_start
3872,penmanshiel,P10,2017-06-14 21:27:22,2017-06-14 21:29:22,0.033333,0,0.0,no_bin_start
3873,penmanshiel,P10,2017-06-14 21:32:22,2017-06-14 21:34:22,0.033333,0,0.0,no_bin_start
3877,penmanshiel,P10,2017-07-16 02:51:35,2017-07-16 03:02:19,0.178889,1,0.0,potential_never_exceeds_measured
3890,penmanshiel,P10,2018-06-21 18:20:35,2018-06-21 18:22:35,0.033333,0,0.0,no_bin_start
3891,penmanshiel,P10,2018-06-21 18:24:35,2018-06-21 18:26:35,0.033333,0,0.0,no_bin_start
3893,penmanshiel,P10,2018-06-21 18:32:39,2018-06-21 18:35:41,0.050556,0,0.0,no_bin_start
3894,penmanshiel,P10,2018-06-21 18:37:41,2018-06-21 18:39:41,0.033333,0,0.0,no_bin_start
3907,penmanshiel,P10,2019-08-03 11:46:01,2019-08-03 11:48:01,0.033333,0,0.0,no_bin_start
3908,penmanshiel,P10,2019-08-03 12:00:42,2019-08-03 12:43:27,0.7125,4,0.0,potential_never_exceeds_measured
3909,penmanshiel,P10,2019-08-03 12:52:26,2019-08-03 13:17:06,0.411111,2,0.0,potential_never_exceeds_measured
3910,penmanshiel,P10,2019-08-03 13:22:20,2019-08-03 14:02:12,0.664444,4,0.0,potential_never_exceeds_measured
3912,penmanshiel,P10,2019-08-25 19:01:43,2019-08-25 19:09:44,0.133611,0,0.0,no_bin_start
3919,penmanshiel,P10,2020-02-24 03:16:19,2020-02-24 03:18:08,0.030278,0,0.0,no_bin_start
3921,penmanshiel,P10,2020-02-24 04:31:18,2020-02-24 04:33:06,0.03,0,0.0,no_bin_start
3929,penmanshiel,P10,2020-06-11 17:45:55,2020-06-11 17:47:55,0.033333,0,0.0,no_bin_start
3931,penmanshiel,P10,2020-06-11 17:54:16,2020-06-11 17:56:16,0.033333,0,0.0,no_bin_start
3933,penmanshiel,P10,2020-06-11 20:25:29,2020-06-11 20:27:18,0.030278,0,0.0,no_bin_start
3943,penmanshiel,P10,2020-12-02 13:22:39,2020-12-02 13:24:39,0.033333,0,0.0,no_bin_start
3944,penmanshiel,P10,2020-12-02 13:26:39,2020-12-02 13:28:39,0.033333,0,0.0,no_bin_start
3958,penmanshiel,P10,2021-07-13 14:32:20,2021-07-13 14:34:20,0.033333,0,0.0,no_bin_start
3959,penmanshiel,P10,2021-07-13 14:36:20,2021-07-13 14:38:20,0.033333,0,0.0,no_bin_start
3960,penmanshiel,P10,2021-07-13 14:40:20,2021-07-13 14:42:20,0.033333,0,0.0,no_bin_start
3966,penmanshiel,P10,2021-08-23 18:24:30,2021-08-23 18:43:43,0.320278,2,0.0,potential_never_exceeds_measured
3967,penmanshiel,P10,2021-11-14 02:21:57,2021-11-14 02:32:05,0.168889,1,0.0,potential_never_exceeds_measured
3969,penmanshiel,P10,2021-11-21 09:10:15,2021-11-21 09:18:50,0.143056,0,0.0,no_bin_start
3970,penmanshiel,P10,2021-11-27 10:33:57,2021-11-27 10:35:39,0.028333,0,0.0,no_bin_start
3993,penmanshiel,P10,2023-02-13 03:29:45,2023-02-13 03:39:53,0.168889,1,0.0,potential_never_exceeds_measured
3994,penmanshiel,P10,2023-02-13 04:31:17,2023-02-13 04:36:56,0.094167,0,0.0,no_bin_start
4000,penmanshiel,P10,2023-03-08 07:20:05,2023-03-08 07:21:36,0.025278,0,0.0,no_bin_start
4001,penmanshiel,P10,2023-03-08 07:30:08,2023-03-08 07:31:39,0.025278,0,0.0,no_bin_start
4002,penmanshiel,P10,2023-03-08 07:33:29,2023-03-08 07:34:41,0.02,0,0.0,no_bin_start
4003,penmanshiel,P10,2023-03-15 14:45:58,2023-03-15 14:56:13,0.170833,1,0.0,potential_never_exceeds_measured
4055,penmanshiel,P11,2016-10-05 17:16:21,2016-10-05 17:18:21,0.033333,0,0.0,no_bin_start
4062,penmanshiel,P11,2016-11-03 14:43:54,2016-11-03 14:45:54,0.033333,0,0.0,no_bin_start
4064,penmanshiel,P11,2016-11-03 14:52:06,2016-11-03 14:56:26,0.072222,0,0.0,no_bin_start
4098,penmanshiel,P11,2017-06-14 21:21:58,2017-06-14 21:23:58,0.033333,0,0.0,no_bin_start
4099,penmanshiel,P11,2017-06-14 21:26:02,2017-06-14 21:28:02,0.033333,0,0.0,no_bin_start
4100,penmanshiel,P11,2017-06-14 21:30:02,2017-06-14 21:32:02,0.033333,0,0.0,no_bin_start
4106,penmanshiel,P11,2017-06-28 12:15:18,2017-06-28 12:15:24,0.001667,0,0.0,no_bin_start
4109,penmanshiel,P11,2017-09-25 01:55:22,2017-09-25 02:05:30,0.168889,1,0.0,potential_never_exceeds_measured
4112,penmanshiel,P11,2017-11-02 19:33:42,2017-11-02 19:43:58,0.171111,1,0.0,potential_never_exceeds_measured
4113,penmanshiel,P11,2017-11-06 02:13:09,2017-11-06 02:23:25,0.171111,1,0.0,potential_never_exceeds_measured
4114,penmanshiel,P11,2017-11-06 02:49:27,2017-11-06 03:09:05,0.327222,2,0.0,potential_never_exceeds_measured
4132,penmanshiel,P11,2018-06-21 18:21:12,2018-06-21 18:23:12,0.033333,0,0.0,no_bin_start
4133,penmanshiel,P11,2018-06-21 18:25:12,2018-06-21 18:27:12,0.033333,0,0.0,no_bin_start
4135,penmanshiel,P11,2018-06-21 18:33:12,2018-06-21 18:37:39,0.074167,0,0.0,no_bin_start
4142,penmanshiel,P11,2019-03-13 00:53:09,2019-03-13 00:56:37,0.057778,0,0.0,no_bin_start
4143,penmanshiel,P11,2019-06-13 20:10:08,2019-06-13 20:20:17,0.169167,1,0.0,potential_never_exceeds_measured
4146,penmanshiel,P11,2019-07-30 02:34:56,2019-07-30 02:45:05,0.169167,1,0.0,potential_never_exceeds_measured
4147,penmanshiel,P11,2019-08-02 10:56:18,2019-08-02 10:58:18,0.033333,0,0.0,no_bin_start
4148,penmanshiel,P11,2019-08-02 11:00:18,2019-08-02 11:02:18,0.033333,0,0.0,no_bin_start
4149,penmanshiel,P11,2019-08-02 11:04:18,2019-08-02 11:06:18,0.033333,0,0.0,no_bin_start
4152,penmanshiel,P11,2019-09-19 07:05:42,2019-09-19 07:15:51,0.169167,1,0.0,potential_never_exceeds_measured
4153,penmanshiel,P11,2019-10-03 00:40:52,2019-10-03 00:51:01,0.169167,1,0.0,potential_never_exceeds_measured
4154,penmanshiel,P11,2019-10-13 14:40:17,2019-10-13 14:50:26,0.169167,1,0.0,potential_never_exceeds_measured
4155,penmanshiel,P11,2019-10-13 23:31:08,2019-10-14 00:03:04,0.532222,3,0.0,potential_never_exceeds_measured
4157,penmanshiel,P11,2019-10-16 23:10:08,2019-10-16 23:20:17,0.169167,1,0.0,potential_never_exceeds_measured
4158,penmanshiel,P11,2019-10-18 04:28:01,2019-10-18 04:38:10,0.169167,1,0.0,potential_never_exceeds_measured
4159,penmanshiel,P11,2019-10-18 20:12:16,2019-10-18 20:22:25,0.169167,1,0.0,potential_never_exceeds_measured
4160,penmanshiel,P11,2019-10-21 06:48:20,2019-10-21 06:58:29,0.169167,1,0.0,potential_never_exceeds_measured
4161,penmanshiel,P11,2019-10-24 22:57:40,2019-10-24 23:07:49,0.169167,1,0.0,potential_never_exceeds_measured
4163,penmanshiel,P11,2019-10-25 15:27:35,2019-10-25 15:40:29,0.215,2,0.0,potential_never_exceeds_measured
4164,penmanshiel,P11,2019-10-25 20:55:16,2019-10-25 21:05:25,0.169167,1,0.0,potential_never_exceeds_measured
4166,penmanshiel,P11,2019-10-26 08:53:41,2019-10-26 09:03:50,0.169167,1,0.0,potential_never_exceeds_measured
4167,penmanshiel,P11,2019-10-28 15:59:28,2019-10-28 16:04:53,0.090278,1,0.0,potential_never_exceeds_measured
4168,penmanshiel,P11,2019-10-28 16:38:05,2019-10-28 16:48:14,0.169167,1,0.0,potential_never_exceeds_measured
4196,penmanshiel,P11,2020-06-11 17:46:34,2020-06-11 17:48:34,0.033333,0,0.0,no_bin_start
4197,penmanshiel,P11,2020-06-11 17:50:34,2020-06-11 17:52:34,0.033333,0,0.0,no_bin_start
4198,penmanshiel,P11,2020-06-11 17:54:34,2020-06-11 17:56:34,0.033333,0,0.0,no_bin_start
4201,penmanshiel,P11,2020-06-11 19:42:38,2020-06-11 19:45:31,0.048056,0,0.0,no_bin_start
4202,penmanshiel,P11,2020-06-11 19:47:34,2020-06-11 19:49:34,0.033333,0,0.0,no_bin_start
4203,penmanshiel,P11,2020-06-11 19:51:34,2020-06-11 19:53:34,0.033333,0,0.0,no_bin_start
4204,penmanshiel,P11,2020-06-11 19:55:34,2020-06-11 19:57:34,0.033333,0,0.0,no_bin_start
4207,penmanshiel,P11,2020-06-11 21:07:03,2020-06-11 21:08:52,0.030278,0,0.0,no_bin_start
4209,penmanshiel,P11,2020-06-11 22:05:20,2020-06-11 22:07:06,0.029444,0,0.0,no_bin_start
4211,penmanshiel,P11,2020-06-12 01:43:16,2020-06-12 01:45:05,0.030278,0,0.0,no_bin_start
4213,penmanshiel,P11,2020-06-12 06:14:56,2020-06-12 06:16:43,0.029722,0,0.0,no_bin_start
4215,penmanshiel,P11,2020-06-12 10:05:22,2020-06-12 10:07:10,0.03,0,0.0,no_bin_start
4219,penmanshiel,P11,2020-08-28 09:31:54,2020-08-28 09:33:54,0.033333,0,0.0,no_bin_start
4220,penmanshiel,P11,2020-08-28 09:35:54,2020-08-28 09:37:54,0.033333,0,0.0,no_bin_start
4223,penmanshiel,P11,2020-08-28 16:23:58,2020-08-28 16:25:47,0.030278,0,0.0,no_bin_start
4227,penmanshiel,P11,2020-09-24 13:24:14,2020-09-24 13:26:14,0.033333,0,0.0,no_bin_start
4229,penmanshiel,P11,2020-09-24 13:32:27,2020-09-24 13:34:27,0.033333,0,0.0,no_bin_start
4230,penmanshiel,P11,2020-10-10 16:06:24,2020-10-10 16:08:24,0.033333,0,0.0,no_bin_start
4232,penmanshiel,P11,2020-10-10 19:45:53,2020-10-10 19:47:41,0.03,0,0.0,no_bin_start
4234,penmanshiel,P11,2020-10-10 20:33:46,2020-10-10 20:35:34,0.03,0,0.0,no_bin_start
4236,penmanshiel,P11,2020-10-10 21:37:33,2020-10-10 21:39:21,0.03,0,0.0,no_bin_start
4239,penmanshiel,P11,2020-12-13 10:03:48,2020-12-13 10:05:34,0.029444,0,0.0,no_bin_start
4241,penmanshiel,P11,2021-01-18 12:07:03,2021-01-18 12:07:14,0.003056,0,0.0,no_bin_start
4242,penmanshiel,P11,2021-01-18 12:11:34,2021-01-18 12:13:34,0.033333,0,0.0,no_bin_start
4250,penmanshiel,P11,2021-05-03 10:34:01,2021-05-03 10:35:50,0.030278,0,0.0,no_bin_start
4261,penmanshiel,P11,2021-06-22 10:08:56,2021-06-22 10:10:45,0.030278,1,0.0,potential_never_exceeds_measured
4262,penmanshiel,P11,2021-07-09 11:47:29,2021-07-09 11:49:17,0.03,0,0.0,no_bin_start
4263,penmanshiel,P11,2021-07-09 19:23:26,2021-07-09 20:07:54,0.741111,4,0.0,potential_never_exceeds_measured
4264,penmanshiel,P11,2021-07-12 13:53:48,2021-07-12 13:55:48,0.033333,0,0.0,no_bin_start
4266,penmanshiel,P11,2021-07-20 04:03:05,2021-07-20 04:04:54,0.030278,0,0.0,no_bin_start
4267,penmanshiel,P11,2021-07-20 05:06:42,2021-07-20 05:19:48,0.218333,1,0.0,potential_never_exceeds_measured
4270,penmanshiel,P11,2021-08-02 08:04:13,2021-08-02 08:06:01,0.03,0,0.0,no_bin_start
4272,penmanshiel,P11,2021-08-25 04:36:37,2021-08-25 04:38:25,0.03,0,0.0,no_bin_start
4273,penmanshiel,P11,2021-08-25 05:01:34,2021-08-25 07:02:50,2.021111,12,0.0,potential_never_exceeds_measured
4275,penmanshiel,P11,2021-08-25 13:09:07,2021-08-25 14:04:19,0.92,6,0.0,potential_never_exceeds_measured
4276,penmanshiel,P11,2021-08-25 14:46:18,2021-08-25 14:48:06,0.03,0,0.0,no_bin_start
4277,penmanshiel,P11,2021-08-25 16:01:20,2021-08-25 16:36:10,0.580556,3,0.0,potential_never_exceeds_measured
4278,penmanshiel,P11,2021-08-28 03:58:43,2021-08-28 04:00:32,0.030278,1,0.0,potential_never_exceeds_measured
4279,penmanshiel,P11,2021-08-28 15:00:58,2021-08-28 15:19:39,0.311389,1,0.0,potential_never_exceeds_measured
4280,penmanshiel,P11,2021-09-03 03:19:36,2021-09-03 03:21:25,0.030278,1,0.0,potential_never_exceeds_measured
4281,penmanshiel,P11,2021-09-03 11:39:41,2021-09-04 06:52:38,19.215833,116,0.0,potential_never_exceeds_measured
4282,penmanshiel,P11,2021-09-04 08:35:47,2021-09-04 08:44:48,0.150278,1,0.0,potential_never_exceeds_measured
4284,penmanshiel,P11,2021-09-05 14:35:43,2021-09-05 14:37:32,0.030278,0,0.0,no_bin_start
4285,penmanshiel,P11,2021-09-10 08:23:17,2021-09-10 08:25:05,0.03,0,0.0,no_bin_start
4286,penmanshiel,P11,2021-09-10 11:19:12,2021-09-10 11:39:29,0.338056,2,0.0,potential_never_exceeds_measured
4287,penmanshiel,P11,2021-09-10 22:04:22,2021-09-10 22:06:11,0.030278,0,0.0,no_bin_start
4288,penmanshiel,P11,2021-09-10 23:14:57,2021-09-10 23:35:53,0.348889,2,0.0,potential_never_exceeds_measured
4289,penmanshiel,P11,2021-09-15 14:27:36,2021-09-15 14:29:25,0.030278,0,0.0,no_bin_start
4290,penmanshiel,P11,2021-09-15 20:54:01,2021-09-15 21:13:26,0.323611,2,0.0,potential_never_exceeds_measured
4292,penmanshiel,P11,2021-10-16 18:10:26,2021-10-16 18:12:15,0.030278,0,0.0,no_bin_start
4294,penmanshiel,P11,2021-10-16 21:44:34,2021-10-16 21:46:23,0.030278,0,0.0,no_bin_start
4296,penmanshiel,P11,2021-10-30 11:11:55,2021-10-30 11:19:28,0.125833,0,0.0,no_bin_start
4305,penmanshiel,P11,2021-11-14 07:21:20,2021-11-14 07:23:09,0.030278,0,0.0,no_bin_start
4311,penmanshiel,P11,2021-11-29 16:25:59,2021-11-29 16:27:46,0.029722,0,0.0,no_bin_start
4313,penmanshiel,P11,2021-11-29 19:30:23,2021-11-29 19:32:11,0.03,0,0.0,no_bin_start
4315,penmanshiel,P11,2021-12-01 12:14:34,2021-12-01 12:16:20,0.029444,0,0.0,no_bin_start
4317,penmanshiel,P11,2021-12-01 12:53:27,2021-12-01 12:55:13,0.029444,0,0.0,no_bin_start
4319,penmanshiel,P11,2021-12-01 13:20:53,2021-12-01 13:22:34,0.028056,0,0.0,no_bin_start
4327,penmanshiel,P11,2022-01-29 12:41:21,2022-01-29 12:43:00,0.0275,0,0.0,no_bin_start
4330,penmanshiel,P11,2022-01-29 23:23:59,2022-01-29 23:25:48,0.030278,0,0.0,no_bin_start
4336,penmanshiel,P11,2022-02-02 04:53:50,2022-02-02 04:55:21,0.025278,0,0.0,no_bin_start
4337,penmanshiel,P11,2022-02-02 05:55:29,2022-02-02 05:57:17,0.03,0,0.0,no_bin_start
4338,penmanshiel,P11,2022-02-02 08:58:59,2022-02-02 09:00:29,0.025,1,0.0,potential_never_exceeds_measured
4339,penmanshiel,P11,2022-02-02 10:00:14,2022-02-02 10:02:03,0.030278,0,0.0,no_bin_start
4340,penmanshiel,P11,2022-02-02 11:01:18,2022-02-02 11:03:07,0.030278,0,0.0,no_bin_start
4341,penmanshiel,P11,2022-02-07 17:26:22,2022-02-07 17:28:10,0.03,0,0.0,no_bin_start
4344,penmanshiel,P11,2022-02-13 15:15:45,2022-02-13 15:17:34,0.030278,0,0.0,no_bin_start
4346,penmanshiel,P11,2022-02-16 09:09:19,2022-02-16 09:09:46,0.0075,0,0.0,no_bin_start
4350,penmanshiel,P11,2022-03-10 10:56:06,2022-03-10 10:57:56,0.030556,0,0.0,no_bin_start
4351,penmanshiel,P11,2022-03-27 15:20:47,2022-03-27 15:22:35,0.03,0,0.0,no_bin_start
4352,penmanshiel,P11,2022-03-27 18:08:10,2022-03-27 18:26:28,0.305,2,0.0,potential_never_exceeds_measured
4354,penmanshiel,P11,2022-04-02 09:32:40,2022-04-02 09:34:28,0.03,0,0.0,no_bin_start
4355,penmanshiel,P11,2022-05-30 06:56:28,2022-05-30 06:58:16,0.03,0,0.0,no_bin_start
4357,penmanshiel,P11,2022-06-30 06:30:46,2022-06-30 06:46:26,0.261111,1,0.0,potential_never_exceeds_measured
4358,penmanshiel,P11,2022-06-30 11:51:20,2022-06-30 11:57:50,0.108333,0,0.0,no_bin_start
4359,penmanshiel,P11,2022-07-16 08:52:00,2022-07-16 08:53:49,0.030278,0,0.0,no_bin_start
4360,penmanshiel,P11,2022-07-19 19:40:55,2022-07-19 19:51:46,0.180833,1,0.0,potential_never_exceeds_measured
4361,penmanshiel,P11,2022-07-19 19:54:30,2022-07-19 19:57:23,0.048056,0,0.0,no_bin_start
4364,penmanshiel,P11,2022-08-08 21:26:29,2022-08-08 21:28:18,0.030278,0,0.0,no_bin_start
4365,penmanshiel,P11,2022-08-09 08:11:32,2022-08-09 08:13:38,0.035,0,0.0,no_bin_start
4366,penmanshiel,P11,2022-08-09 23:22:14,2022-08-09 23:25:22,0.052222,0,0.0,no_bin_start
4367,penmanshiel,P11,2022-08-12 16:33:36,2022-08-12 16:35:37,0.033611,0,0.0,no_bin_start
4368,penmanshiel,P11,2022-08-13 00:30:18,2022-08-13 00:52:00,0.361667,2,0.0,potential_never_exceeds_measured
4370,penmanshiel,P11,2022-08-15 08:12:10,2022-08-15 08:13:59,0.030278,0,0.0,no_bin_start
4372,penmanshiel,P11,2022-08-16 11:51:52,2022-08-16 11:53:41,0.030278,0,0.0,no_bin_start
4376,penmanshiel,P11,2022-08-18 11:35:24,2022-08-18 11:37:12,0.03,0,0.0,no_bin_start
4377,penmanshiel,P11,2022-08-18 11:46:23,2022-08-18 11:47:41,0.021667,0,0.0,no_bin_start
4378,penmanshiel,P11,2022-08-23 01:46:53,2022-08-23 01:48:40,0.029722,0,0.0,no_bin_start
4379,penmanshiel,P11,2022-08-23 13:06:32,2022-08-23 13:08:20,0.03,0,0.0,no_bin_start
4380,penmanshiel,P11,2022-08-25 16:10:17,2022-08-25 16:16:20,0.100833,0,0.0,no_bin_start
4381,penmanshiel,P11,2022-08-26 15:15:48,2022-08-26 15:17:37,0.030278,0,0.0,no_bin_start
4382,penmanshiel,P11,2022-08-27 02:15:40,2022-08-27 02:16:59,0.021944,0,0.0,no_bin_start
4383,penmanshiel,P11,2022-08-27 02:27:27,2022-08-27 02:28:52,0.023611,0,0.0,no_bin_start
4384,penmanshiel,P11,2022-08-27 20:13:15,2022-08-27 20:14:44,0.024722,0,0.0,no_bin_start
4385,penmanshiel,P11,2022-08-28 06:44:41,2022-08-28 07:19:05,0.573333,3,0.0,potential_never_exceeds_measured
4386,penmanshiel,P11,2022-08-28 09:54:19,2022-08-28 09:55:58,0.0275,0,0.0,no_bin_start
4387,penmanshiel,P11,2022-08-28 22:09:07,2022-08-28 22:10:56,0.030278,1,0.0,potential_never_exceeds_measured
4389,penmanshiel,P11,2022-08-30 00:47:38,2022-08-30 00:49:34,0.032222,0,0.0,no_bin_start
4391,penmanshiel,P11,2022-09-01 19:30:45,2022-09-01 19:32:33,0.03,0,0.0,no_bin_start
4392,penmanshiel,P11,2022-09-01 19:33:51,2022-09-01 19:35:27,0.026667,0,0.0,no_bin_start
4396,penmanshiel,P11,2022-09-04 21:04:18,2022-09-04 21:04:23,0.001389,0,0.0,no_bin_start
4397,penmanshiel,P11,2022-09-05 09:21:06,2022-09-05 09:22:54,0.03,0,0.0,no_bin_start
4398,penmanshiel,P11,2022-09-05 09:25:07,2022-09-05 09:26:14,0.018611,0,0.0,no_bin_start
4399,penmanshiel,P11,2022-09-05 09:29:52,2022-09-05 10:05:37,0.595833,4,0.0,potential_never_exceeds_measured
4400,penmanshiel,P11,2022-09-06 18:43:53,2022-09-06 18:45:39,0.029444,0,0.0,no_bin_start
4401,penmanshiel,P11,2022-09-07 09:30:05,2022-09-07 09:31:54,0.030278,0,0.0,no_bin_start
4402,penmanshiel,P11,2022-09-07 23:35:12,2022-09-07 23:38:38,0.057222,0,0.0,no_bin_start
4404,penmanshiel,P11,2022-09-10 01:05:02,2022-09-10 01:08:37,0.059722,0,0.0,no_bin_start
4405,penmanshiel,P11,2022-09-10 20:02:51,2022-09-10 20:04:22,0.025278,0,0.0,no_bin_start
4406,penmanshiel,P11,2022-09-10 20:36:45,2022-09-10 20:38:24,0.0275,0,0.0,no_bin_start
4407,penmanshiel,P11,2022-09-10 20:39:48,2022-09-10 20:40:59,0.019722,1,0.0,potential_never_exceeds_measured
4408,penmanshiel,P11,2022-09-10 20:47:50,2022-09-10 20:49:19,0.024722,0,0.0,no_bin_start
4409,penmanshiel,P11,2022-09-10 20:51:14,2022-09-10 21:18:50,0.46,2,0.0,potential_never_exceeds_measured
4410,penmanshiel,P11,2022-09-12 21:40:31,2022-09-12 21:42:19,0.03,0,0.0,no_bin_start
4411,penmanshiel,P11,2022-09-18 16:29:00,2022-09-18 16:30:30,0.025,1,0.0,potential_never_exceeds_measured
4412,penmanshiel,P11,2022-09-18 16:40:43,2022-09-18 16:40:48,0.001389,0,0.0,no_bin_start
4413,penmanshiel,P11,2022-09-18 16:43:46,2022-09-18 17:10:25,0.444167,3,0.0,potential_never_exceeds_measured
4415,penmanshiel,P11,2022-09-22 15:03:02,2022-09-22 15:05:02,0.033333,0,0.0,no_bin_start
4416,penmanshiel,P11,2022-09-23 06:09:04,2022-09-23 06:10:35,0.025278,1,0.0,potential_never_exceeds_measured
4417,penmanshiel,P11,2022-09-23 06:50:50,2022-09-23 06:55:48,0.082778,0,0.0,no_bin_start
4418,penmanshiel,P11,2022-09-29 21:14:10,2022-09-29 21:15:59,0.030278,0,0.0,no_bin_start
4419,penmanshiel,P11,2022-09-29 21:42:54,2022-09-29 21:44:43,0.030278,0,0.0,no_bin_start
4426,penmanshiel,P11,2022-10-17 13:00:09,2022-10-17 13:01:52,0.028611,0,0.0,no_bin_start
4428,penmanshiel,P11,2022-10-17 15:17:00,2022-10-17 15:18:42,0.028333,0,0.0,no_bin_start
4431,penmanshiel,P11,2022-10-21 20:35:44,2022-10-21 20:37:33,0.030278,0,0.0,no_bin_start
4434,penmanshiel,P11,2022-10-23 23:13:15,2022-10-23 23:15:03,0.03,0,0.0,no_bin_start
4435,penmanshiel,P11,2022-10-25 13:17:06,2022-10-25 13:18:55,0.030278,0,0.0,no_bin_start
4457,penmanshiel,P11,2023-09-21 15:36:06,2023-09-21 15:38:06,0.033333,0,0.0,no_bin_start
4458,penmanshiel,P11,2023-09-21 15:40:06,2023-09-21 15:42:06,0.033333,0,0.0,no_bin_start
4459,penmanshiel,P11,2023-09-21 15:44:06,2023-09-21 15:46:06,0.033333,0,0.0,no_bin_start
4461,penmanshiel,P11,2023-09-22 14:26:48,2023-09-22 14:27:19,0.008611,0,0.0,no_bin_start
4462,penmanshiel,P11,2023-09-22 14:28:27,2023-09-22 14:28:33,0.001667,0,0.0,no_bin_start
4463,penmanshiel,P11,2023-09-22 14:30:33,2023-09-22 14:38:20,0.129722,0,0.0,no_bin_start
4475,penmanshiel,P11,2024-07-04 06:40:07,2024-07-04 06:45:23,0.087778,0,0.0,no_bin_start
4479,penmanshiel,P11,2024-09-02 15:44:08,2024-09-02 16:37:07,0.883056,5,0.0,potential_never_exceeds_measured
4480,penmanshiel,P11,2024-09-02 16:47:53,2024-09-02 16:49:41,0.03,0,0.0,no_bin_start
4482,penmanshiel,P11,2024-09-02 18:41:07,2024-09-02 18:42:56,0.030278,0,0.0,no_bin_start
4484,penmanshiel,P11,2024-09-03 14:20:43,2024-09-03 14:22:32,0.030278,0,0.0,no_bin_start
4486,penmanshiel,P11,2024-09-03 19:28:06,2024-09-03 19:29:54,0.03,0,0.0,no_bin_start
4494,penmanshiel,P11,2024-11-04 12:47:48,2024-11-04 12:49:13,0.023611,0,0.0,no_bin_start
4521,penmanshiel,P12,2016-09-26 16:16:11,2016-09-26 16:19:50,0.060833,0,0.0,no_bin_start
4545,penmanshiel,P12,2016-11-03 14:45:08,2016-11-03 14:47:08,0.033333,0,0.0,no_bin_start
4547,penmanshiel,P12,2016-11-03 14:53:08,2016-11-03 14:55:39,0.041944,0,0.0,no_bin_start
4550,penmanshiel,P12,2016-11-22 08:10:11,2016-11-22 08:20:44,0.175833,1,0.0,potential_never_exceeds_measured
4554,penmanshiel,P12,2016-11-30 14:47:53,2016-11-30 14:49:38,0.029167,0,0.0,no_bin_start
4582,penmanshiel,P12,2017-06-14 21:22:01,2017-06-14 21:24:01,0.033333,0,0.0,no_bin_start
4583,penmanshiel,P12,2017-06-14 21:26:01,2017-06-14 21:28:01,0.033333,0,0.0,no_bin_start
4584,penmanshiel,P12,2017-06-14 21:30:07,2017-06-14 21:32:07,0.033333,0,0.0,no_bin_start
4590,penmanshiel,P12,2018-01-23 12:22:14,2018-01-23 12:23:10,0.015556,0,0.0,no_bin_start
4603,penmanshiel,P12,2018-06-20 21:47:28,2018-06-20 21:49:28,0.033333,0,0.0,no_bin_start
4604,penmanshiel,P12,2018-06-20 21:51:36,2018-06-20 21:53:36,0.033333,0,0.0,no_bin_start
4605,penmanshiel,P12,2018-06-20 21:55:49,2018-06-20 21:57:49,0.033333,0,0.0,no_bin_start
4609,penmanshiel,P12,2018-06-21 18:40:41,2018-06-21 18:42:41,0.033333,0,0.0,no_bin_start
4611,penmanshiel,P12,2018-06-21 21:02:32,2018-06-21 21:04:32,0.033333,0,0.0,no_bin_start
4614,penmanshiel,P12,2018-09-19 17:45:33,2018-09-19 17:47:16,0.028611,0,0.0,no_bin_start
4617,penmanshiel,P12,2018-10-04 12:52:32,2018-10-04 12:54:20,0.03,0,0.0,no_bin_start
4618,penmanshiel,P12,2018-10-18 15:32:09,2018-10-18 15:42:24,0.170833,1,0.0,potential_never_exceeds_measured
4619,penmanshiel,P12,2018-12-04 13:54:42,2018-12-04 13:56:31,0.030278,0,0.0,no_bin_start
4623,penmanshiel,P12,2019-01-02 18:22:46,2019-01-02 18:24:35,0.030278,0,0.0,no_bin_start
4624,penmanshiel,P12,2019-01-02 18:39:18,2019-01-02 19:33:31,0.903611,6,0.0,potential_never_exceeds_measured
4625,penmanshiel,P12,2019-01-02 21:02:29,2019-01-02 21:04:16,0.029722,0,0.0,no_bin_start
4627,penmanshiel,P12,2019-01-02 23:02:51,2019-01-02 23:04:39,0.03,0,0.0,no_bin_start
4628,penmanshiel,P12,2019-01-02 23:21:29,2019-01-03 01:13:56,1.874167,11,0.0,potential_never_exceeds_measured
4629,penmanshiel,P12,2019-01-03 02:41:56,2019-01-03 02:43:45,0.030278,0,0.0,no_bin_start
4636,penmanshiel,P12,2019-06-19 20:43:22,2019-06-19 20:45:22,0.033333,0,0.0,no_bin_start
4637,penmanshiel,P12,2019-06-19 20:47:22,2019-06-19 20:49:22,0.033333,0,0.0,no_bin_start
4638,penmanshiel,P12,2019-06-19 20:51:24,2019-06-19 21:23:38,0.537222,3,0.0,potential_never_exceeds_measured
4639,penmanshiel,P12,2019-06-19 21:26:21,2019-06-19 21:28:21,0.033333,0,0.0,no_bin_start
4640,penmanshiel,P12,2019-06-19 21:30:33,2019-06-19 21:32:33,0.033333,0,0.0,no_bin_start
4641,penmanshiel,P12,2019-06-19 21:36:03,2019-06-19 21:38:03,0.033333,0,0.0,no_bin_start
4642,penmanshiel,P12,2019-06-19 21:44:21,2019-06-19 23:19:25,1.584444,9,0.0,potential_never_exceeds_measured
4646,penmanshiel,P12,2019-07-07 21:10:26,2019-07-07 21:20:41,0.170833,1,0.0,potential_never_exceeds_measured
4650,penmanshiel,P12,2019-08-02 10:54:17,2019-08-02 10:56:17,0.033333,0,0.0,no_bin_start
4652,penmanshiel,P12,2019-08-02 11:02:17,2019-08-02 11:04:17,0.033333,0,0.0,no_bin_start
4657,penmanshiel,P12,2019-11-10 15:22:21,2019-11-10 15:32:37,0.171111,1,0.0,potential_never_exceeds_measured
4658,penmanshiel,P12,2019-11-13 14:47:02,2019-11-13 14:57:17,0.170833,1,0.0,potential_never_exceeds_measured
4680,penmanshiel,P12,2020-06-11 17:46:55,2020-06-11 17:48:55,0.033333,0,0.0,no_bin_start
4681,penmanshiel,P12,2020-06-11 17:50:55,2020-06-11 17:52:55,0.033333,0,0.0,no_bin_start
4682,penmanshiel,P12,2020-06-11 17:54:55,2020-06-11 17:56:55,0.033333,0,0.0,no_bin_start
4684,penmanshiel,P12,2020-06-11 23:10:53,2020-06-11 23:12:41,0.03,0,0.0,no_bin_start
4694,penmanshiel,P12,2020-09-24 13:24:40,2020-09-24 13:26:40,0.033333,0,0.0,no_bin_start
4696,penmanshiel,P12,2020-09-24 13:32:40,2020-09-24 13:34:40,0.033333,0,0.0,no_bin_start
4698,penmanshiel,P12,2020-10-10 16:25:12,2020-10-10 16:27:01,0.030278,0,0.0,no_bin_start
4699,penmanshiel,P12,2020-11-08 23:19:35,2020-11-09 00:13:50,0.904167,6,0.0,potential_never_exceeds_measured
4702,penmanshiel,P12,2021-01-18 12:07:03,2021-01-18 12:07:14,0.003056,0,0.0,no_bin_start
4703,penmanshiel,P12,2021-01-18 12:11:34,2021-01-18 12:13:34,0.033333,0,0.0,no_bin_start
4719,penmanshiel,P12,2021-07-13 15:26:38,2021-07-13 15:28:38,0.033333,0,0.0,no_bin_start
4720,penmanshiel,P12,2021-07-13 15:30:45,2021-07-13 15:32:45,0.033333,0,0.0,no_bin_start
4721,penmanshiel,P12,2021-07-13 15:35:20,2021-07-13 15:36:27,0.018611,0,0.0,no_bin_start
4724,penmanshiel,P12,2021-09-01 17:37:36,2021-09-01 17:40:29,0.048056,1,0.0,potential_never_exceeds_measured
4725,penmanshiel,P12,2021-11-27 12:01:57,2021-11-27 12:03:38,0.028056,0,0.0,no_bin_start
4726,penmanshiel,P12,2021-12-03 14:41:39,2021-12-03 14:43:28,0.030278,0,0.0,no_bin_start
4729,penmanshiel,P12,2021-12-06 21:24:31,2021-12-06 21:26:20,0.030278,0,0.0,no_bin_start
4730,penmanshiel,P12,2021-12-06 21:43:48,2021-12-06 21:45:37,0.030278,0,0.0,no_bin_start
4731,penmanshiel,P12,2021-12-07 00:57:01,2021-12-07 00:58:50,0.030278,0,0.0,no_bin_start
4732,penmanshiel,P12,2021-12-09 03:01:09,2021-12-09 03:02:58,0.030278,0,0.0,no_bin_start
4733,penmanshiel,P12,2021-12-09 03:10:25,2021-12-09 03:12:14,0.030278,0,0.0,no_bin_start
4734,penmanshiel,P12,2021-12-09 06:30:32,2021-12-09 06:32:21,0.030278,0,0.0,no_bin_start
4735,penmanshiel,P12,2021-12-10 22:35:27,2021-12-10 22:37:16,0.030278,0,0.0,no_bin_start
4736,penmanshiel,P12,2021-12-11 16:47:16,2021-12-11 16:49:04,0.03,0,0.0,no_bin_start
4739,penmanshiel,P12,2021-12-11 19:50:28,2021-12-11 19:52:17,0.030278,0,0.0,no_bin_start
4740,penmanshiel,P12,2021-12-11 20:51:35,2021-12-11 20:53:23,0.03,0,0.0,no_bin_start
4741,penmanshiel,P12,2021-12-11 21:51:29,2021-12-11 21:53:18,0.030278,0,0.0,no_bin_start
4742,penmanshiel,P12,2021-12-11 22:52:27,2021-12-11 22:54:16,0.030278,0,0.0,no_bin_start
4743,penmanshiel,P12,2021-12-11 23:53:28,2021-12-11 23:55:17,0.030278,0,0.0,no_bin_start
4744,penmanshiel,P12,2021-12-12 00:54:25,2021-12-12 00:56:13,0.03,0,0.0,no_bin_start
4745,penmanshiel,P12,2021-12-12 01:55:20,2021-12-12 01:57:09,0.030278,0,0.0,no_bin_start
4746,penmanshiel,P12,2021-12-12 02:56:16,2021-12-12 02:58:05,0.030278,0,0.0,no_bin_start
4747,penmanshiel,P12,2021-12-12 03:57:13,2021-12-12 03:59:02,0.030278,0,0.0,no_bin_start
4748,penmanshiel,P12,2021-12-12 04:58:08,2021-12-12 04:59:57,0.030278,0,0.0,no_bin_start
4750,penmanshiel,P12,2021-12-12 07:00:02,2021-12-12 07:01:51,0.030278,0,0.0,no_bin_start
4751,penmanshiel,P12,2021-12-12 08:01:19,2021-12-12 09:05:55,1.076667,6,0.0,potential_never_exceeds_measured
4752,penmanshiel,P12,2021-12-12 10:03:05,2021-12-12 10:04:54,0.030278,0,0.0,no_bin_start
4753,penmanshiel,P12,2021-12-12 11:03:58,2021-12-12 11:05:47,0.030278,0,0.0,no_bin_start
4754,penmanshiel,P12,2021-12-12 12:04:59,2021-12-12 12:06:48,0.030278,0,0.0,no_bin_start
4755,penmanshiel,P12,2021-12-12 13:05:52,2021-12-12 13:07:40,0.03,0,0.0,no_bin_start
4756,penmanshiel,P12,2021-12-12 14:06:47,2021-12-12 14:08:36,0.030278,0,0.0,no_bin_start
4757,penmanshiel,P12,2021-12-12 15:07:39,2021-12-12 15:09:28,0.030278,0,0.0,no_bin_start
4759,penmanshiel,P12,2021-12-12 18:12:29,2021-12-12 18:14:18,0.030278,0,0.0,no_bin_start
4763,penmanshiel,P12,2021-12-14 11:42:25,2021-12-14 11:44:14,0.030278,0,0.0,no_bin_start
4764,penmanshiel,P12,2021-12-14 12:43:42,2021-12-14 12:45:31,0.030278,0,0.0,no_bin_start
4766,penmanshiel,P12,2021-12-14 14:20:09,2021-12-14 14:21:58,0.030278,0,0.0,no_bin_start
4767,penmanshiel,P12,2021-12-14 15:21:01,2021-12-14 15:22:50,0.030278,0,0.0,no_bin_start
4768,penmanshiel,P12,2021-12-14 18:24:53,2021-12-14 18:26:42,0.030278,0,0.0,no_bin_start
4769,penmanshiel,P12,2021-12-14 19:26:58,2021-12-14 19:28:45,0.029722,0,0.0,no_bin_start
4770,penmanshiel,P12,2021-12-14 20:28:03,2021-12-14 20:29:52,0.030278,0,0.0,no_bin_start
4773,penmanshiel,P12,2021-12-15 01:34:12,2021-12-15 01:36:01,0.030278,0,0.0,no_bin_start
4774,penmanshiel,P12,2021-12-15 02:35:32,2021-12-15 02:37:21,0.030278,0,0.0,no_bin_start
4775,penmanshiel,P12,2021-12-15 03:36:25,2021-12-15 03:38:14,0.030278,0,0.0,no_bin_start
4776,penmanshiel,P12,2021-12-15 07:40:57,2021-12-15 07:42:46,0.030278,0,0.0,no_bin_start
4777,penmanshiel,P12,2021-12-15 09:42:51,2021-12-15 09:44:40,0.030278,0,0.0,no_bin_start
4778,penmanshiel,P12,2021-12-15 10:43:45,2021-12-15 10:45:34,0.030278,0,0.0,no_bin_start
4779,penmanshiel,P12,2021-12-15 11:44:45,2021-12-15 11:46:34,0.030278,0,0.0,no_bin_start
4780,penmanshiel,P12,2021-12-15 12:45:34,2021-12-15 12:47:23,0.030278,0,0.0,no_bin_start
4781,penmanshiel,P12,2021-12-15 14:47:42,2021-12-15 14:49:31,0.030278,0,0.0,no_bin_start
4782,penmanshiel,P12,2021-12-15 15:48:46,2021-12-15 16:19:49,0.5175,3,0.0,potential_never_exceeds_measured
4784,penmanshiel,P12,2021-12-15 17:50:41,2021-12-15 17:52:30,0.030278,0,0.0,no_bin_start
4785,penmanshiel,P12,2021-12-15 18:51:37,2021-12-15 18:53:26,0.030278,0,0.0,no_bin_start
4786,penmanshiel,P12,2021-12-15 20:53:36,2021-12-15 20:55:25,0.030278,0,0.0,no_bin_start
4787,penmanshiel,P12,2021-12-15 22:55:37,2021-12-15 22:57:07,0.025,0,0.0,no_bin_start
4788,penmanshiel,P12,2021-12-15 23:56:36,2021-12-15 23:58:25,0.030278,0,0.0,no_bin_start
4789,penmanshiel,P12,2021-12-16 00:57:32,2021-12-16 00:59:21,0.030278,0,0.0,no_bin_start
4790,penmanshiel,P12,2021-12-16 01:58:32,2021-12-16 02:00:20,0.03,1,0.0,potential_never_exceeds_measured
4791,penmanshiel,P12,2021-12-16 02:59:27,2021-12-16 03:01:16,0.030278,1,0.0,potential_never_exceeds_measured
4792,penmanshiel,P12,2021-12-16 03:26:48,2021-12-16 04:09:30,0.711667,4,0.0,potential_never_exceeds_measured
4793,penmanshiel,P12,2021-12-16 04:27:45,2021-12-16 04:29:34,0.030278,0,0.0,no_bin_start
4796,penmanshiel,P12,2021-12-16 07:30:30,2021-12-16 07:32:19,0.030278,0,0.0,no_bin_start
4797,penmanshiel,P12,2021-12-16 08:31:27,2021-12-16 08:33:16,0.030278,0,0.0,no_bin_start
4798,penmanshiel,P12,2021-12-16 09:32:23,2021-12-16 09:34:12,0.030278,0,0.0,no_bin_start
4799,penmanshiel,P12,2021-12-16 10:33:20,2021-12-16 10:35:09,0.030278,0,0.0,no_bin_start
4800,penmanshiel,P12,2021-12-16 11:34:24,2021-12-16 11:36:13,0.030278,0,0.0,no_bin_start
4801,penmanshiel,P12,2021-12-16 12:35:25,2021-12-16 12:37:14,0.030278,0,0.0,no_bin_start
4802,penmanshiel,P12,2021-12-16 13:36:15,2021-12-16 13:54:15,0.3,2,0.0,potential_never_exceeds_measured
4803,penmanshiel,P12,2021-12-16 14:37:10,2021-12-16 14:38:59,0.030278,0,0.0,no_bin_start
4804,penmanshiel,P12,2021-12-16 15:38:05,2021-12-16 15:39:36,0.025278,0,0.0,no_bin_start
4805,penmanshiel,P12,2021-12-16 16:39:04,2021-12-16 16:40:52,0.03,1,0.0,potential_never_exceeds_measured
4806,penmanshiel,P12,2021-12-16 17:40:03,2021-12-16 17:41:34,0.025278,0,0.0,no_bin_start
4807,penmanshiel,P12,2021-12-16 18:40:50,2021-12-16 18:42:39,0.030278,0,0.0,no_bin_start
4808,penmanshiel,P12,2021-12-16 19:41:46,2021-12-16 19:43:35,0.030278,0,0.0,no_bin_start
4809,penmanshiel,P12,2021-12-16 20:42:52,2021-12-16 20:44:40,0.03,0,0.0,no_bin_start
4810,penmanshiel,P12,2021-12-16 21:43:45,2021-12-16 21:45:15,0.025,0,0.0,no_bin_start
4811,penmanshiel,P12,2021-12-16 22:44:51,2021-12-16 22:46:41,0.030556,0,0.0,no_bin_start
4812,penmanshiel,P12,2021-12-16 23:03:55,2021-12-16 23:25:34,0.360833,2,0.0,potential_never_exceeds_measured
4813,penmanshiel,P12,2021-12-17 00:04:53,2021-12-17 00:06:42,0.030278,0,0.0,no_bin_start
4814,penmanshiel,P12,2021-12-17 01:05:53,2021-12-17 01:07:42,0.030278,0,0.0,no_bin_start
4815,penmanshiel,P12,2021-12-17 02:06:47,2021-12-17 02:08:17,0.025,0,0.0,no_bin_start
4816,penmanshiel,P12,2021-12-17 03:07:44,2021-12-17 03:09:33,0.030278,0,0.0,no_bin_start
4819,penmanshiel,P12,2021-12-17 06:10:36,2021-12-17 06:12:25,0.030278,0,0.0,no_bin_start
4820,penmanshiel,P12,2021-12-17 07:11:33,2021-12-17 07:13:22,0.030278,0,0.0,no_bin_start
4821,penmanshiel,P12,2021-12-17 08:12:29,2021-12-17 08:14:18,0.030278,0,0.0,no_bin_start
4822,penmanshiel,P12,2021-12-17 09:28:46,2021-12-17 10:11:42,0.715556,5,0.0,potential_never_exceeds_measured
4824,penmanshiel,P12,2021-12-17 11:30:46,2021-12-17 11:32:35,0.030278,0,0.0,no_bin_start
4825,penmanshiel,P12,2021-12-17 12:31:40,2021-12-17 12:33:29,0.030278,0,0.0,no_bin_start
4826,penmanshiel,P12,2021-12-17 13:32:44,2021-12-17 13:34:33,0.030278,0,0.0,no_bin_start
4827,penmanshiel,P12,2021-12-17 14:33:37,2021-12-17 14:35:26,0.030278,0,0.0,no_bin_start
4828,penmanshiel,P12,2021-12-17 15:34:32,2021-12-17 15:36:21,0.030278,0,0.0,no_bin_start
4829,penmanshiel,P12,2021-12-17 16:35:28,2021-12-17 16:37:17,0.030278,0,0.0,no_bin_start
4830,penmanshiel,P12,2021-12-17 17:36:53,2021-12-17 17:38:24,0.025278,0,0.0,no_bin_start
4831,penmanshiel,P12,2021-12-17 19:50:58,2021-12-17 19:52:19,0.0225,0,0.0,no_bin_start
4833,penmanshiel,P12,2021-12-18 00:18:17,2021-12-18 00:19:36,0.021944,0,0.0,no_bin_start
4834,penmanshiel,P12,2021-12-18 01:19:39,2021-12-18 01:21:02,0.023056,1,0.0,potential_never_exceeds_measured
4835,penmanshiel,P12,2021-12-18 02:21:01,2021-12-18 02:22:22,0.0225,0,0.0,no_bin_start
4836,penmanshiel,P12,2021-12-18 03:22:26,2021-12-18 03:23:47,0.0225,0,0.0,no_bin_start
4837,penmanshiel,P12,2021-12-18 04:04:28,2021-12-18 04:05:56,0.024444,0,0.0,no_bin_start
4838,penmanshiel,P12,2021-12-18 06:00:49,2021-12-18 06:02:09,0.022222,0,0.0,no_bin_start
4839,penmanshiel,P12,2021-12-18 07:02:10,2021-12-18 07:03:30,0.022222,0,0.0,no_bin_start
4840,penmanshiel,P12,2021-12-18 08:03:40,2021-12-18 08:04:49,0.019167,0,0.0,no_bin_start
4841,penmanshiel,P12,2021-12-18 17:49:52,2021-12-18 17:51:40,0.03,1,0.0,potential_never_exceeds_measured
4842,penmanshiel,P12,2021-12-23 09:40:35,2021-12-23 09:42:24,0.030278,0,0.0,no_bin_start
4843,penmanshiel,P12,2021-12-23 11:57:48,2021-12-23 11:59:37,0.030278,0,0.0,no_bin_start
4845,penmanshiel,P12,2021-12-27 21:21:29,2021-12-27 21:23:18,0.030278,0,0.0,no_bin_start
4846,penmanshiel,P12,2021-12-28 01:36:27,2021-12-28 01:38:16,0.030278,0,0.0,no_bin_start
4847,penmanshiel,P12,2021-12-28 02:37:59,2021-12-28 02:39:48,0.030278,0,0.0,no_bin_start
4849,penmanshiel,P12,2021-12-28 04:41:08,2021-12-28 04:42:57,0.030278,0,0.0,no_bin_start
4850,penmanshiel,P12,2021-12-28 05:43:05,2021-12-28 05:44:54,0.030278,0,0.0,no_bin_start
4851,penmanshiel,P12,2021-12-28 06:45:08,2021-12-28 06:46:57,0.030278,0,0.0,no_bin_start
4853,penmanshiel,P12,2021-12-28 09:50:09,2021-12-28 09:51:58,0.030278,0,0.0,no_bin_start
4854,penmanshiel,P12,2021-12-28 10:11:25,2021-12-28 10:38:27,0.450556,2,0.0,potential_never_exceeds_measured
4855,penmanshiel,P12,2021-12-28 11:13:22,2021-12-28 11:15:11,0.030278,0,0.0,no_bin_start
4857,penmanshiel,P12,2021-12-30 21:10:13,2021-12-30 21:12:01,0.03,0,0.0,no_bin_start
4858,penmanshiel,P12,2021-12-30 23:12:11,2021-12-30 23:14:00,0.030278,0,0.0,no_bin_start
4859,penmanshiel,P12,2021-12-31 01:14:06,2021-12-31 01:15:55,0.030278,0,0.0,no_bin_start
4860,penmanshiel,P12,2021-12-31 04:22:04,2021-12-31 04:23:53,0.030278,0,0.0,no_bin_start
4861,penmanshiel,P12,2021-12-31 05:23:03,2021-12-31 05:24:51,0.03,0,0.0,no_bin_start
4862,penmanshiel,P12,2021-12-31 07:57:45,2021-12-31 07:59:34,0.030278,0,0.0,no_bin_start
4864,penmanshiel,P12,2021-12-31 09:20:04,2021-12-31 09:21:53,0.030278,0,0.0,no_bin_start
4865,penmanshiel,P12,2021-12-31 11:22:43,2021-12-31 11:35:29,0.212778,1,0.0,potential_never_exceeds_measured
4866,penmanshiel,P12,2021-12-31 19:54:40,2021-12-31 19:56:29,0.030278,0,0.0,no_bin_start
4867,penmanshiel,P12,2021-12-31 20:55:41,2021-12-31 20:57:30,0.030278,0,0.0,no_bin_start
4868,penmanshiel,P12,2022-01-02 01:52:15,2022-01-02 01:54:04,0.030278,0,0.0,no_bin_start
4869,penmanshiel,P12,2022-01-02 03:54:39,2022-01-02 03:56:28,0.030278,0,0.0,no_bin_start
4870,penmanshiel,P12,2022-01-02 04:56:03,2022-01-02 04:57:51,0.03,0,0.0,no_bin_start
4871,penmanshiel,P12,2022-01-02 05:57:35,2022-01-02 05:59:23,0.03,0,0.0,no_bin_start
4873,penmanshiel,P12,2022-01-04 20:42:44,2022-01-04 20:48:29,0.095833,0,0.0,no_bin_start
4874,penmanshiel,P12,2022-01-08 16:23:46,2022-01-08 16:25:35,0.030278,0,0.0,no_bin_start
4876,penmanshiel,P12,2022-01-13 03:30:15,2022-01-13 03:32:04,0.030278,0,0.0,no_bin_start
4878,penmanshiel,P12,2022-01-14 00:07:42,2022-01-14 00:09:31,0.030278,0,0.0,no_bin_start
4881,penmanshiel,P12,2022-06-15 06:37:50,2022-06-15 06:39:21,0.025278,0,0.0,no_bin_start
4882,penmanshiel,P12,2022-06-15 20:40:29,2022-06-15 20:42:00,0.025278,0,0.0,no_bin_start
4883,penmanshiel,P12,2022-06-26 06:03:08,2022-06-26 06:04:57,0.030278,0,0.0,no_bin_start
4885,penmanshiel,P12,2022-06-26 07:55:20,2022-06-26 07:57:03,0.028611,0,0.0,no_bin_start
4886,penmanshiel,P12,2022-06-26 08:00:37,2022-06-26 08:02:12,0.026389,0,0.0,no_bin_start
4887,penmanshiel,P12,2022-06-26 08:06:47,2022-06-26 08:08:33,0.029444,0,0.0,no_bin_start
4889,penmanshiel,P12,2022-06-26 08:56:22,2022-06-26 08:58:43,0.039167,0,0.0,no_bin_start
4890,penmanshiel,P12,2022-06-26 09:01:06,2022-06-26 09:21:22,0.337778,2,0.0,potential_never_exceeds_measured
4891,penmanshiel,P12,2022-06-26 09:22:34,2022-06-26 09:25:58,0.056667,0,0.0,no_bin_start
4892,penmanshiel,P12,2022-06-26 09:27:13,2022-06-26 09:28:35,0.022778,0,0.0,no_bin_start
4899,penmanshiel,P12,2022-10-16 09:24:07,2022-10-16 09:29:53,0.096111,0,0.0,no_bin_start
4902,penmanshiel,P12,2022-11-05 22:02:51,2022-11-05 22:13:38,0.179722,1,0.0,potential_never_exceeds_measured
4911,penmanshiel,P12,2022-11-11 07:13:27,2022-11-11 07:18:40,0.086944,0,0.0,no_bin_start
4930,penmanshiel,P12,2022-12-17 21:26:13,2022-12-17 21:37:00,0.179722,1,0.0,potential_never_exceeds_measured
4955,penmanshiel,P12,2023-04-24 15:37:07,2023-04-24 15:38:55,0.03,0,0.0,no_bin_start
4961,penmanshiel,P12,2023-07-08 19:24:20,2023-07-08 19:26:20,0.033333,0,0.0,no_bin_start
4964,penmanshiel,P12,2023-07-08 19:42:23,2023-07-08 19:44:23,0.033333,0,0.0,no_bin_start
4966,penmanshiel,P12,2023-07-28 05:04:50,2023-07-28 05:15:19,0.174722,1,0.0,potential_never_exceeds_measured
4968,penmanshiel,P12,2023-09-19 18:01:56,2023-09-19 18:03:56,0.033333,0,0.0,no_bin_start
4969,penmanshiel,P12,2023-09-19 18:06:04,2023-09-19 18:08:04,0.033333,0,0.0,no_bin_start
4972,penmanshiel,P12,2023-09-21 15:36:16,2023-09-21 15:38:16,0.033333,0,0.0,no_bin_start
4973,penmanshiel,P12,2023-09-21 15:40:31,2023-09-21 15:42:31,0.033333,0,0.0,no_bin_start
4974,penmanshiel,P12,2023-09-21 15:44:31,2023-09-21 15:46:31,0.033333,0,0.0,no_bin_start
4991,penmanshiel,P12,2024-01-20 23:15:12,2024-01-20 23:17:51,0.044167,0,0.0,no_bin_start
5005,penmanshiel,P12,2024-02-02 21:21:55,2024-02-02 21:22:31,0.01,0,0.0,no_bin_start
5014,penmanshiel,P12,2024-05-10 22:50:32,2024-05-10 22:58:31,0.133056,0,0.0,no_bin_start
5016,penmanshiel,P12,2024-08-14 09:45:26,2024-08-14 09:46:57,0.025278,0,0.0,no_bin_start
5031,penmanshiel,P12,2024-12-04 15:01:50,2024-12-04 15:03:38,0.03,0,0.0,no_bin_start
5034,penmanshiel,P12,2024-12-08 05:01:25,2024-12-08 05:03:07,0.028333,0,0.0,no_bin_start
5041,penmanshiel,P12,2024-12-30 10:13:00,2024-12-30 10:18:51,0.0975,0,0.0,no_bin_start
5044,penmanshiel,P12,2024-12-31 09:16:33,2024-12-31 09:19:45,0.053333,0,0.0,no_bin_start
5091,penmanshiel,P13,2016-10-23 08:37:02,2016-10-23 08:37:51,0.013611,0,0.0,no_bin_start
5092,penmanshiel,P13,2016-11-03 14:30:09,2016-11-03 14:32:09,0.033333,0,0.0,no_bin_start
5093,penmanshiel,P13,2016-11-03 14:34:09,2016-11-03 14:36:09,0.033333,0,0.0,no_bin_start
5096,penmanshiel,P13,2016-11-03 14:56:38,2016-11-03 14:58:38,0.033333,0,0.0,no_bin_start
5097,penmanshiel,P13,2016-11-03 15:00:38,2016-11-03 15:02:38,0.033333,0,0.0,no_bin_start
5098,penmanshiel,P13,2016-11-03 15:04:38,2016-11-03 15:06:38,0.033333,0,0.0,no_bin_start
5120,penmanshiel,P13,2017-03-22 01:59:45,2017-03-22 02:18:34,0.313611,2,0.0,potential_never_exceeds_measured
5122,penmanshiel,P13,2017-03-22 18:37:13,2017-03-22 18:38:58,0.029167,0,0.0,no_bin_start
5123,penmanshiel,P13,2017-03-23 23:11:51,2017-03-23 23:12:22,0.008611,0,0.0,no_bin_start
5124,penmanshiel,P13,2017-03-23 23:17:24,2017-03-23 23:17:34,0.002778,0,0.0,no_bin_start
5127,penmanshiel,P13,2017-03-25 20:06:12,2017-03-25 20:06:43,0.008611,0,0.0,no_bin_start
5128,penmanshiel,P13,2017-03-25 23:49:48,2017-03-25 23:53:49,0.066944,1,0.0,potential_never_exceeds_measured
5142,penmanshiel,P13,2017-06-14 21:22:32,2017-06-14 21:24:32,0.033333,0,0.0,no_bin_start
5143,penmanshiel,P13,2017-06-14 21:26:32,2017-06-14 21:28:32,0.033333,0,0.0,no_bin_start
5144,penmanshiel,P13,2017-06-14 21:30:32,2017-06-14 21:32:32,0.033333,0,0.0,no_bin_start
5149,penmanshiel,P13,2017-07-04 11:43:08,2017-07-04 11:43:35,0.0075,0,0.0,no_bin_start
5170,penmanshiel,P13,2018-06-21 18:22:13,2018-06-21 18:24:13,0.033333,0,0.0,no_bin_start
5171,penmanshiel,P13,2018-06-21 18:26:13,2018-06-21 18:28:13,0.033333,0,0.0,no_bin_start
5172,penmanshiel,P13,2018-06-21 18:30:13,2018-06-21 18:32:13,0.033333,0,0.0,no_bin_start
5174,penmanshiel,P13,2018-09-23 15:23:33,2018-09-23 15:28:03,0.075,0,0.0,no_bin_start
5188,penmanshiel,P13,2019-03-01 07:09:01,2019-03-01 07:23:06,0.234722,2,0.0,potential_never_exceeds_measured
5191,penmanshiel,P13,2019-03-02 12:33:35,2019-03-02 12:35:20,0.029167,0,0.0,no_bin_start
5195,penmanshiel,P13,2019-08-02 10:53:49,2019-08-02 10:55:49,0.033333,0,0.0,no_bin_start
5197,penmanshiel,P13,2019-08-02 11:02:00,2019-08-02 11:04:00,0.033333,0,0.0,no_bin_start
5199,penmanshiel,P13,2019-08-02 11:26:37,2019-08-02 11:28:37,0.033333,0,0.0,no_bin_start
5200,penmanshiel,P13,2019-08-02 11:30:51,2019-08-02 11:32:51,0.033333,0,0.0,no_bin_start
5201,penmanshiel,P13,2019-08-02 11:34:51,2019-08-02 11:36:51,0.033333,0,0.0,no_bin_start
5207,penmanshiel,P13,2020-01-07 18:03:30,2020-01-07 18:05:11,0.028056,0,0.0,no_bin_start
5209,penmanshiel,P13,2020-01-11 13:02:37,2020-01-11 13:04:21,0.028889,0,0.0,no_bin_start
5221,penmanshiel,P13,2020-02-19 16:43:37,2020-02-19 16:45:37,0.033333,0,0.0,no_bin_start
5222,penmanshiel,P13,2020-02-19 16:47:37,2020-02-19 16:49:37,0.033333,0,0.0,no_bin_start
5224,penmanshiel,P13,2020-02-19 17:47:41,2020-02-19 17:49:41,0.033333,0,0.0,no_bin_start
5225,penmanshiel,P13,2020-02-19 17:51:41,2020-02-19 17:53:41,0.033333,0,0.0,no_bin_start
5226,penmanshiel,P13,2020-02-19 18:17:52,2020-02-19 18:19:41,0.030278,0,0.0,no_bin_start
5228,penmanshiel,P13,2020-04-02 13:15:48,2020-04-02 13:17:34,0.029444,0,0.0,no_bin_start
5230,penmanshiel,P13,2020-04-02 15:35:41,2020-04-02 15:37:29,0.03,0,0.0,no_bin_start
5235,penmanshiel,P13,2020-06-11 17:47:36,2020-06-11 17:49:37,0.033611,0,0.0,no_bin_start
5236,penmanshiel,P13,2020-06-11 17:51:37,2020-06-11 17:53:37,0.033333,0,0.0,no_bin_start
5237,penmanshiel,P13,2020-06-11 17:55:37,2020-06-11 17:57:37,0.033333,0,0.0,no_bin_start
5239,penmanshiel,P13,2020-06-11 20:40:20,2020-06-11 20:42:08,0.03,0,0.0,no_bin_start
5248,penmanshiel,P13,2020-09-24 13:25:17,2020-09-24 13:27:17,0.033333,0,0.0,no_bin_start
5250,penmanshiel,P13,2020-09-24 13:33:31,2020-09-24 13:35:31,0.033333,0,0.0,no_bin_start
5253,penmanshiel,P13,2020-10-10 19:56:54,2020-10-10 19:58:43,0.030278,0,0.0,no_bin_start
5256,penmanshiel,P13,2020-12-02 13:32:16,2020-12-02 13:34:16,0.033333,0,0.0,no_bin_start
5257,penmanshiel,P13,2020-12-02 13:36:16,2020-12-02 13:38:16,0.033333,0,0.0,no_bin_start
5261,penmanshiel,P13,2021-01-19 13:00:00,2021-01-19 13:04:59,0.083056,1,0.0,potential_never_exceeds_measured
5262,penmanshiel,P13,2021-01-19 13:07:26,2021-01-19 13:32:21,0.415278,3,0.0,potential_never_exceeds_measured
5263,penmanshiel,P13,2021-01-19 18:06:26,2021-01-19 18:08:14,0.03,0,0.0,no_bin_start
5264,penmanshiel,P13,2021-01-19 18:11:03,2021-01-19 18:16:11,0.085556,0,0.0,no_bin_start
5266,penmanshiel,P13,2021-01-20 22:01:04,2021-01-20 22:02:13,0.019167,0,0.0,no_bin_start
5267,penmanshiel,P13,2021-01-21 00:53:08,2021-01-21 00:54:56,0.03,0,0.0,no_bin_start
5268,penmanshiel,P13,2021-01-21 01:33:29,2021-01-21 01:35:18,0.030278,0,0.0,no_bin_start
5271,penmanshiel,P13,2021-01-22 13:43:56,2021-01-22 13:45:45,0.030278,0,0.0,no_bin_start
5275,penmanshiel,P13,2021-01-22 15:37:18,2021-01-22 15:39:06,0.03,0,0.0,no_bin_start
5278,penmanshiel,P13,2021-01-23 19:27:13,2021-01-23 19:33:37,0.106667,1,0.0,potential_never_exceeds_measured
5300,penmanshiel,P13,2021-11-29 15:55:29,2021-11-29 15:57:14,0.029167,0,0.0,no_bin_start
5317,penmanshiel,P13,2022-09-22 15:07:52,2022-09-22 15:09:52,0.033333,0,0.0,no_bin_start
5320,penmanshiel,P13,2022-11-08 11:01:17,2022-11-08 11:03:06,0.030278,0,0.0,no_bin_start
5322,penmanshiel,P13,2022-11-08 17:05:15,2022-11-08 17:07:04,0.030278,0,0.0,no_bin_start
5343,penmanshiel,P13,2023-09-19 18:42:10,2023-09-19 18:44:10,0.033333,0,0.0,no_bin_start
5344,penmanshiel,P13,2023-09-19 18:46:10,2023-09-19 18:48:10,0.033333,0,0.0,no_bin_start
5346,penmanshiel,P13,2023-09-21 15:36:20,2023-09-21 15:38:20,0.033333,0,0.0,no_bin_start
5347,penmanshiel,P13,2023-09-21 15:40:30,2023-09-21 15:42:30,0.033333,0,0.0,no_bin_start
5348,penmanshiel,P13,2023-09-21 15:44:30,2023-09-21 15:46:30,0.033333,0,0.0,no_bin_start
5409,penmanshiel,P14,2016-10-05 17:41:01,2016-10-05 17:43:01,0.033333,0,0.0,no_bin_start
5415,penmanshiel,P14,2016-11-03 14:46:47,2016-11-03 14:48:47,0.033333,0,0.0,no_bin_start
5416,penmanshiel,P14,2016-11-03 14:50:47,2016-11-03 14:52:47,0.033333,0,0.0,no_bin_start
5418,penmanshiel,P14,2016-11-06 06:52:55,2016-11-06 06:55:40,0.045833,0,0.0,no_bin_start
5422,penmanshiel,P14,2016-11-22 08:11:30,2016-11-22 08:16:35,0.084722,0,0.0,no_bin_start
5426,penmanshiel,P14,2016-12-29 19:44:54,2016-12-29 19:46:42,0.03,0,0.0,no_bin_start
5453,penmanshiel,P14,2017-06-14 21:21:56,2017-06-14 21:23:56,0.033333,0,0.0,no_bin_start
5454,penmanshiel,P14,2017-06-14 21:25:56,2017-06-14 21:27:56,0.033333,0,0.0,no_bin_start
5463,penmanshiel,P14,2017-11-17 03:40:38,2017-11-17 03:50:50,0.17,1,0.0,potential_never_exceeds_measured
5464,penmanshiel,P14,2017-11-19 13:06:23,2017-11-19 13:16:35,0.17,1,0.0,potential_never_exceeds_measured
5465,penmanshiel,P14,2017-11-20 11:39:05,2017-11-20 11:49:17,0.17,1,0.0,potential_never_exceeds_measured
5475,penmanshiel,P14,2018-06-21 18:23:17,2018-06-21 18:25:17,0.033333,0,0.0,no_bin_start
5476,penmanshiel,P14,2018-06-21 18:27:17,2018-06-21 18:29:17,0.033333,0,0.0,no_bin_start
5477,penmanshiel,P14,2018-06-21 18:31:17,2018-06-21 18:33:17,0.033333,0,0.0,no_bin_start
5480,penmanshiel,P14,2018-08-18 22:43:14,2018-08-18 22:53:29,0.170833,1,0.0,potential_never_exceeds_measured
5483,penmanshiel,P14,2018-08-25 21:43:26,2018-08-25 21:44:21,0.015278,0,0.0,no_bin_start
5484,penmanshiel,P14,2018-08-25 21:48:27,2018-08-25 21:54:09,0.095,1,0.0,potential_never_exceeds_measured
5489,penmanshiel,P14,2018-08-26 08:37:23,2018-08-26 08:37:46,0.006389,0,0.0,no_bin_start
5491,penmanshiel,P14,2018-08-26 13:04:21,2018-08-26 13:06:18,0.0325,0,0.0,no_bin_start
5502,penmanshiel,P14,2019-08-02 10:51:16,2019-08-02 10:53:16,0.033333,0,0.0,no_bin_start
5503,penmanshiel,P14,2019-08-02 10:55:16,2019-08-02 10:57:16,0.033333,0,0.0,no_bin_start
5512,penmanshiel,P14,2019-09-28 16:11:47,2019-09-28 16:12:10,0.006389,0,0.0,no_bin_start
5525,penmanshiel,P14,2020-06-11 17:47:52,2020-06-11 17:49:52,0.033333,0,0.0,no_bin_start
5526,penmanshiel,P14,2020-06-11 17:51:52,2020-06-11 17:53:52,0.033333,0,0.0,no_bin_start
5527,penmanshiel,P14,2020-06-11 17:55:52,2020-06-11 17:57:52,0.033333,0,0.0,no_bin_start
5529,penmanshiel,P14,2020-06-11 20:27:15,2020-06-11 20:29:02,0.029722,0,0.0,no_bin_start
5536,penmanshiel,P14,2020-09-24 13:25:45,2020-09-24 13:27:45,0.033333,0,0.0,no_bin_start
5539,penmanshiel,P14,2020-10-10 18:53:23,2020-10-10 18:55:23,0.033333,0,0.0,no_bin_start
5541,penmanshiel,P14,2020-12-02 13:01:58,2020-12-02 13:03:58,0.033333,0,0.0,no_bin_start
5576,penmanshiel,P14,2022-06-21 12:01:29,2022-06-21 12:21:05,0.326667,2,0.0,potential_never_exceeds_measured
5581,penmanshiel,P14,2022-09-21 14:32:40,2022-09-21 14:34:40,0.033333,0,0.0,no_bin_start
5582,penmanshiel,P14,2022-09-21 14:36:54,2022-09-21 14:38:54,0.033333,0,0.0,no_bin_start
5583,penmanshiel,P14,2022-09-21 14:40:54,2022-09-21 14:42:54,0.033333,0,0.0,no_bin_start
5592,penmanshiel,P14,2022-12-31 12:36:02,2022-12-31 12:38:51,0.046944,0,0.0,no_bin_start
5593,penmanshiel,P14,2023-01-01 16:57:19,2023-01-01 16:58:50,0.025278,0,0.0,no_bin_start
5594,penmanshiel,P14,2023-01-01 17:06:57,2023-01-01 17:08:11,0.020556,0,0.0,no_bin_start
5595,penmanshiel,P14,2023-01-01 17:10:15,2023-01-01 17:12:01,0.029444,0,0.0,no_bin_start
5596,penmanshiel,P14,2023-01-08 18:01:17,2023-01-08 18:07:27,0.102778,0,0.0,no_bin_start
5597,penmanshiel,P14,2023-01-08 18:08:41,2023-01-08 18:10:41,0.033333,1,0.0,potential_never_exceeds_measured
5598,penmanshiel,P14,2023-01-08 18:12:15,2023-01-08 18:38:04,0.430278,2,0.0,potential_never_exceeds_measured
5599,penmanshiel,P14,2023-01-24 00:53:19,2023-01-24 00:55:08,0.030278,0,0.0,no_bin_start
5601,penmanshiel,P14,2023-01-24 06:00:43,2023-01-24 06:02:32,0.030278,0,0.0,no_bin_start
5602,penmanshiel,P14,2023-01-24 07:59:03,2023-01-24 08:00:52,0.030278,1,0.0,potential_never_exceeds_measured
5603,penmanshiel,P14,2023-01-24 10:02:38,2023-01-24 10:04:27,0.030278,0,0.0,no_bin_start
5604,penmanshiel,P14,2023-01-24 15:10:04,2023-01-24 15:11:52,0.03,0,0.0,no_bin_start
5605,penmanshiel,P14,2023-01-24 16:11:21,2023-01-24 16:13:10,0.030278,0,0.0,no_bin_start
5607,penmanshiel,P14,2023-02-11 21:07:33,2023-02-11 21:09:21,0.03,0,0.0,no_bin_start
5608,penmanshiel,P14,2023-02-17 18:03:06,2023-02-17 18:04:55,0.030278,0,0.0,no_bin_start
5610,penmanshiel,P14,2023-03-17 05:15:10,2023-03-17 05:16:59,0.030278,0,0.0,no_bin_start
5611,penmanshiel,P14,2023-03-19 12:35:40,2023-03-19 12:37:11,0.025278,0,0.0,no_bin_start
5612,penmanshiel,P14,2023-03-19 13:36:58,2023-03-19 13:38:06,0.018889,0,0.0,no_bin_start
5613,penmanshiel,P14,2023-03-19 18:23:40,2023-03-19 18:25:11,0.025278,0,0.0,no_bin_start
5614,penmanshiel,P14,2023-04-07 19:53:50,2023-04-07 19:55:21,0.025278,0,0.0,no_bin_start
5618,penmanshiel,P14,2023-06-25 18:25:33,2023-06-25 18:27:04,0.025278,0,0.0,no_bin_start
5622,penmanshiel,P14,2023-09-19 18:16:46,2023-09-19 18:18:46,0.033333,0,0.0,no_bin_start
5624,penmanshiel,P14,2023-09-21 15:42:55,2023-09-21 15:44:55,0.033333,0,0.0,no_bin_start
5625,penmanshiel,P14,2023-09-21 15:46:55,2023-09-21 15:48:55,0.033333,0,0.0,no_bin_start
5639,penmanshiel,P15,2016-09-09 10:25:57,2016-09-09 10:27:45,0.03,0,0.0,no_bin_start
5641,penmanshiel,P15,2016-09-09 11:27:55,2016-09-09 11:29:36,0.028056,0,0.0,no_bin_start
5642,penmanshiel,P15,2016-09-14 08:50:36,2016-09-14 08:52:24,0.03,0,0.0,no_bin_start
5666,penmanshiel,P15,2016-09-26 16:26:17,2016-09-26 16:28:19,0.033889,0,0.0,no_bin_start
5688,penmanshiel,P15,2016-11-03 14:27:57,2016-11-03 14:29:57,0.033333,0,0.0,no_bin_start
5689,penmanshiel,P15,2016-11-03 14:32:05,2016-11-03 14:34:05,0.033333,0,0.0,no_bin_start
5690,penmanshiel,P15,2016-11-03 14:36:05,2016-11-03 14:38:05,0.033333,0,0.0,no_bin_start
5692,penmanshiel,P15,2016-11-03 14:54:47,2016-11-03 14:56:47,0.033333,0,0.0,no_bin_start
5694,penmanshiel,P15,2016-11-03 15:02:47,2016-11-03 15:04:47,0.033333,0,0.0,no_bin_start
5696,penmanshiel,P15,2016-11-07 13:22:40,2016-11-07 13:24:28,0.03,0,0.0,no_bin_start
5701,penmanshiel,P15,2016-11-19 22:53:53,2016-11-19 22:55:53,0.033333,0,0.0,no_bin_start
5705,penmanshiel,P15,2016-11-22 18:32:01,2016-11-22 18:33:44,0.028611,0,0.0,no_bin_start
5731,penmanshiel,P15,2017-06-14 21:22:00,2017-06-14 21:24:00,0.033333,0,0.0,no_bin_start
5732,penmanshiel,P15,2017-06-14 21:26:00,2017-06-14 21:28:00,0.033333,0,0.0,no_bin_start
5733,penmanshiel,P15,2017-06-14 21:30:05,2017-06-14 21:32:05,0.033333,0,0.0,no_bin_start
5757,penmanshiel,P15,2018-06-21 18:24:02,2018-06-21 18:26:02,0.033333,0,0.0,no_bin_start
5759,penmanshiel,P15,2018-06-21 18:32:02,2018-06-21 18:33:13,0.019722,0,0.0,no_bin_start
5763,penmanshiel,P15,2018-08-09 02:23:33,2018-08-09 02:38:34,0.250278,1,0.0,potential_never_exceeds_measured
5764,penmanshiel,P15,2018-08-09 02:44:19,2018-08-09 02:54:34,0.170833,1,0.0,potential_never_exceeds_measured
5766,penmanshiel,P15,2018-08-28 02:48:39,2018-08-28 02:58:54,0.170833,1,0.0,potential_never_exceeds_measured
5768,penmanshiel,P15,2018-10-08 01:23:34,2018-10-08 01:29:20,0.096111,0,0.0,no_bin_start
5770,penmanshiel,P15,2018-11-22 05:34:31,2018-11-22 05:55:06,0.343056,2,0.0,potential_never_exceeds_measured
5801,penmanshiel,P15,2020-06-11 17:52:18,2020-06-11 17:54:18,0.033333,0,0.0,no_bin_start
5802,penmanshiel,P15,2020-06-11 17:56:18,2020-06-11 17:58:18,0.033333,0,0.0,no_bin_start
5805,penmanshiel,P15,2020-06-11 18:22:39,2020-06-11 18:24:39,0.033333,0,0.0,no_bin_start
5807,penmanshiel,P15,2020-06-11 19:06:06,2020-06-11 19:08:06,0.033333,0,0.0,no_bin_start
5808,penmanshiel,P15,2020-06-11 19:10:11,2020-06-11 19:12:11,0.033333,0,0.0,no_bin_start
5810,penmanshiel,P15,2020-06-11 20:56:58,2020-06-11 20:58:46,0.03,0,0.0,no_bin_start
5811,penmanshiel,P15,2020-06-16 21:13:06,2020-06-16 21:23:21,0.170833,1,0.0,potential_never_exceeds_measured
5812,penmanshiel,P15,2020-06-17 04:28:30,2020-06-17 04:37:10,0.144444,1,0.0,potential_never_exceeds_measured
5819,penmanshiel,P15,2020-08-28 09:52:28,2020-08-28 09:54:28,0.033333,0,0.0,no_bin_start
5820,penmanshiel,P15,2020-08-28 09:56:28,2020-08-28 09:58:28,0.033333,0,0.0,no_bin_start
5821,penmanshiel,P15,2020-08-28 10:00:52,2020-08-28 10:02:52,0.033333,0,0.0,no_bin_start
5827,penmanshiel,P15,2020-10-10 15:44:55,2020-10-10 15:46:55,0.033333,0,0.0,no_bin_start
5829,penmanshiel,P15,2020-10-10 15:53:04,2020-10-10 15:55:04,0.033333,0,0.0,no_bin_start
5832,penmanshiel,P15,2020-10-12 13:13:29,2020-10-12 13:29:50,0.2725,1,0.0,potential_never_exceeds_measured
5841,penmanshiel,P15,2021-01-21 17:16:18,2021-01-21 17:18:07,0.030278,0,0.0,no_bin_start
5844,penmanshiel,P15,2021-04-07 08:44:54,2021-04-07 08:46:17,0.023056,0,0.0,no_bin_start
5868,penmanshiel,P15,2021-11-27 13:41:28,2021-11-27 13:43:10,0.028333,0,0.0,no_bin_start
5869,penmanshiel,P15,2021-11-27 13:51:53,2021-11-27 13:53:56,0.034167,0,0.0,no_bin_start
5870,penmanshiel,P15,2021-11-27 14:02:45,2021-11-27 14:04:30,0.029167,0,0.0,no_bin_start
5872,penmanshiel,P15,2021-12-01 11:01:22,2021-12-01 11:03:03,0.028056,0,0.0,no_bin_start
5874,penmanshiel,P15,2021-12-01 12:34:04,2021-12-01 12:35:46,0.028333,0,0.0,no_bin_start
5875,penmanshiel,P15,2021-12-01 12:44:46,2021-12-01 12:46:13,0.024167,0,0.0,no_bin_start
5876,penmanshiel,P15,2021-12-01 12:54:35,2021-12-01 12:55:57,0.022778,0,0.0,no_bin_start
5880,penmanshiel,P15,2021-12-28 23:41:40,2021-12-28 23:43:11,0.025278,0,0.0,no_bin_start
5881,penmanshiel,P15,2021-12-30 14:30:36,2021-12-30 14:32:25,0.030278,0,0.0,no_bin_start
5882,penmanshiel,P15,2021-12-30 15:35:56,2021-12-30 15:37:45,0.030278,0,0.0,no_bin_start
5884,penmanshiel,P15,2021-12-30 17:40:21,2021-12-30 17:42:10,0.030278,0,0.0,no_bin_start
5885,penmanshiel,P15,2021-12-30 18:41:55,2021-12-30 18:43:43,0.03,0,0.0,no_bin_start
5887,penmanshiel,P15,2021-12-30 20:00:45,2021-12-30 20:02:25,0.027778,0,0.0,no_bin_start
5888,penmanshiel,P15,2021-12-30 21:02:32,2021-12-30 21:04:19,0.029722,0,0.0,no_bin_start
5889,penmanshiel,P15,2021-12-30 22:04:12,2021-12-30 22:06:01,0.030278,0,0.0,no_bin_start
5890,penmanshiel,P15,2021-12-30 23:05:37,2021-12-30 23:33:25,0.463333,3,0.0,potential_never_exceeds_measured
5896,penmanshiel,P15,2022-01-29 12:53:29,2022-01-29 12:55:13,0.028889,0,0.0,no_bin_start
5898,penmanshiel,P15,2022-01-29 16:44:51,2022-01-29 16:46:34,0.028611,0,0.0,no_bin_start
5900,penmanshiel,P15,2022-01-29 19:14:30,2022-01-29 19:16:19,0.030278,0,0.0,no_bin_start
5902,penmanshiel,P15,2022-01-29 21:40:02,2022-01-29 21:41:51,0.030278,0,0.0,no_bin_start
5904,penmanshiel,P15,2022-01-29 23:27:28,2022-01-29 23:29:17,0.030278,0,0.0,no_bin_start
5908,penmanshiel,P15,2022-02-16 22:15:39,2022-02-16 22:17:19,0.027778,0,0.0,no_bin_start
5909,penmanshiel,P15,2022-03-06 15:28:18,2022-03-06 15:30:06,0.03,1,0.0,potential_never_exceeds_measured
5911,penmanshiel,P15,2022-04-02 09:31:31,2022-04-02 09:38:48,0.121389,0,0.0,no_bin_start
5913,penmanshiel,P15,2022-04-29 11:35:24,2022-04-29 11:37:13,0.030278,0,0.0,no_bin_start
5914,penmanshiel,P15,2022-05-30 12:53:17,2022-05-30 12:55:05,0.03,0,0.0,no_bin_start
5919,penmanshiel,P15,2022-09-19 21:14:00,2022-09-19 21:15:49,0.030278,0,0.0,no_bin_start
5922,penmanshiel,P15,2022-10-12 12:52:26,2022-10-12 12:54:15,0.030278,0,0.0,no_bin_start
5925,penmanshiel,P15,2022-11-01 17:53:08,2022-11-01 17:54:57,0.030278,0,0.0,no_bin_start
5927,penmanshiel,P15,2022-11-02 07:52:46,2022-11-02 07:54:35,0.030278,0,0.0,no_bin_start
5957,penmanshiel,P15,2023-09-19 18:14:11,2023-09-19 18:16:11,0.033333,0,0.0,no_bin_start
5959,penmanshiel,P15,2023-09-21 15:36:04,2023-09-21 15:39:01,0.049167,0,0.0,no_bin_start
5960,penmanshiel,P15,2023-09-21 15:41:06,2023-09-21 15:43:06,0.033333,0,0.0,no_bin_start
5961,penmanshiel,P15,2023-09-21 15:45:06,2023-09-21 15:47:06,0.033333,0,0.0,no_bin_start
5964,penmanshiel,P15,2023-09-22 14:10:56,2023-09-22 14:17:10,0.103889,0,0.0,no_bin_start
5966,penmanshiel,P15,2023-10-17 06:34:10,2023-10-17 06:37:37,0.0575,0,0.0,no_bin_start
5967,penmanshiel,P15,2023-10-17 06:39:05,2023-10-17 06:41:05,0.033333,1,0.0,potential_never_exceeds_measured
5975,penmanshiel,P15,2023-12-21 06:05:50,2023-12-21 06:07:33,0.028611,0,0.0,no_bin_start
5981,penmanshiel,P15,2023-12-24 19:17:06,2023-12-24 19:18:48,0.028333,0,0.0,no_bin_start
5986,penmanshiel,P15,2024-01-22 08:14:12,2024-01-22 08:15:43,0.025278,0,0.0,no_bin_start
5987,penmanshiel,P15,2024-01-22 08:21:53,2024-01-22 08:22:44,0.014167,0,0.0,no_bin_start
5989,penmanshiel,P15,2024-01-22 08:37:04,2024-01-22 08:39:10,0.035,0,0.0,no_bin_start
5995,penmanshiel,P15,2024-01-24 09:53:45,2024-01-24 09:55:27,0.028333,0,0.0,no_bin_start
5997,penmanshiel,P15,2024-01-24 10:36:30,2024-01-24 10:38:16,0.029444,0,0.0,no_bin_start
5999,penmanshiel,P15,2024-01-24 11:15:26,2024-01-24 11:17:12,0.029444,0,0.0,no_bin_start
6005,penmanshiel,P15,2024-02-08 14:51:10,2024-02-08 14:51:58,0.013333,0,0.0,no_bin_start
6006,penmanshiel,P15,2024-02-11 08:29:11,2024-02-11 08:30:59,0.03,1,0.0,potential_never_exceeds_measured
6007,penmanshiel,P15,2024-02-25 14:06:35,2024-02-25 14:08:24,0.030278,0,0.0,no_bin_start
6009,penmanshiel,P15,2024-02-25 15:41:23,2024-02-25 15:43:12,0.030278,0,0.0,no_bin_start
6014,penmanshiel,P15,2024-03-23 20:00:03,2024-03-23 20:04:47,0.078889,0,0.0,no_bin_start
6040,penmanshiel,P15,2024-12-08 03:37:24,2024-12-08 03:38:10,0.012778,0,0.0,no_bin_start
6041,penmanshiel,P15,2024-12-08 03:44:58,2024-12-08 03:46:40,0.028333,0,0.0,no_bin_start
6043,penmanshiel,P15,2024-12-08 06:54:16,2024-12-08 06:55:58,0.028333,0,0.0,no_bin_start
6046,penmanshiel,P15,2024-12-08 07:40:16,2024-12-08 07:41:57,0.028056,0,0.0,no_bin_start
